<?xml version="1.0" encoding="US-ASCII" standalone="no"?>
<!--Created by Vintage Filings-->
<!--produced on 2013-03-29 @ 11:39 AM-->
<link:linkbase xmlns:cik1536256="http://www.unitedrealtytrust.com/20121231" xmlns:xbrldt="http://xbrl.org/2005/xbrldt" xmlns:xlink="http://www.w3.org/1999/xlink" xmlns:xsi="http://www.w3.org/2001/XMLSchema-instance" xsi:schemaLocation="http://www.xbrl.org/2003/linkbase http://www.xbrl.org/2003/xbrl-linkbase-2003-12-31.xsd" xmlns:link="http://www.xbrl.org/2003/linkbase">
  <link:roleRef roleURI="http://www.unitedrealtytrust.com/role/CapitalizationDetails" xlink:href="cik1536256-20121231.xsd#cik1536256-cd" xlink:type="simple" />
  <link:roleRef roleURI="http://www.unitedrealtytrust.com/role/Capitalization" xlink:href="cik1536256-20121231.xsd#cik1536256-c" xlink:type="simple" />
  <link:roleRef roleURI="http://www.unitedrealtytrust.com/role/ConsolidatedBalanceSheets" xlink:href="cik1536256-20121231.xsd#cik1536256-cbs" xlink:type="simple" />
  <link:roleRef roleURI="http://www.unitedrealtytrust.com/role/ConsolidatedBalanceSheetsParenthetical" xlink:href="cik1536256-20121231.xsd#cik1536256-cbsp" xlink:type="simple" />
  <link:roleRef roleURI="http://www.unitedrealtytrust.com/role/ConsolidatedStatementOfCashFlows" xlink:href="cik1536256-20121231.xsd#cik1536256-csocf" xlink:type="simple" />
  <link:roleRef roleURI="http://www.unitedrealtytrust.com/role/ConsolidatedStatementOfOperations" xlink:href="cik1536256-20121231.xsd#cik1536256-csoo" xlink:type="simple" />
  <link:roleRef roleURI="http://www.unitedrealtytrust.com/role/ConsolidatedStatementOfStockholdersEquity" xlink:href="cik1536256-20121231.xsd#cik1536256-csose" xlink:type="simple" />
  <link:roleRef roleURI="http://www.unitedrealtytrust.com/role/Distributions" xlink:href="cik1536256-20121231.xsd#cik1536256-d" xlink:type="simple" />
  <link:roleRef roleURI="http://www.unitedrealtytrust.com/role/DocumentAndEntityInformation" xlink:href="cik1536256-20121231.xsd#cik1536256-daei" xlink:type="simple" />
  <link:roleRef roleURI="http://www.unitedrealtytrust.com/role/EconomicDependency" xlink:href="cik1536256-20121231.xsd#cik1536256-ed" xlink:type="simple" />
  <link:roleRef roleURI="http://www.unitedrealtytrust.com/role/Organization" xlink:href="cik1536256-20121231.xsd#cik1536256-o" xlink:type="simple" />
  <link:roleRef roleURI="http://www.unitedrealtytrust.com/role/OrganizationDetails" xlink:href="cik1536256-20121231.xsd#cik1536256-od" xlink:type="simple" />
  <link:roleRef roleURI="http://www.unitedrealtytrust.com/role/RelatedPartyArrangements" xlink:href="cik1536256-20121231.xsd#cik1536256-rpa" xlink:type="simple" />
  <link:roleRef roleURI="http://www.unitedrealtytrust.com/role/RelatedPartyArrangementsDetails" xlink:href="cik1536256-20121231.xsd#cik1536256-rpad" xlink:type="simple" />
  <link:roleRef roleURI="http://www.unitedrealtytrust.com/role/SubsequentEvents" xlink:href="cik1536256-20121231.xsd#cik1536256-se1" xlink:type="simple" />
  <link:roleRef roleURI="http://www.unitedrealtytrust.com/role/SummaryOfSignificantAccountingPolicies" xlink:href="cik1536256-20121231.xsd#cik1536256-sosap" xlink:type="simple" />
  <link:roleRef roleURI="http://www.unitedrealtytrust.com/role/SummaryOfSignificantAccountingPoliciesDetails" xlink:href="cik1536256-20121231.xsd#cik1536256-sosapd1" xlink:type="simple" />
  <link:roleRef roleURI="http://www.unitedrealtytrust.com/role/SummaryOfSignificantAccountingPoliciesPolicies" xlink:href="cik1536256-20121231.xsd#cik1536256-sosapp1" xlink:type="simple" />
  <link:roleRef roleURI="http://www.unitedrealtytrust.com/role/SubsequentEventsDetails" xlink:href="cik1536256-20121231.xsd#cik1536256-sed" xlink:type="simple" />
  <link:calculationLink xlink:title="002 - Statement - CONSOLIDATED BALANCE SHEETS" xlink:role="http://www.unitedrealtytrust.com/role/ConsolidatedBalanceSheets" xlink:type="extended">
    <link:loc xlink:label="loc_Assets.5880.14.6" xlink:href="http://xbrl.fasb.org/us-gaap/2012/elts/us-gaap-2012-01-31.xsd#us-gaap_Assets" xlink:type="locator" />
    <link:loc xlink:label="loc_CashAndCashEquivalentsAtCarryingValue.6556.14.6" xlink:href="http://xbrl.fasb.org/us-gaap/2012/elts/us-gaap-2012-01-31.xsd#us-gaap_CashAndCashEquivalentsAtCarryingValue" xlink:type="locator" />
    <link:calculationArc xlink:from="loc_Assets.5880.14.6" xlink:to="loc_CashAndCashEquivalentsAtCarryingValue.6556.14.6" order="1.00000" weight="1.00" priority="0" use="optional" xlink:arcrole="http://www.xbrl.org/2003/arcrole/summation-item" xlink:type="arc" />
    <link:loc xlink:label="loc_Liabilities.11702.14.6" xlink:href="http://xbrl.fasb.org/us-gaap/2012/elts/us-gaap-2012-01-31.xsd#us-gaap_Liabilities" xlink:type="locator" />
    <link:loc xlink:label="loc_DueToAffiliateCurrentAndNoncurrent.8643.14.6" xlink:href="http://xbrl.fasb.org/us-gaap/2012/elts/us-gaap-2012-01-31.xsd#us-gaap_DueToAffiliateCurrentAndNoncurrent" xlink:type="locator" />
    <link:calculationArc xlink:from="loc_Liabilities.11702.14.6" xlink:to="loc_DueToAffiliateCurrentAndNoncurrent.8643.14.6" order="1.00000" weight="1.00" priority="0" use="optional" xlink:arcrole="http://www.xbrl.org/2003/arcrole/summation-item" xlink:type="arc" />
    <link:loc xlink:label="loc_AccountsPayableCurrentAndNoncurrent.5472.14.6" xlink:href="http://xbrl.fasb.org/us-gaap/2012/elts/us-gaap-2012-01-31.xsd#us-gaap_AccountsPayableCurrentAndNoncurrent" xlink:type="locator" />
    <link:calculationArc xlink:from="loc_Liabilities.11702.14.6" xlink:to="loc_AccountsPayableCurrentAndNoncurrent.5472.14.6" order="1.00000" weight="1.00" priority="0" use="optional" xlink:arcrole="http://www.xbrl.org/2003/arcrole/summation-item" xlink:type="arc" />
    <link:loc xlink:label="loc_LiabilitiesAndStockholdersEquity.11731.14.6" xlink:href="http://xbrl.fasb.org/us-gaap/2012/elts/us-gaap-2012-01-31.xsd#us-gaap_LiabilitiesAndStockholdersEquity" xlink:type="locator" />
    <link:calculationArc xlink:from="loc_LiabilitiesAndStockholdersEquity.11731.14.6" xlink:to="loc_Liabilities.11702.14.6" order="2.00000" weight="1.00" priority="0" use="optional" xlink:arcrole="http://www.xbrl.org/2003/arcrole/summation-item" xlink:type="arc" />
    <link:loc xlink:label="loc_StockholdersEquity.16667.14.6" xlink:href="http://xbrl.fasb.org/us-gaap/2012/elts/us-gaap-2012-01-31.xsd#us-gaap_StockholdersEquity" xlink:type="locator" />
    <link:calculationArc xlink:from="loc_LiabilitiesAndStockholdersEquity.11731.14.6" xlink:to="loc_StockholdersEquity.16667.14.6" order="1.00000" weight="1.00" priority="0" use="optional" xlink:arcrole="http://www.xbrl.org/2003/arcrole/summation-item" xlink:type="arc" />
    <link:loc xlink:label="loc_PreferredStockValue.14123.14.6" xlink:href="http://xbrl.fasb.org/us-gaap/2012/elts/us-gaap-2012-01-31.xsd#us-gaap_PreferredStockValue" xlink:type="locator" />
    <link:calculationArc xlink:from="loc_StockholdersEquity.16667.14.6" xlink:to="loc_PreferredStockValue.14123.14.6" order="1.00000" weight="1.00" priority="0" use="optional" xlink:arcrole="http://www.xbrl.org/2003/arcrole/summation-item" xlink:type="arc" />
    <link:loc xlink:label="loc_CommonStockValue.6874.14.6" xlink:href="http://xbrl.fasb.org/us-gaap/2012/elts/us-gaap-2012-01-31.xsd#us-gaap_CommonStockValue" xlink:type="locator" />
    <link:calculationArc xlink:from="loc_StockholdersEquity.16667.14.6" xlink:to="loc_CommonStockValue.6874.14.6" order="1.00000" weight="1.00" priority="0" use="optional" xlink:arcrole="http://www.xbrl.org/2003/arcrole/summation-item" xlink:type="arc" />
    <link:loc xlink:label="loc_AdditionalPaidInCapital.5620.14.6" xlink:href="http://xbrl.fasb.org/us-gaap/2012/elts/us-gaap-2012-01-31.xsd#us-gaap_AdditionalPaidInCapital" xlink:type="locator" />
    <link:calculationArc xlink:from="loc_StockholdersEquity.16667.14.6" xlink:to="loc_AdditionalPaidInCapital.5620.14.6" order="1.00000" weight="1.00" priority="0" use="optional" xlink:arcrole="http://www.xbrl.org/2003/arcrole/summation-item" xlink:type="arc" />
    <link:loc xlink:label="loc_RetainedEarningsAccumulatedDeficit.15457.14.6" xlink:href="http://xbrl.fasb.org/us-gaap/2012/elts/us-gaap-2012-01-31.xsd#us-gaap_RetainedEarningsAccumulatedDeficit" xlink:type="locator" />
    <link:calculationArc xlink:from="loc_StockholdersEquity.16667.14.6" xlink:to="loc_RetainedEarningsAccumulatedDeficit.15457.14.6" order="1.00000" weight="1.00" priority="0" use="optional" xlink:arcrole="http://www.xbrl.org/2003/arcrole/summation-item" xlink:type="arc" />
  </link:calculationLink>
  <link:calculationLink xlink:title="006 - Statement - CONSOLIDATED STATEMENT OF CASH FLOWS" xlink:role="http://www.unitedrealtytrust.com/role/ConsolidatedStatementOfCashFlows" xlink:type="extended">
    <link:loc xlink:label="loc_CashAndCashEquivalentsPeriodIncreaseDecrease.6589.14.6" xlink:href="http://xbrl.fasb.org/us-gaap/2012/elts/us-gaap-2012-01-31.xsd#us-gaap_CashAndCashEquivalentsPeriodIncreaseDecrease" xlink:type="locator" />
    <link:loc xlink:label="loc_NetCashProvidedByUsedInOperatingActivities.12778.14.6" xlink:href="http://xbrl.fasb.org/us-gaap/2012/elts/us-gaap-2012-01-31.xsd#us-gaap_NetCashProvidedByUsedInOperatingActivities" xlink:type="locator" />
    <link:calculationArc xlink:from="loc_CashAndCashEquivalentsPeriodIncreaseDecrease.6589.14.6" xlink:to="loc_NetCashProvidedByUsedInOperatingActivities.12778.14.6" order="1.00000" weight="1.00" priority="0" use="optional" xlink:arcrole="http://www.xbrl.org/2003/arcrole/summation-item" xlink:type="arc" />
    <link:loc xlink:label="loc_NetCashProvidedByUsedInFinancingActivities.12740.14.6" xlink:href="http://xbrl.fasb.org/us-gaap/2012/elts/us-gaap-2012-01-31.xsd#us-gaap_NetCashProvidedByUsedInFinancingActivities" xlink:type="locator" />
    <link:calculationArc xlink:from="loc_CashAndCashEquivalentsPeriodIncreaseDecrease.6589.14.6" xlink:to="loc_NetCashProvidedByUsedInFinancingActivities.12740.14.6" order="1.00000" weight="1.00" priority="0" use="optional" xlink:arcrole="http://www.xbrl.org/2003/arcrole/summation-item" xlink:type="arc" />
    <link:loc xlink:label="loc_ProceedsFromIssuanceOfCommonStock.14449.14.6" xlink:href="http://xbrl.fasb.org/us-gaap/2012/elts/us-gaap-2012-01-31.xsd#us-gaap_ProceedsFromIssuanceOfCommonStock" xlink:type="locator" />
    <link:calculationArc xlink:from="loc_NetCashProvidedByUsedInFinancingActivities.12740.14.6" xlink:to="loc_ProceedsFromIssuanceOfCommonStock.14449.14.6" order="1.00000" weight="1.00" priority="0" use="optional" xlink:arcrole="http://www.xbrl.org/2003/arcrole/summation-item" xlink:type="arc" />
    <link:loc xlink:label="loc_StockIssuedRegistrationExpense.82192.14.6" xlink:href="cik1536256-20121231.xsd#cik1536256_StockIssuedRegistrationExpense" xlink:type="locator" />
    <link:calculationArc xlink:from="loc_NetCashProvidedByUsedInFinancingActivities.12740.14.6" xlink:to="loc_StockIssuedRegistrationExpense.82192.14.6" order="1.00000" weight="-1.00" priority="0" use="optional" xlink:arcrole="http://www.xbrl.org/2003/arcrole/summation-item" xlink:type="arc" />
    <link:loc xlink:label="loc_NetIncomeLoss.12771.14.6" xlink:href="http://xbrl.fasb.org/us-gaap/2012/elts/us-gaap-2012-01-31.xsd#us-gaap_NetIncomeLoss" xlink:type="locator" />
    <link:calculationArc xlink:from="loc_NetCashProvidedByUsedInOperatingActivities.12778.14.6" xlink:to="loc_NetIncomeLoss.12771.14.6" order="1.00000" weight="1.00" priority="0" use="optional" xlink:arcrole="http://www.xbrl.org/2003/arcrole/summation-item" xlink:type="arc" />
    <link:loc xlink:label="loc_IncreaseDecreaseInAccountsPayable.10805.14.6" xlink:href="http://xbrl.fasb.org/us-gaap/2012/elts/us-gaap-2012-01-31.xsd#us-gaap_IncreaseDecreaseInAccountsPayable" xlink:type="locator" />
    <link:calculationArc xlink:from="loc_NetCashProvidedByUsedInOperatingActivities.12778.14.6" xlink:to="loc_IncreaseDecreaseInAccountsPayable.10805.14.6" order="1.00000" weight="1.00" priority="0" use="optional" xlink:arcrole="http://www.xbrl.org/2003/arcrole/summation-item" xlink:type="arc" />
    <link:loc xlink:label="loc_IncreaseDecreaseInDueToAffiliates.10821.14.6" xlink:href="http://xbrl.fasb.org/us-gaap/2012/elts/us-gaap-2012-01-31.xsd#us-gaap_IncreaseDecreaseInDueToAffiliates" xlink:type="locator" />
    <link:calculationArc xlink:from="loc_NetCashProvidedByUsedInOperatingActivities.12778.14.6" xlink:to="loc_IncreaseDecreaseInDueToAffiliates.10821.14.6" order="1.00000" weight="1.00" priority="0" use="optional" xlink:arcrole="http://www.xbrl.org/2003/arcrole/summation-item" xlink:type="arc" />
  </link:calculationLink>
  <link:calculationLink xlink:title="004 - Statement - CONSOLIDATED STATEMENT OF OPERATIONS" xlink:role="http://www.unitedrealtytrust.com/role/ConsolidatedStatementOfOperations" xlink:type="extended">
    <link:loc xlink:label="loc_NetIncomeLoss.12771.14.6" xlink:href="http://xbrl.fasb.org/us-gaap/2012/elts/us-gaap-2012-01-31.xsd#us-gaap_NetIncomeLoss" xlink:type="locator" />
    <link:loc xlink:label="loc_OperatingExpenses.13060.14.6" xlink:href="http://xbrl.fasb.org/us-gaap/2012/elts/us-gaap-2012-01-31.xsd#us-gaap_OperatingExpenses" xlink:type="locator" />
    <link:calculationArc xlink:from="loc_NetIncomeLoss.12771.14.6" xlink:to="loc_OperatingExpenses.13060.14.6" order="1.00000" weight="-1.00" priority="0" use="optional" xlink:arcrole="http://www.xbrl.org/2003/arcrole/summation-item" xlink:type="arc" />
    <link:loc xlink:label="loc_GeneralAndAdministrativeExpense.10284.14.6" xlink:href="http://xbrl.fasb.org/us-gaap/2012/elts/us-gaap-2012-01-31.xsd#us-gaap_GeneralAndAdministrativeExpense" xlink:type="locator" />
    <link:calculationArc xlink:from="loc_OperatingExpenses.13060.14.6" xlink:to="loc_GeneralAndAdministrativeExpense.10284.14.6" order="1.00000" weight="1.00" priority="0" use="optional" xlink:arcrole="http://www.xbrl.org/2003/arcrole/summation-item" xlink:type="arc" />
    <link:loc xlink:label="loc_OperatingCostsAndExpenses.13099.14.6" xlink:href="http://xbrl.fasb.org/us-gaap/2012/elts/us-gaap-2012-01-31.xsd#us-gaap_OperatingCostsAndExpenses" xlink:type="locator" />
    <link:calculationArc xlink:from="loc_OperatingExpenses.13060.14.6" xlink:to="loc_OperatingCostsAndExpenses.13099.14.6" order="1.00000" weight="1.00" priority="0" use="optional" xlink:arcrole="http://www.xbrl.org/2003/arcrole/summation-item" xlink:type="arc" />
  </link:calculationLink>
</link:linkbase>
