<?xml version="1.0" encoding="US-ASCII" standalone="no"?>
<!--Created by Vintage Filings-->
<!--produced on 2013-03-29 @ 11:39 AM-->
<link:linkbase xmlns:cik1536256="http://www.unitedrealtytrust.com/20121231" xmlns:xbrldt="http://xbrl.org/2005/xbrldt" xmlns:xlink="http://www.w3.org/1999/xlink" xmlns:xsi="http://www.w3.org/2001/XMLSchema-instance" xsi:schemaLocation="http://www.xbrl.org/2003/linkbase http://www.xbrl.org/2003/xbrl-linkbase-2003-12-31.xsd" xmlns:link="http://www.xbrl.org/2003/linkbase">
  <link:roleRef roleURI="http://www.unitedrealtytrust.com/role/CapitalizationDetails" xlink:href="cik1536256-20121231.xsd#cik1536256-cd" xlink:type="simple" />
  <link:roleRef roleURI="http://www.unitedrealtytrust.com/role/Capitalization" xlink:href="cik1536256-20121231.xsd#cik1536256-c" xlink:type="simple" />
  <link:roleRef roleURI="http://www.unitedrealtytrust.com/role/ConsolidatedBalanceSheets" xlink:href="cik1536256-20121231.xsd#cik1536256-cbs" xlink:type="simple" />
  <link:roleRef roleURI="http://www.unitedrealtytrust.com/role/ConsolidatedBalanceSheetsParenthetical" xlink:href="cik1536256-20121231.xsd#cik1536256-cbsp" xlink:type="simple" />
  <link:roleRef roleURI="http://www.unitedrealtytrust.com/role/ConsolidatedStatementOfCashFlows" xlink:href="cik1536256-20121231.xsd#cik1536256-csocf" xlink:type="simple" />
  <link:roleRef roleURI="http://www.unitedrealtytrust.com/role/ConsolidatedStatementOfOperations" xlink:href="cik1536256-20121231.xsd#cik1536256-csoo" xlink:type="simple" />
  <link:roleRef roleURI="http://www.unitedrealtytrust.com/role/ConsolidatedStatementOfStockholdersEquity" xlink:href="cik1536256-20121231.xsd#cik1536256-csose" xlink:type="simple" />
  <link:roleRef roleURI="http://www.unitedrealtytrust.com/role/Distributions" xlink:href="cik1536256-20121231.xsd#cik1536256-d" xlink:type="simple" />
  <link:roleRef roleURI="http://www.unitedrealtytrust.com/role/DocumentAndEntityInformation" xlink:href="cik1536256-20121231.xsd#cik1536256-daei" xlink:type="simple" />
  <link:roleRef roleURI="http://www.unitedrealtytrust.com/role/EconomicDependency" xlink:href="cik1536256-20121231.xsd#cik1536256-ed" xlink:type="simple" />
  <link:roleRef roleURI="http://www.unitedrealtytrust.com/role/Organization" xlink:href="cik1536256-20121231.xsd#cik1536256-o" xlink:type="simple" />
  <link:roleRef roleURI="http://www.unitedrealtytrust.com/role/OrganizationDetails" xlink:href="cik1536256-20121231.xsd#cik1536256-od" xlink:type="simple" />
  <link:roleRef roleURI="http://www.unitedrealtytrust.com/role/RelatedPartyArrangements" xlink:href="cik1536256-20121231.xsd#cik1536256-rpa" xlink:type="simple" />
  <link:roleRef roleURI="http://www.unitedrealtytrust.com/role/RelatedPartyArrangementsDetails" xlink:href="cik1536256-20121231.xsd#cik1536256-rpad" xlink:type="simple" />
  <link:roleRef roleURI="http://www.unitedrealtytrust.com/role/SubsequentEvents" xlink:href="cik1536256-20121231.xsd#cik1536256-se1" xlink:type="simple" />
  <link:roleRef roleURI="http://www.unitedrealtytrust.com/role/SummaryOfSignificantAccountingPolicies" xlink:href="cik1536256-20121231.xsd#cik1536256-sosap" xlink:type="simple" />
  <link:roleRef roleURI="http://www.unitedrealtytrust.com/role/SummaryOfSignificantAccountingPoliciesDetails" xlink:href="cik1536256-20121231.xsd#cik1536256-sosapd1" xlink:type="simple" />
  <link:roleRef roleURI="http://www.unitedrealtytrust.com/role/SummaryOfSignificantAccountingPoliciesPolicies" xlink:href="cik1536256-20121231.xsd#cik1536256-sosapp1" xlink:type="simple" />
  <link:roleRef roleURI="http://www.unitedrealtytrust.com/role/SubsequentEventsDetails" xlink:href="cik1536256-20121231.xsd#cik1536256-sed" xlink:type="simple" />
  <link:arcroleRef arcroleURI="http://xbrl.org/int/dim/arcrole/all" xlink:href="http://www.xbrl.org/2005/xbrldt-2005.xsd#all" xlink:type="simple" />
  <link:arcroleRef arcroleURI="http://xbrl.org/int/dim/arcrole/notAll" xlink:href="http://www.xbrl.org/2005/xbrldt-2005.xsd#notAll" xlink:type="simple" />
  <link:arcroleRef arcroleURI="http://xbrl.org/int/dim/arcrole/hypercube-dimension" xlink:href="http://www.xbrl.org/2005/xbrldt-2005.xsd#hypercube-dimension" xlink:type="simple" />
  <link:arcroleRef arcroleURI="http://xbrl.org/int/dim/arcrole/dimension-domain" xlink:href="http://www.xbrl.org/2005/xbrldt-2005.xsd#dimension-domain" xlink:type="simple" />
  <link:arcroleRef arcroleURI="http://xbrl.org/int/dim/arcrole/domain-member" xlink:href="http://www.xbrl.org/2005/xbrldt-2005.xsd#domain-member" xlink:type="simple" />
  <link:arcroleRef arcroleURI="http://xbrl.org/int/dim/arcrole/dimension-default" xlink:href="http://www.xbrl.org/2005/xbrldt-2005.xsd#dimension-default" xlink:type="simple" />
  <link:definitionLink xlink:title="40301 - Disclosure - Capitalization (Details)" xlink:role="http://www.unitedrealtytrust.com/role/CapitalizationDetails" xlink:type="extended">
    <link:loc xlink:label="loc_RelatedPartyDomain.4349.7.6" xlink:href="http://xbrl.fasb.org/us-gaap/2012/elts/us-gaap-2012-01-31.xsd#us-gaap_RelatedPartyDomain" xlink:type="locator" />
    <link:loc xlink:label="loc_UnitedRealtyAdvisorHoldingsLlcMember.80474.7.6" xlink:href="cik1536256-20121231.xsd#cik1536256_UnitedRealtyAdvisorHoldingsLlcMember" xlink:type="locator" />
    <link:definitionArc xlink:from="loc_RelatedPartyDomain.4349.7.6" xlink:to="loc_UnitedRealtyAdvisorHoldingsLlcMember.80474.7.6" order="1.00000" priority="0" use="optional" xlink:arcrole="http://xbrl.org/int/dim/arcrole/domain-member" xlink:type="arc" />
    <link:loc xlink:label="loc_UnitedRealtyPartnersLlcMember.80475.7.6" xlink:href="cik1536256-20121231.xsd#cik1536256_UnitedRealtyPartnersLlcMember" xlink:type="locator" />
    <link:definitionArc xlink:from="loc_RelatedPartyDomain.4349.7.6" xlink:to="loc_UnitedRealtyPartnersLlcMember.80475.7.6" order="2.00000" priority="0" use="optional" xlink:arcrole="http://xbrl.org/int/dim/arcrole/domain-member" xlink:type="arc" />
    <link:loc xlink:label="loc_RelatedPartyTransactionsByRelatedPartyAxis.4351.6.6" xlink:href="http://xbrl.fasb.org/us-gaap/2012/elts/us-gaap-2012-01-31.xsd#us-gaap_RelatedPartyTransactionsByRelatedPartyAxis" xlink:type="locator" />
    <link:loc xlink:label="loc_RelatedPartyDomain.4349.6.6" xlink:href="http://xbrl.fasb.org/us-gaap/2012/elts/us-gaap-2012-01-31.xsd#us-gaap_RelatedPartyDomain" xlink:type="locator" />
    <link:definitionArc xlink:from="loc_RelatedPartyTransactionsByRelatedPartyAxis.4351.6.6" xlink:to="loc_RelatedPartyDomain.4349.6.6" order="1.00000" priority="0" use="optional" xlink:arcrole="http://xbrl.org/int/dim/arcrole/dimension-domain" xlink:type="arc" />
    <link:loc xlink:label="loc_RelatedPartyTransactionsByRelatedPartyAxis.4351.8.6" xlink:href="http://xbrl.fasb.org/us-gaap/2012/elts/us-gaap-2012-01-31.xsd#us-gaap_RelatedPartyTransactionsByRelatedPartyAxis" xlink:type="locator" />
    <link:loc xlink:label="loc_RelatedPartyDomain.4349.8.6" xlink:href="http://xbrl.fasb.org/us-gaap/2012/elts/us-gaap-2012-01-31.xsd#us-gaap_RelatedPartyDomain" xlink:type="locator" />
    <link:definitionArc xlink:from="loc_RelatedPartyTransactionsByRelatedPartyAxis.4351.8.6" xlink:to="loc_RelatedPartyDomain.4349.8.6" order="1.00000" priority="0" use="optional" xlink:arcrole="http://xbrl.org/int/dim/arcrole/dimension-default" xlink:type="arc" />
    <link:loc xlink:label="loc_SaleOfStockNameOfTransactionDomain.4530.7.6" xlink:href="http://xbrl.fasb.org/us-gaap/2012/elts/us-gaap-2012-01-31.xsd#us-gaap_SaleOfStockNameOfTransactionDomain" xlink:type="locator" />
    <link:loc xlink:label="loc_DistributionReinvestmentProgramMember.80401.7.6" xlink:href="cik1536256-20121231.xsd#cik1536256_DistributionReinvestmentProgramMember" xlink:type="locator" />
    <link:definitionArc xlink:from="loc_SaleOfStockNameOfTransactionDomain.4530.7.6" xlink:to="loc_DistributionReinvestmentProgramMember.80401.7.6" order="1.00000" priority="0" use="optional" xlink:arcrole="http://xbrl.org/int/dim/arcrole/domain-member" xlink:type="arc" />
    <link:loc xlink:label="loc_ScheduleOfCapitalizationLineItems.4594.9.6" xlink:href="http://xbrl.fasb.org/us-gaap/2012/elts/us-gaap-2012-01-31.xsd#us-gaap_ScheduleOfCapitalizationLineItems" xlink:type="locator" />
    <link:loc xlink:label="loc_ScheduleOfCapitalizationTable.4705.9.6" xlink:href="http://xbrl.fasb.org/us-gaap/2012/elts/us-gaap-2012-01-31.xsd#us-gaap_ScheduleOfCapitalizationTable" xlink:type="locator" />
    <link:definitionArc xlink:from="loc_ScheduleOfCapitalizationLineItems.4594.9.6" xlink:to="loc_ScheduleOfCapitalizationTable.4705.9.6" order="1.00000" xbrldt:closed="true" xbrldt:contextElement="segment" priority="0" use="optional" xlink:arcrole="http://xbrl.org/int/dim/arcrole/all" xlink:type="arc" />
    <link:loc xlink:label="loc_ScheduleOfCapitalizationLineItems.4594.7.6" xlink:href="http://xbrl.fasb.org/us-gaap/2012/elts/us-gaap-2012-01-31.xsd#us-gaap_ScheduleOfCapitalizationLineItems" xlink:type="locator" />
    <link:loc xlink:label="loc_CommonStockSharesAuthorized.6879.7.6" xlink:href="http://xbrl.fasb.org/us-gaap/2012/elts/us-gaap-2012-01-31.xsd#us-gaap_CommonStockSharesAuthorized" xlink:type="locator" />
    <link:definitionArc xlink:from="loc_ScheduleOfCapitalizationLineItems.4594.7.6" xlink:to="loc_CommonStockSharesAuthorized.6879.7.6" order="1.00000" priority="0" use="optional" xlink:arcrole="http://xbrl.org/int/dim/arcrole/domain-member" xlink:type="arc" />
    <link:loc xlink:label="loc_PreferredStockSharesAuthorized.14124.7.6" xlink:href="http://xbrl.fasb.org/us-gaap/2012/elts/us-gaap-2012-01-31.xsd#us-gaap_PreferredStockSharesAuthorized" xlink:type="locator" />
    <link:definitionArc xlink:from="loc_ScheduleOfCapitalizationLineItems.4594.7.6" xlink:to="loc_PreferredStockSharesAuthorized.14124.7.6" order="2.00000" priority="0" use="optional" xlink:arcrole="http://xbrl.org/int/dim/arcrole/domain-member" xlink:type="arc" />
    <link:loc xlink:label="loc_CommonStockParOrStatedValuePerShare.6878.7.6" xlink:href="http://xbrl.fasb.org/us-gaap/2012/elts/us-gaap-2012-01-31.xsd#us-gaap_CommonStockParOrStatedValuePerShare" xlink:type="locator" />
    <link:definitionArc xlink:from="loc_ScheduleOfCapitalizationLineItems.4594.7.6" xlink:to="loc_CommonStockParOrStatedValuePerShare.6878.7.6" order="3.00000" priority="0" use="optional" xlink:arcrole="http://xbrl.org/int/dim/arcrole/domain-member" xlink:type="arc" />
    <link:loc xlink:label="loc_PreferredStockPercentPayout.80444.7.6" xlink:href="cik1536256-20121231.xsd#cik1536256_PreferredStockPercentPayout" xlink:type="locator" />
    <link:definitionArc xlink:from="loc_ScheduleOfCapitalizationLineItems.4594.7.6" xlink:to="loc_PreferredStockPercentPayout.80444.7.6" order="6.00000" priority="0" use="optional" xlink:arcrole="http://xbrl.org/int/dim/arcrole/domain-member" xlink:type="arc" />
    <link:loc xlink:label="loc_StockIssuedDuringPeriodSharesNewIssues.16628.7.6" xlink:href="http://xbrl.fasb.org/us-gaap/2012/elts/us-gaap-2012-01-31.xsd#us-gaap_StockIssuedDuringPeriodSharesNewIssues" xlink:type="locator" />
    <link:definitionArc xlink:from="loc_ScheduleOfCapitalizationLineItems.4594.7.6" xlink:to="loc_StockIssuedDuringPeriodSharesNewIssues.16628.7.6" order="4.00000" priority="0" use="optional" xlink:arcrole="http://xbrl.org/int/dim/arcrole/domain-member" xlink:type="arc" />
    <link:loc xlink:label="loc_StockIssuedDuringPeriodValueNewIssues.16603.7.6" xlink:href="http://xbrl.fasb.org/us-gaap/2012/elts/us-gaap-2012-01-31.xsd#us-gaap_StockIssuedDuringPeriodValueNewIssues" xlink:type="locator" />
    <link:definitionArc xlink:from="loc_ScheduleOfCapitalizationLineItems.4594.7.6" xlink:to="loc_StockIssuedDuringPeriodValueNewIssues.16603.7.6" order="5.00000" priority="0" use="optional" xlink:arcrole="http://xbrl.org/int/dim/arcrole/domain-member" xlink:type="arc" />
    <link:loc xlink:label="loc_CommonStockAuthorizedForOffering.80391.7.6" xlink:href="cik1536256-20121231.xsd#cik1536256_CommonStockAuthorizedForOffering" xlink:type="locator" />
    <link:definitionArc xlink:from="loc_ScheduleOfCapitalizationLineItems.4594.7.6" xlink:to="loc_CommonStockAuthorizedForOffering.80391.7.6" order="8.00000" priority="0" use="optional" xlink:arcrole="http://xbrl.org/int/dim/arcrole/domain-member" xlink:type="arc" />
    <link:loc xlink:label="loc_UnitsIssuedToCompany.80476.7.6" xlink:href="cik1536256-20121231.xsd#cik1536256_UnitsIssuedToCompany" xlink:type="locator" />
    <link:definitionArc xlink:from="loc_ScheduleOfCapitalizationLineItems.4594.7.6" xlink:to="loc_UnitsIssuedToCompany.80476.7.6" order="9.00000" priority="0" use="optional" xlink:arcrole="http://xbrl.org/int/dim/arcrole/domain-member" xlink:type="arc" />
    <link:loc xlink:label="loc_SaleOfStockPricePerShare.15652.7.6" xlink:href="http://xbrl.fasb.org/us-gaap/2012/elts/us-gaap-2012-01-31.xsd#us-gaap_SaleOfStockPricePerShare" xlink:type="locator" />
    <link:definitionArc xlink:from="loc_ScheduleOfCapitalizationLineItems.4594.7.6" xlink:to="loc_SaleOfStockPricePerShare.15652.7.6" order="10.00000" priority="0" use="optional" xlink:arcrole="http://xbrl.org/int/dim/arcrole/domain-member" xlink:type="arc" />
    <link:loc xlink:label="loc_ScheduleOfCapitalizationTable.4705.5.6" xlink:href="http://xbrl.fasb.org/us-gaap/2012/elts/us-gaap-2012-01-31.xsd#us-gaap_ScheduleOfCapitalizationTable" xlink:type="locator" />
    <link:loc xlink:label="loc_SubsidiarySaleOfStockAxis.5016.5.6" xlink:href="http://xbrl.fasb.org/us-gaap/2012/elts/us-gaap-2012-01-31.xsd#us-gaap_SubsidiarySaleOfStockAxis" xlink:type="locator" />
    <link:definitionArc xlink:from="loc_ScheduleOfCapitalizationTable.4705.5.6" xlink:to="loc_SubsidiarySaleOfStockAxis.5016.5.6" order="1.50000" priority="0" use="optional" xlink:arcrole="http://xbrl.org/int/dim/arcrole/hypercube-dimension" xlink:type="arc" />
    <link:loc xlink:label="loc_RelatedPartyTransactionsByRelatedPartyAxis.4351.5.6" xlink:href="http://xbrl.fasb.org/us-gaap/2012/elts/us-gaap-2012-01-31.xsd#us-gaap_RelatedPartyTransactionsByRelatedPartyAxis" xlink:type="locator" />
    <link:definitionArc xlink:from="loc_ScheduleOfCapitalizationTable.4705.5.6" xlink:to="loc_RelatedPartyTransactionsByRelatedPartyAxis.4351.5.6" order="1.75000" priority="0" use="optional" xlink:arcrole="http://xbrl.org/int/dim/arcrole/hypercube-dimension" xlink:type="arc" />
    <link:loc xlink:label="loc_SubsidiarySaleOfStockAxis.5016.6.6" xlink:href="http://xbrl.fasb.org/us-gaap/2012/elts/us-gaap-2012-01-31.xsd#us-gaap_SubsidiarySaleOfStockAxis" xlink:type="locator" />
    <link:loc xlink:label="loc_SaleOfStockNameOfTransactionDomain.4530.6.6" xlink:href="http://xbrl.fasb.org/us-gaap/2012/elts/us-gaap-2012-01-31.xsd#us-gaap_SaleOfStockNameOfTransactionDomain" xlink:type="locator" />
    <link:definitionArc xlink:from="loc_SubsidiarySaleOfStockAxis.5016.6.6" xlink:to="loc_SaleOfStockNameOfTransactionDomain.4530.6.6" order="1.00000" priority="0" use="optional" xlink:arcrole="http://xbrl.org/int/dim/arcrole/dimension-domain" xlink:type="arc" />
    <link:loc xlink:label="loc_SubsidiarySaleOfStockAxis.5016.8.6" xlink:href="http://xbrl.fasb.org/us-gaap/2012/elts/us-gaap-2012-01-31.xsd#us-gaap_SubsidiarySaleOfStockAxis" xlink:type="locator" />
    <link:loc xlink:label="loc_SaleOfStockNameOfTransactionDomain.4530.8.6" xlink:href="http://xbrl.fasb.org/us-gaap/2012/elts/us-gaap-2012-01-31.xsd#us-gaap_SaleOfStockNameOfTransactionDomain" xlink:type="locator" />
    <link:definitionArc xlink:from="loc_SubsidiarySaleOfStockAxis.5016.8.6" xlink:to="loc_SaleOfStockNameOfTransactionDomain.4530.8.6" order="1.00000" priority="0" use="optional" xlink:arcrole="http://xbrl.org/int/dim/arcrole/dimension-default" xlink:type="arc" />
  </link:definitionLink>
  <link:definitionLink xlink:title="005 - Statement - CONSOLIDATED STATEMENT OF STOCKHOLDER'S EQUITY" xlink:role="http://www.unitedrealtytrust.com/role/ConsolidatedStatementOfStockholdersEquity" xlink:type="extended">
    <link:loc xlink:label="loc_EquityComponentDomain.1773.7.6" xlink:href="http://xbrl.fasb.org/us-gaap/2012/elts/us-gaap-2012-01-31.xsd#us-gaap_EquityComponentDomain" xlink:type="locator" />
    <link:loc xlink:label="loc_AdditionalPaidInCapitalMember.461.7.6" xlink:href="http://xbrl.fasb.org/us-gaap/2012/elts/us-gaap-2012-01-31.xsd#us-gaap_AdditionalPaidInCapitalMember" xlink:type="locator" />
    <link:definitionArc xlink:from="loc_EquityComponentDomain.1773.7.6" xlink:to="loc_AdditionalPaidInCapitalMember.461.7.6" order="2.00000" priority="0" use="optional" xlink:arcrole="http://xbrl.org/int/dim/arcrole/domain-member" xlink:type="arc" />
    <link:loc xlink:label="loc_RetainedEarningsMember.4458.7.6" xlink:href="http://xbrl.fasb.org/us-gaap/2012/elts/us-gaap-2012-01-31.xsd#us-gaap_RetainedEarningsMember" xlink:type="locator" />
    <link:definitionArc xlink:from="loc_EquityComponentDomain.1773.7.6" xlink:to="loc_RetainedEarningsMember.4458.7.6" order="3.00000" priority="0" use="optional" xlink:arcrole="http://xbrl.org/int/dim/arcrole/domain-member" xlink:type="arc" />
    <link:loc xlink:label="loc_CommonStockMember.1033.7.6" xlink:href="http://xbrl.fasb.org/us-gaap/2012/elts/us-gaap-2012-01-31.xsd#us-gaap_CommonStockMember" xlink:type="locator" />
    <link:definitionArc xlink:from="loc_EquityComponentDomain.1773.7.6" xlink:to="loc_CommonStockMember.1033.7.6" order="1.50000" priority="0" use="optional" xlink:arcrole="http://xbrl.org/int/dim/arcrole/domain-member" xlink:type="arc" />
    <link:loc xlink:label="loc_PreferredStockMember.3939.7.6" xlink:href="http://xbrl.fasb.org/us-gaap/2012/elts/us-gaap-2012-01-31.xsd#us-gaap_PreferredStockMember" xlink:type="locator" />
    <link:definitionArc xlink:from="loc_EquityComponentDomain.1773.7.6" xlink:to="loc_PreferredStockMember.3939.7.6" order="1.75000" priority="0" use="optional" xlink:arcrole="http://xbrl.org/int/dim/arcrole/domain-member" xlink:type="arc" />
    <link:loc xlink:label="loc_StatementTable.4950.5.6" xlink:href="http://xbrl.fasb.org/us-gaap/2012/elts/us-gaap-2012-01-31.xsd#us-gaap_StatementTable" xlink:type="locator" />
    <link:loc xlink:label="loc_StatementEquityComponentsAxis.4957.5.6" xlink:href="http://xbrl.fasb.org/us-gaap/2012/elts/us-gaap-2012-01-31.xsd#us-gaap_StatementEquityComponentsAxis" xlink:type="locator" />
    <link:definitionArc xlink:from="loc_StatementTable.4950.5.6" xlink:to="loc_StatementEquityComponentsAxis.4957.5.6" order="1.00000" priority="0" use="optional" xlink:arcrole="http://xbrl.org/int/dim/arcrole/hypercube-dimension" xlink:type="arc" />
    <link:loc xlink:label="loc_StatementLineItems.4952.9.6" xlink:href="http://xbrl.fasb.org/us-gaap/2012/elts/us-gaap-2012-01-31.xsd#us-gaap_StatementLineItems" xlink:type="locator" />
    <link:loc xlink:label="loc_StatementTable.4950.9.6" xlink:href="http://xbrl.fasb.org/us-gaap/2012/elts/us-gaap-2012-01-31.xsd#us-gaap_StatementTable" xlink:type="locator" />
    <link:definitionArc xlink:from="loc_StatementLineItems.4952.9.6" xlink:to="loc_StatementTable.4950.9.6" order="1.00000" xbrldt:closed="true" xbrldt:contextElement="segment" priority="0" use="optional" xlink:arcrole="http://xbrl.org/int/dim/arcrole/all" xlink:type="arc" />
    <link:loc xlink:label="loc_StatementLineItems.4952.7.6" xlink:href="http://xbrl.fasb.org/us-gaap/2012/elts/us-gaap-2012-01-31.xsd#us-gaap_StatementLineItems" xlink:type="locator" />
    <link:loc xlink:label="loc_StockholdersEquity.16667.7.6" xlink:href="http://xbrl.fasb.org/us-gaap/2012/elts/us-gaap-2012-01-31.xsd#us-gaap_StockholdersEquity" xlink:type="locator" />
    <link:definitionArc xlink:from="loc_StatementLineItems.4952.7.6" xlink:to="loc_StockholdersEquity.16667.7.6" order="1.00000" priority="0" use="optional" xlink:arcrole="http://xbrl.org/int/dim/arcrole/domain-member" xlink:type="arc" />
    <link:loc xlink:label="loc_SharesIssued.16409.7.6" xlink:href="http://xbrl.fasb.org/us-gaap/2012/elts/us-gaap-2012-01-31.xsd#us-gaap_SharesIssued" xlink:type="locator" />
    <link:definitionArc xlink:from="loc_StatementLineItems.4952.7.6" xlink:to="loc_SharesIssued.16409.7.6" order="2.00000" priority="0" use="optional" xlink:arcrole="http://xbrl.org/int/dim/arcrole/domain-member" xlink:type="arc" />
    <link:loc xlink:label="loc_NetIncomeLoss.12771.7.6" xlink:href="http://xbrl.fasb.org/us-gaap/2012/elts/us-gaap-2012-01-31.xsd#us-gaap_NetIncomeLoss" xlink:type="locator" />
    <link:definitionArc xlink:from="loc_StatementLineItems.4952.7.6" xlink:to="loc_NetIncomeLoss.12771.7.6" order="4.00000" priority="0" use="optional" xlink:arcrole="http://xbrl.org/int/dim/arcrole/domain-member" xlink:type="arc" />
    <link:loc xlink:label="loc_StockIssuedDuringPeriodValueNewIssues.16603.7.6" xlink:href="http://xbrl.fasb.org/us-gaap/2012/elts/us-gaap-2012-01-31.xsd#us-gaap_StockIssuedDuringPeriodValueNewIssues" xlink:type="locator" />
    <link:definitionArc xlink:from="loc_StatementLineItems.4952.7.6" xlink:to="loc_StockIssuedDuringPeriodValueNewIssues.16603.7.6" order="3.00000" priority="0" use="optional" xlink:arcrole="http://xbrl.org/int/dim/arcrole/domain-member" xlink:type="arc" />
    <link:loc xlink:label="loc_StockIssuedDuringPeriodSharesNewIssues.16628.7.6" xlink:href="http://xbrl.fasb.org/us-gaap/2012/elts/us-gaap-2012-01-31.xsd#us-gaap_StockIssuedDuringPeriodSharesNewIssues" xlink:type="locator" />
    <link:definitionArc xlink:from="loc_StatementLineItems.4952.7.6" xlink:to="loc_StockIssuedDuringPeriodSharesNewIssues.16628.7.6" order="3.50000" priority="0" use="optional" xlink:arcrole="http://xbrl.org/int/dim/arcrole/domain-member" xlink:type="arc" />
    <link:loc xlink:label="loc_StockIssuedRegistrationExpense.82192.7.6" xlink:href="cik1536256-20121231.xsd#cik1536256_StockIssuedRegistrationExpense" xlink:type="locator" />
    <link:definitionArc xlink:from="loc_StatementLineItems.4952.7.6" xlink:to="loc_StockIssuedRegistrationExpense.82192.7.6" order="3.87500" priority="0" use="optional" xlink:arcrole="http://xbrl.org/int/dim/arcrole/domain-member" xlink:type="arc" />
    <link:loc xlink:label="loc_StatementEquityComponentsAxis.4957.6.6" xlink:href="http://xbrl.fasb.org/us-gaap/2012/elts/us-gaap-2012-01-31.xsd#us-gaap_StatementEquityComponentsAxis" xlink:type="locator" />
    <link:loc xlink:label="loc_EquityComponentDomain.1773.6.6" xlink:href="http://xbrl.fasb.org/us-gaap/2012/elts/us-gaap-2012-01-31.xsd#us-gaap_EquityComponentDomain" xlink:type="locator" />
    <link:definitionArc xlink:from="loc_StatementEquityComponentsAxis.4957.6.6" xlink:to="loc_EquityComponentDomain.1773.6.6" order="1.00000" priority="0" use="optional" xlink:arcrole="http://xbrl.org/int/dim/arcrole/dimension-domain" xlink:type="arc" />
    <link:loc xlink:label="loc_StatementEquityComponentsAxis.4957.8.6" xlink:href="http://xbrl.fasb.org/us-gaap/2012/elts/us-gaap-2012-01-31.xsd#us-gaap_StatementEquityComponentsAxis" xlink:type="locator" />
    <link:loc xlink:label="loc_EquityComponentDomain.1773.8.6" xlink:href="http://xbrl.fasb.org/us-gaap/2012/elts/us-gaap-2012-01-31.xsd#us-gaap_EquityComponentDomain" xlink:type="locator" />
    <link:definitionArc xlink:from="loc_StatementEquityComponentsAxis.4957.8.6" xlink:to="loc_EquityComponentDomain.1773.8.6" order="1.00000" priority="0" use="optional" xlink:arcrole="http://xbrl.org/int/dim/arcrole/dimension-default" xlink:type="arc" />
  </link:definitionLink>
  <link:definitionLink xlink:title="40101 - Disclosure - Organization (Details)" xlink:role="http://www.unitedrealtytrust.com/role/OrganizationDetails" xlink:type="extended">
    <link:loc xlink:label="loc_RangeAxis.4187.8.6" xlink:href="http://xbrl.fasb.org/us-gaap/2012/elts/us-gaap-2012-01-31.xsd#us-gaap_RangeAxis" xlink:type="locator" />
    <link:loc xlink:label="loc_RangeMember.4188.8.6" xlink:href="http://xbrl.fasb.org/us-gaap/2012/elts/us-gaap-2012-01-31.xsd#us-gaap_RangeMember" xlink:type="locator" />
    <link:definitionArc xlink:from="loc_RangeAxis.4187.8.6" xlink:to="loc_RangeMember.4188.8.6" order="1.00000" priority="0" use="optional" xlink:arcrole="http://xbrl.org/int/dim/arcrole/dimension-default" xlink:type="arc" />
    <link:loc xlink:label="loc_RangeAxis.4187.6.6" xlink:href="http://xbrl.fasb.org/us-gaap/2012/elts/us-gaap-2012-01-31.xsd#us-gaap_RangeAxis" xlink:type="locator" />
    <link:loc xlink:label="loc_RangeMember.4188.6.6" xlink:href="http://xbrl.fasb.org/us-gaap/2012/elts/us-gaap-2012-01-31.xsd#us-gaap_RangeMember" xlink:type="locator" />
    <link:definitionArc xlink:from="loc_RangeAxis.4187.6.6" xlink:to="loc_RangeMember.4188.6.6" order="1.00000" priority="0" use="optional" xlink:arcrole="http://xbrl.org/int/dim/arcrole/dimension-domain" xlink:type="arc" />
    <link:loc xlink:label="loc_RangeMember.4188.7.6" xlink:href="http://xbrl.fasb.org/us-gaap/2012/elts/us-gaap-2012-01-31.xsd#us-gaap_RangeMember" xlink:type="locator" />
    <link:loc xlink:label="loc_MinimumMember.3248.7.6" xlink:href="http://xbrl.fasb.org/us-gaap/2012/elts/us-gaap-2012-01-31.xsd#us-gaap_MinimumMember" xlink:type="locator" />
    <link:definitionArc xlink:from="loc_RangeMember.4188.7.6" xlink:to="loc_MinimumMember.3248.7.6" order="1.00000" priority="0" use="optional" xlink:arcrole="http://xbrl.org/int/dim/arcrole/domain-member" xlink:type="arc" />
    <link:loc xlink:label="loc_MaximumMember.3241.7.6" xlink:href="http://xbrl.fasb.org/us-gaap/2012/elts/us-gaap-2012-01-31.xsd#us-gaap_MaximumMember" xlink:type="locator" />
    <link:definitionArc xlink:from="loc_RangeMember.4188.7.6" xlink:to="loc_MaximumMember.3241.7.6" order="2.00000" priority="0" use="optional" xlink:arcrole="http://xbrl.org/int/dim/arcrole/domain-member" xlink:type="arc" />
    <link:loc xlink:label="loc_RelatedPartyDomain.4349.7.6" xlink:href="http://xbrl.fasb.org/us-gaap/2012/elts/us-gaap-2012-01-31.xsd#us-gaap_RelatedPartyDomain" xlink:type="locator" />
    <link:loc xlink:label="loc_UnitedRealtyAdvisorHoldingsLlcMember.80474.7.6" xlink:href="cik1536256-20121231.xsd#cik1536256_UnitedRealtyAdvisorHoldingsLlcMember" xlink:type="locator" />
    <link:definitionArc xlink:from="loc_RelatedPartyDomain.4349.7.6" xlink:to="loc_UnitedRealtyAdvisorHoldingsLlcMember.80474.7.6" order="1.00000" priority="0" use="optional" xlink:arcrole="http://xbrl.org/int/dim/arcrole/domain-member" xlink:type="arc" />
    <link:loc xlink:label="loc_RelatedPartyTransactionsByRelatedPartyAxis.4351.6.6" xlink:href="http://xbrl.fasb.org/us-gaap/2012/elts/us-gaap-2012-01-31.xsd#us-gaap_RelatedPartyTransactionsByRelatedPartyAxis" xlink:type="locator" />
    <link:loc xlink:label="loc_RelatedPartyDomain.4349.6.6" xlink:href="http://xbrl.fasb.org/us-gaap/2012/elts/us-gaap-2012-01-31.xsd#us-gaap_RelatedPartyDomain" xlink:type="locator" />
    <link:definitionArc xlink:from="loc_RelatedPartyTransactionsByRelatedPartyAxis.4351.6.6" xlink:to="loc_RelatedPartyDomain.4349.6.6" order="1.00000" priority="0" use="optional" xlink:arcrole="http://xbrl.org/int/dim/arcrole/dimension-domain" xlink:type="arc" />
    <link:loc xlink:label="loc_RelatedPartyTransactionsByRelatedPartyAxis.4351.8.6" xlink:href="http://xbrl.fasb.org/us-gaap/2012/elts/us-gaap-2012-01-31.xsd#us-gaap_RelatedPartyTransactionsByRelatedPartyAxis" xlink:type="locator" />
    <link:loc xlink:label="loc_RelatedPartyDomain.4349.8.6" xlink:href="http://xbrl.fasb.org/us-gaap/2012/elts/us-gaap-2012-01-31.xsd#us-gaap_RelatedPartyDomain" xlink:type="locator" />
    <link:definitionArc xlink:from="loc_RelatedPartyTransactionsByRelatedPartyAxis.4351.8.6" xlink:to="loc_RelatedPartyDomain.4349.8.6" order="1.00000" priority="0" use="optional" xlink:arcrole="http://xbrl.org/int/dim/arcrole/dimension-default" xlink:type="arc" />
    <link:loc xlink:label="loc_SaleOfStockNameOfTransactionDomain.4530.7.6" xlink:href="http://xbrl.fasb.org/us-gaap/2012/elts/us-gaap-2012-01-31.xsd#us-gaap_SaleOfStockNameOfTransactionDomain" xlink:type="locator" />
    <link:loc xlink:label="loc_IPOMember.2850.7.6" xlink:href="http://xbrl.fasb.org/us-gaap/2012/elts/us-gaap-2012-01-31.xsd#us-gaap_IPOMember" xlink:type="locator" />
    <link:definitionArc xlink:from="loc_SaleOfStockNameOfTransactionDomain.4530.7.6" xlink:to="loc_IPOMember.2850.7.6" order="1.00000" priority="0" use="optional" xlink:arcrole="http://xbrl.org/int/dim/arcrole/domain-member" xlink:type="arc" />
    <link:loc xlink:label="loc_DistributionReinvestmentProgramMember.80401.7.6" xlink:href="cik1536256-20121231.xsd#cik1536256_DistributionReinvestmentProgramMember" xlink:type="locator" />
    <link:definitionArc xlink:from="loc_SaleOfStockNameOfTransactionDomain.4530.7.6" xlink:to="loc_DistributionReinvestmentProgramMember.80401.7.6" order="2.00000" priority="0" use="optional" xlink:arcrole="http://xbrl.org/int/dim/arcrole/domain-member" xlink:type="arc" />
    <link:loc xlink:label="loc_SubsidiarySaleOfStockAxis.5016.6.6" xlink:href="http://xbrl.fasb.org/us-gaap/2012/elts/us-gaap-2012-01-31.xsd#us-gaap_SubsidiarySaleOfStockAxis" xlink:type="locator" />
    <link:loc xlink:label="loc_SaleOfStockNameOfTransactionDomain.4530.6.6" xlink:href="http://xbrl.fasb.org/us-gaap/2012/elts/us-gaap-2012-01-31.xsd#us-gaap_SaleOfStockNameOfTransactionDomain" xlink:type="locator" />
    <link:definitionArc xlink:from="loc_SubsidiarySaleOfStockAxis.5016.6.6" xlink:to="loc_SaleOfStockNameOfTransactionDomain.4530.6.6" order="1.00000" priority="0" use="optional" xlink:arcrole="http://xbrl.org/int/dim/arcrole/dimension-domain" xlink:type="arc" />
    <link:loc xlink:label="loc_SubsidiarySaleOfStockAxis.5016.8.6" xlink:href="http://xbrl.fasb.org/us-gaap/2012/elts/us-gaap-2012-01-31.xsd#us-gaap_SubsidiarySaleOfStockAxis" xlink:type="locator" />
    <link:loc xlink:label="loc_SaleOfStockNameOfTransactionDomain.4530.8.6" xlink:href="http://xbrl.fasb.org/us-gaap/2012/elts/us-gaap-2012-01-31.xsd#us-gaap_SaleOfStockNameOfTransactionDomain" xlink:type="locator" />
    <link:definitionArc xlink:from="loc_SubsidiarySaleOfStockAxis.5016.8.6" xlink:to="loc_SaleOfStockNameOfTransactionDomain.4530.8.6" order="1.00000" priority="0" use="optional" xlink:arcrole="http://xbrl.org/int/dim/arcrole/dimension-default" xlink:type="arc" />
    <link:loc xlink:label="loc_OrganizationLineItems.80426.9.6" xlink:href="cik1536256-20121231.xsd#cik1536256_OrganizationLineItems" xlink:type="locator" />
    <link:loc xlink:label="loc_OrganizationTable.80427.9.6" xlink:href="cik1536256-20121231.xsd#cik1536256_OrganizationTable" xlink:type="locator" />
    <link:definitionArc xlink:from="loc_OrganizationLineItems.80426.9.6" xlink:to="loc_OrganizationTable.80427.9.6" order="1.00000" xbrldt:closed="true" xbrldt:contextElement="segment" priority="0" use="optional" xlink:arcrole="http://xbrl.org/int/dim/arcrole/all" xlink:type="arc" />
    <link:loc xlink:label="loc_OrganizationLineItems.80426.7.6" xlink:href="cik1536256-20121231.xsd#cik1536256_OrganizationLineItems" xlink:type="locator" />
    <link:loc xlink:label="loc_StockIssuedDuringPeriodSharesNewIssues.16628.7.6" xlink:href="http://xbrl.fasb.org/us-gaap/2012/elts/us-gaap-2012-01-31.xsd#us-gaap_StockIssuedDuringPeriodSharesNewIssues" xlink:type="locator" />
    <link:definitionArc xlink:from="loc_OrganizationLineItems.80426.7.6" xlink:to="loc_StockIssuedDuringPeriodSharesNewIssues.16628.7.6" order="1.00000" priority="0" use="optional" xlink:arcrole="http://xbrl.org/int/dim/arcrole/domain-member" xlink:type="arc" />
    <link:loc xlink:label="loc_StockIssuedDuringPeriodValueNewIssues.16603.7.6" xlink:href="http://xbrl.fasb.org/us-gaap/2012/elts/us-gaap-2012-01-31.xsd#us-gaap_StockIssuedDuringPeriodValueNewIssues" xlink:type="locator" />
    <link:definitionArc xlink:from="loc_OrganizationLineItems.80426.7.6" xlink:to="loc_StockIssuedDuringPeriodValueNewIssues.16603.7.6" order="2.00000" priority="0" use="optional" xlink:arcrole="http://xbrl.org/int/dim/arcrole/domain-member" xlink:type="arc" />
    <link:loc xlink:label="loc_CommonStockAuthorizedForOffering.80391.7.6" xlink:href="cik1536256-20121231.xsd#cik1536256_CommonStockAuthorizedForOffering" xlink:type="locator" />
    <link:definitionArc xlink:from="loc_OrganizationLineItems.80426.7.6" xlink:to="loc_CommonStockAuthorizedForOffering.80391.7.6" order="3.00000" priority="0" use="optional" xlink:arcrole="http://xbrl.org/int/dim/arcrole/domain-member" xlink:type="arc" />
    <link:loc xlink:label="loc_SaleOfStockPricePerShare.15652.7.6" xlink:href="http://xbrl.fasb.org/us-gaap/2012/elts/us-gaap-2012-01-31.xsd#us-gaap_SaleOfStockPricePerShare" xlink:type="locator" />
    <link:definitionArc xlink:from="loc_OrganizationLineItems.80426.7.6" xlink:to="loc_SaleOfStockPricePerShare.15652.7.6" order="5.00000" priority="0" use="optional" xlink:arcrole="http://xbrl.org/int/dim/arcrole/domain-member" xlink:type="arc" />
    <link:loc xlink:label="loc_ProceedsFromSaleOfStockLevelForReducedFeeTreatment.80445.7.6" xlink:href="cik1536256-20121231.xsd#cik1536256_ProceedsFromSaleOfStockLevelForReducedFeeTreatment" xlink:type="locator" />
    <link:definitionArc xlink:from="loc_OrganizationLineItems.80426.7.6" xlink:to="loc_ProceedsFromSaleOfStockLevelForReducedFeeTreatment.80445.7.6" order="6.00000" priority="0" use="optional" xlink:arcrole="http://xbrl.org/int/dim/arcrole/domain-member" xlink:type="arc" />
    <link:loc xlink:label="loc_TermsOfOfferingFloatingPriceTimingAndCalculation.80473.7.6" xlink:href="cik1536256-20121231.xsd#cik1536256_TermsOfOfferingFloatingPriceTimingAndCalculation" xlink:type="locator" />
    <link:definitionArc xlink:from="loc_OrganizationLineItems.80426.7.6" xlink:to="loc_TermsOfOfferingFloatingPriceTimingAndCalculation.80473.7.6" order="7.00000" priority="0" use="optional" xlink:arcrole="http://xbrl.org/int/dim/arcrole/domain-member" xlink:type="arc" />
    <link:loc xlink:label="loc_CommonStockParOrStatedValuePerShare.6878.7.6" xlink:href="http://xbrl.fasb.org/us-gaap/2012/elts/us-gaap-2012-01-31.xsd#us-gaap_CommonStockParOrStatedValuePerShare" xlink:type="locator" />
    <link:definitionArc xlink:from="loc_OrganizationLineItems.80426.7.6" xlink:to="loc_CommonStockParOrStatedValuePerShare.6878.7.6" order="1.50000" priority="0" use="optional" xlink:arcrole="http://xbrl.org/int/dim/arcrole/domain-member" xlink:type="arc" />
    <link:loc xlink:label="loc_DebtInstrumentCarryingAmount.7362.7.6" xlink:href="http://xbrl.fasb.org/us-gaap/2012/elts/us-gaap-2012-01-31.xsd#us-gaap_DebtInstrumentCarryingAmount" xlink:type="locator" />
    <link:definitionArc xlink:from="loc_OrganizationLineItems.80426.7.6" xlink:to="loc_DebtInstrumentCarryingAmount.7362.7.6" order="8.00000" priority="0" use="optional" xlink:arcrole="http://xbrl.org/int/dim/arcrole/domain-member" xlink:type="arc" />
    <link:loc xlink:label="loc_ProceedsFromIssuanceInitialPublicOffering.14467.7.6" xlink:href="http://xbrl.fasb.org/us-gaap/2012/elts/us-gaap-2012-01-31.xsd#us-gaap_ProceedsFromIssuanceInitialPublicOffering" xlink:type="locator" />
    <link:definitionArc xlink:from="loc_OrganizationLineItems.80426.7.6" xlink:to="loc_ProceedsFromIssuanceInitialPublicOffering.14467.7.6" order="9.00000" priority="0" use="optional" xlink:arcrole="http://xbrl.org/int/dim/arcrole/domain-member" xlink:type="arc" />
    <link:loc xlink:label="loc_OrganizationTable.80427.5.6" xlink:href="cik1536256-20121231.xsd#cik1536256_OrganizationTable" xlink:type="locator" />
    <link:loc xlink:label="loc_RelatedPartyTransactionsByRelatedPartyAxis.4351.5.6" xlink:href="http://xbrl.fasb.org/us-gaap/2012/elts/us-gaap-2012-01-31.xsd#us-gaap_RelatedPartyTransactionsByRelatedPartyAxis" xlink:type="locator" />
    <link:definitionArc xlink:from="loc_OrganizationTable.80427.5.6" xlink:to="loc_RelatedPartyTransactionsByRelatedPartyAxis.4351.5.6" order="1.00000" priority="0" use="optional" xlink:arcrole="http://xbrl.org/int/dim/arcrole/hypercube-dimension" xlink:type="arc" />
    <link:loc xlink:label="loc_SubsidiarySaleOfStockAxis.5016.5.6" xlink:href="http://xbrl.fasb.org/us-gaap/2012/elts/us-gaap-2012-01-31.xsd#us-gaap_SubsidiarySaleOfStockAxis" xlink:type="locator" />
    <link:definitionArc xlink:from="loc_OrganizationTable.80427.5.6" xlink:to="loc_SubsidiarySaleOfStockAxis.5016.5.6" order="2.00000" priority="0" use="optional" xlink:arcrole="http://xbrl.org/int/dim/arcrole/hypercube-dimension" xlink:type="arc" />
    <link:loc xlink:label="loc_RangeAxis.4187.5.6" xlink:href="http://xbrl.fasb.org/us-gaap/2012/elts/us-gaap-2012-01-31.xsd#us-gaap_RangeAxis" xlink:type="locator" />
    <link:definitionArc xlink:from="loc_OrganizationTable.80427.5.6" xlink:to="loc_RangeAxis.4187.5.6" order="2.50000" priority="0" use="optional" xlink:arcrole="http://xbrl.org/int/dim/arcrole/hypercube-dimension" xlink:type="arc" />
  </link:definitionLink>
  <link:definitionLink xlink:title="40401 - Disclosure - Related Party Arrangements (Details)" xlink:role="http://www.unitedrealtytrust.com/role/RelatedPartyArrangementsDetails" xlink:type="extended">
    <link:loc xlink:label="loc_RangeAxis.4187.6.6" xlink:href="http://xbrl.fasb.org/us-gaap/2012/elts/us-gaap-2012-01-31.xsd#us-gaap_RangeAxis" xlink:type="locator" />
    <link:loc xlink:label="loc_RangeMember.4188.6.6" xlink:href="http://xbrl.fasb.org/us-gaap/2012/elts/us-gaap-2012-01-31.xsd#us-gaap_RangeMember" xlink:type="locator" />
    <link:definitionArc xlink:from="loc_RangeAxis.4187.6.6" xlink:to="loc_RangeMember.4188.6.6" order="1.00000" priority="0" use="optional" xlink:arcrole="http://xbrl.org/int/dim/arcrole/dimension-domain" xlink:type="arc" />
    <link:loc xlink:label="loc_RangeAxis.4187.8.6" xlink:href="http://xbrl.fasb.org/us-gaap/2012/elts/us-gaap-2012-01-31.xsd#us-gaap_RangeAxis" xlink:type="locator" />
    <link:loc xlink:label="loc_RangeMember.4188.8.6" xlink:href="http://xbrl.fasb.org/us-gaap/2012/elts/us-gaap-2012-01-31.xsd#us-gaap_RangeMember" xlink:type="locator" />
    <link:definitionArc xlink:from="loc_RangeAxis.4187.8.6" xlink:to="loc_RangeMember.4188.8.6" order="1.00000" priority="0" use="optional" xlink:arcrole="http://xbrl.org/int/dim/arcrole/dimension-default" xlink:type="arc" />
    <link:loc xlink:label="loc_RangeMember.4188.7.6" xlink:href="http://xbrl.fasb.org/us-gaap/2012/elts/us-gaap-2012-01-31.xsd#us-gaap_RangeMember" xlink:type="locator" />
    <link:loc xlink:label="loc_MinimumMember.3248.7.6" xlink:href="http://xbrl.fasb.org/us-gaap/2012/elts/us-gaap-2012-01-31.xsd#us-gaap_MinimumMember" xlink:type="locator" />
    <link:definitionArc xlink:from="loc_RangeMember.4188.7.6" xlink:to="loc_MinimumMember.3248.7.6" order="1.00000" priority="0" use="optional" xlink:arcrole="http://xbrl.org/int/dim/arcrole/domain-member" xlink:type="arc" />
    <link:loc xlink:label="loc_MaximumMember.3241.7.6" xlink:href="http://xbrl.fasb.org/us-gaap/2012/elts/us-gaap-2012-01-31.xsd#us-gaap_MaximumMember" xlink:type="locator" />
    <link:definitionArc xlink:from="loc_RangeMember.4188.7.6" xlink:to="loc_MaximumMember.3241.7.6" order="2.00000" priority="0" use="optional" xlink:arcrole="http://xbrl.org/int/dim/arcrole/domain-member" xlink:type="arc" />
    <link:loc xlink:label="loc_RelatedPartyTransactionLineItems.4347.9.6" xlink:href="http://xbrl.fasb.org/us-gaap/2012/elts/us-gaap-2012-01-31.xsd#us-gaap_RelatedPartyTransactionLineItems" xlink:type="locator" />
    <link:loc xlink:label="loc_ScheduleOfRelatedPartyTransactionsByRelatedPartyTable.4689.9.6" xlink:href="http://xbrl.fasb.org/us-gaap/2012/elts/us-gaap-2012-01-31.xsd#us-gaap_ScheduleOfRelatedPartyTransactionsByRelatedPartyTable" xlink:type="locator" />
    <link:definitionArc xlink:from="loc_RelatedPartyTransactionLineItems.4347.9.6" xlink:to="loc_ScheduleOfRelatedPartyTransactionsByRelatedPartyTable.4689.9.6" order="1.00000" xbrldt:closed="true" xbrldt:contextElement="segment" priority="0" use="optional" xlink:arcrole="http://xbrl.org/int/dim/arcrole/all" xlink:type="arc" />
    <link:loc xlink:label="loc_RelatedPartyTransactionLineItems.4347.7.6" xlink:href="http://xbrl.fasb.org/us-gaap/2012/elts/us-gaap-2012-01-31.xsd#us-gaap_RelatedPartyTransactionLineItems" xlink:type="locator" />
    <link:loc xlink:label="loc_CommonStockValueOutstanding.6877.7.6" xlink:href="http://xbrl.fasb.org/us-gaap/2012/elts/us-gaap-2012-01-31.xsd#us-gaap_CommonStockValueOutstanding" xlink:type="locator" />
    <link:definitionArc xlink:from="loc_RelatedPartyTransactionLineItems.4347.7.6" xlink:to="loc_CommonStockValueOutstanding.6877.7.6" order="1.00000" priority="0" use="optional" xlink:arcrole="http://xbrl.org/int/dim/arcrole/domain-member" xlink:type="arc" />
    <link:loc xlink:label="loc_SaleOfStockPricePerShare.15652.7.6" xlink:href="http://xbrl.fasb.org/us-gaap/2012/elts/us-gaap-2012-01-31.xsd#us-gaap_SaleOfStockPricePerShare" xlink:type="locator" />
    <link:definitionArc xlink:from="loc_RelatedPartyTransactionLineItems.4347.7.6" xlink:to="loc_SaleOfStockPricePerShare.15652.7.6" order="6.00000" priority="0" use="optional" xlink:arcrole="http://xbrl.org/int/dim/arcrole/domain-member" xlink:type="arc" />
    <link:loc xlink:label="loc_CommonStockAuthorizedForOffering.80391.7.6" xlink:href="cik1536256-20121231.xsd#cik1536256_CommonStockAuthorizedForOffering" xlink:type="locator" />
    <link:definitionArc xlink:from="loc_RelatedPartyTransactionLineItems.4347.7.6" xlink:to="loc_CommonStockAuthorizedForOffering.80391.7.6" order="7.00000" priority="0" use="optional" xlink:arcrole="http://xbrl.org/int/dim/arcrole/domain-member" xlink:type="arc" />
    <link:loc xlink:label="loc_CommissionFeePricePerShare.81352.7.6" xlink:href="cik1536256-20121231.xsd#cik1536256_CommissionFeePricePerShare" xlink:type="locator" />
    <link:definitionArc xlink:from="loc_RelatedPartyTransactionLineItems.4347.7.6" xlink:to="loc_CommissionFeePricePerShare.81352.7.6" order="2.00000" priority="0" use="optional" xlink:arcrole="http://xbrl.org/int/dim/arcrole/domain-member" xlink:type="arc" />
    <link:loc xlink:label="loc_PercentageOfOfferingPrice.81356.7.6" xlink:href="cik1536256-20121231.xsd#cik1536256_PercentageOfOfferingPrice" xlink:type="locator" />
    <link:definitionArc xlink:from="loc_RelatedPartyTransactionLineItems.4347.7.6" xlink:to="loc_PercentageOfOfferingPrice.81356.7.6" order="5.00000" priority="0" use="optional" xlink:arcrole="http://xbrl.org/int/dim/arcrole/domain-member" xlink:type="arc" />
    <link:loc xlink:label="loc_AdditionalCommissionFeePerShare.81364.7.6" xlink:href="cik1536256-20121231.xsd#cik1536256_AdditionalCommissionFeePerShare" xlink:type="locator" />
    <link:definitionArc xlink:from="loc_RelatedPartyTransactionLineItems.4347.7.6" xlink:to="loc_AdditionalCommissionFeePerShare.81364.7.6" order="5.50000" priority="0" use="optional" xlink:arcrole="http://xbrl.org/int/dim/arcrole/domain-member" xlink:type="arc" />
    <link:loc xlink:label="loc_PurchasePricePercentage.81369.7.6" xlink:href="cik1536256-20121231.xsd#cik1536256_PurchasePricePercentage" xlink:type="locator" />
    <link:definitionArc xlink:from="loc_RelatedPartyTransactionLineItems.4347.7.6" xlink:to="loc_PurchasePricePercentage.81369.7.6" order="6.50000" priority="0" use="optional" xlink:arcrole="http://xbrl.org/int/dim/arcrole/domain-member" xlink:type="arc" />
    <link:loc xlink:label="loc_PercentageOfAmountAdvancedForLoanOrInvestment.81370.7.6" xlink:href="cik1536256-20121231.xsd#cik1536256_PercentageOfAmountAdvancedForLoanOrInvestment" xlink:type="locator" />
    <link:definitionArc xlink:from="loc_RelatedPartyTransactionLineItems.4347.7.6" xlink:to="loc_PercentageOfAmountAdvancedForLoanOrInvestment.81370.7.6" order="8.00000" priority="0" use="optional" xlink:arcrole="http://xbrl.org/int/dim/arcrole/domain-member" xlink:type="arc" />
    <link:loc xlink:label="loc_PercentageOfInvestedAssets.81371.7.6" xlink:href="cik1536256-20121231.xsd#cik1536256_PercentageOfInvestedAssets" xlink:type="locator" />
    <link:definitionArc xlink:from="loc_RelatedPartyTransactionLineItems.4347.7.6" xlink:to="loc_PercentageOfInvestedAssets.81371.7.6" order="9.00000" priority="0" use="optional" xlink:arcrole="http://xbrl.org/int/dim/arcrole/domain-member" xlink:type="arc" />
    <link:loc xlink:label="loc_PercentageOfNetIncome.81372.7.6" xlink:href="cik1536256-20121231.xsd#cik1536256_PercentageOfNetIncome" xlink:type="locator" />
    <link:definitionArc xlink:from="loc_RelatedPartyTransactionLineItems.4347.7.6" xlink:to="loc_PercentageOfNetIncome.81372.7.6" order="10.00000" priority="0" use="optional" xlink:arcrole="http://xbrl.org/int/dim/arcrole/domain-member" xlink:type="arc" />
    <link:loc xlink:label="loc_RetainageDeposit.15456.7.6" xlink:href="http://xbrl.fasb.org/us-gaap/2012/elts/us-gaap-2012-01-31.xsd#us-gaap_RetainageDeposit" xlink:type="locator" />
    <link:definitionArc xlink:from="loc_RelatedPartyTransactionLineItems.4347.7.6" xlink:to="loc_RetainageDeposit.15456.7.6" order="11.00000" priority="0" use="optional" xlink:arcrole="http://xbrl.org/int/dim/arcrole/domain-member" xlink:type="arc" />
    <link:loc xlink:label="loc_RelatedPartyTransactionDueFromToRelatedParty.15181.7.6" xlink:href="http://xbrl.fasb.org/us-gaap/2012/elts/us-gaap-2012-01-31.xsd#us-gaap_RelatedPartyTransactionDueFromToRelatedParty" xlink:type="locator" />
    <link:definitionArc xlink:from="loc_RelatedPartyTransactionLineItems.4347.7.6" xlink:to="loc_RelatedPartyTransactionDueFromToRelatedParty.15181.7.6" order="12.00000" priority="0" use="optional" xlink:arcrole="http://xbrl.org/int/dim/arcrole/domain-member" xlink:type="arc" />
    <link:loc xlink:label="loc_PreferredStockValueOutstanding.14137.7.6" xlink:href="http://xbrl.fasb.org/us-gaap/2012/elts/us-gaap-2012-01-31.xsd#us-gaap_PreferredStockValueOutstanding" xlink:type="locator" />
    <link:definitionArc xlink:from="loc_RelatedPartyTransactionLineItems.4347.7.6" xlink:to="loc_PreferredStockValueOutstanding.14137.7.6" order="14.00000" priority="0" use="optional" xlink:arcrole="http://xbrl.org/int/dim/arcrole/domain-member" xlink:type="arc" />
    <link:loc xlink:label="loc_PercentageOfCashFlows.81376.7.6" xlink:href="cik1536256-20121231.xsd#cik1536256_PercentageOfCashFlows" xlink:type="locator" />
    <link:definitionArc xlink:from="loc_RelatedPartyTransactionLineItems.4347.7.6" xlink:to="loc_PercentageOfCashFlows.81376.7.6" order="12.50000" priority="0" use="optional" xlink:arcrole="http://xbrl.org/int/dim/arcrole/domain-member" xlink:type="arc" />
    <link:loc xlink:label="loc_PreTaxAnnualReturnPercentage.81416.7.6" xlink:href="cik1536256-20121231.xsd#cik1536256_PreTaxAnnualReturnPercentage" xlink:type="locator" />
    <link:definitionArc xlink:from="loc_RelatedPartyTransactionLineItems.4347.7.6" xlink:to="loc_PreTaxAnnualReturnPercentage.81416.7.6" order="12.75000" priority="0" use="optional" xlink:arcrole="http://xbrl.org/int/dim/arcrole/domain-member" xlink:type="arc" />
    <link:loc xlink:label="loc_ProfessionalFees.14646.7.6" xlink:href="http://xbrl.fasb.org/us-gaap/2012/elts/us-gaap-2012-01-31.xsd#us-gaap_ProfessionalFees" xlink:type="locator" />
    <link:definitionArc xlink:from="loc_RelatedPartyTransactionLineItems.4347.7.6" xlink:to="loc_ProfessionalFees.14646.7.6" order="14.25000" priority="0" use="optional" xlink:arcrole="http://xbrl.org/int/dim/arcrole/domain-member" xlink:type="arc" />
    <link:loc xlink:label="loc_SaleOfStockNameOfTransactionDomain.4530.7.6" xlink:href="http://xbrl.fasb.org/us-gaap/2012/elts/us-gaap-2012-01-31.xsd#us-gaap_SaleOfStockNameOfTransactionDomain" xlink:type="locator" />
    <link:loc xlink:label="loc_OfferingFeesMember.81358.7.6" xlink:href="cik1536256-20121231.xsd#cik1536256_OfferingFeesMember" xlink:type="locator" />
    <link:definitionArc xlink:from="loc_SaleOfStockNameOfTransactionDomain.4530.7.6" xlink:to="loc_OfferingFeesMember.81358.7.6" order="1.00000" priority="0" use="optional" xlink:arcrole="http://xbrl.org/int/dim/arcrole/domain-member" xlink:type="arc" />
    <link:loc xlink:label="loc_AfterOfferingFeesMember.81361.7.6" xlink:href="cik1536256-20121231.xsd#cik1536256_AfterOfferingFeesMember" xlink:type="locator" />
    <link:definitionArc xlink:from="loc_SaleOfStockNameOfTransactionDomain.4530.7.6" xlink:to="loc_AfterOfferingFeesMember.81361.7.6" order="2.00000" priority="0" use="optional" xlink:arcrole="http://xbrl.org/int/dim/arcrole/domain-member" xlink:type="arc" />
    <link:loc xlink:label="loc_MarketingFeeMember.81363.7.6" xlink:href="cik1536256-20121231.xsd#cik1536256_MarketingFeeMember" xlink:type="locator" />
    <link:definitionArc xlink:from="loc_SaleOfStockNameOfTransactionDomain.4530.7.6" xlink:to="loc_MarketingFeeMember.81363.7.6" order="4.00000" priority="0" use="optional" xlink:arcrole="http://xbrl.org/int/dim/arcrole/domain-member" xlink:type="arc" />
    <link:loc xlink:label="loc_DealerManagerFeeMember.81362.7.6" xlink:href="cik1536256-20121231.xsd#cik1536256_DealerManagerFeeMember" xlink:type="locator" />
    <link:definitionArc xlink:from="loc_SaleOfStockNameOfTransactionDomain.4530.7.6" xlink:to="loc_DealerManagerFeeMember.81362.7.6" order="3.00000" priority="0" use="optional" xlink:arcrole="http://xbrl.org/int/dim/arcrole/domain-member" xlink:type="arc" />
    <link:loc xlink:label="loc_ScenarioUnspecifiedDomain.4553.7.6" xlink:href="http://xbrl.fasb.org/us-gaap/2012/elts/us-gaap-2012-01-31.xsd#us-gaap_ScenarioUnspecifiedDomain" xlink:type="locator" />
    <link:loc xlink:label="loc_AdditionalAwardMember.81373.7.6" xlink:href="cik1536256-20121231.xsd#cik1536256_AdditionalAwardMember" xlink:type="locator" />
    <link:definitionArc xlink:from="loc_ScenarioUnspecifiedDomain.4553.7.6" xlink:to="loc_AdditionalAwardMember.81373.7.6" order="1.00000" priority="0" use="optional" xlink:arcrole="http://xbrl.org/int/dim/arcrole/domain-member" xlink:type="arc" />
    <link:loc xlink:label="loc_AttendanceInPersonMember.81374.7.6" xlink:href="cik1536256-20121231.xsd#cik1536256_AttendanceInPersonMember" xlink:type="locator" />
    <link:definitionArc xlink:from="loc_ScenarioUnspecifiedDomain.4553.7.6" xlink:to="loc_AttendanceInPersonMember.81374.7.6" order="2.00000" priority="0" use="optional" xlink:arcrole="http://xbrl.org/int/dim/arcrole/domain-member" xlink:type="arc" />
    <link:loc xlink:label="loc_AttendanceOverPhoneMember.81375.7.6" xlink:href="cik1536256-20121231.xsd#cik1536256_AttendanceOverPhoneMember" xlink:type="locator" />
    <link:definitionArc xlink:from="loc_ScenarioUnspecifiedDomain.4553.7.6" xlink:to="loc_AttendanceOverPhoneMember.81375.7.6" order="3.00000" priority="0" use="optional" xlink:arcrole="http://xbrl.org/int/dim/arcrole/domain-member" xlink:type="arc" />
    <link:loc xlink:label="loc_ScheduleOfRelatedPartyTransactionsByRelatedPartyTable.4689.5.6" xlink:href="http://xbrl.fasb.org/us-gaap/2012/elts/us-gaap-2012-01-31.xsd#us-gaap_ScheduleOfRelatedPartyTransactionsByRelatedPartyTable" xlink:type="locator" />
    <link:loc xlink:label="loc_SubsidiarySaleOfStockAxis.5016.5.6" xlink:href="http://xbrl.fasb.org/us-gaap/2012/elts/us-gaap-2012-01-31.xsd#us-gaap_SubsidiarySaleOfStockAxis" xlink:type="locator" />
    <link:definitionArc xlink:from="loc_ScheduleOfRelatedPartyTransactionsByRelatedPartyTable.4689.5.6" xlink:to="loc_SubsidiarySaleOfStockAxis.5016.5.6" order="1.50000" priority="0" use="optional" xlink:arcrole="http://xbrl.org/int/dim/arcrole/hypercube-dimension" xlink:type="arc" />
    <link:loc xlink:label="loc_RelatedPartyCommissionsAndFeesAxis.80455.5.6" xlink:href="cik1536256-20121231.xsd#cik1536256_RelatedPartyCommissionsAndFeesAxis" xlink:type="locator" />
    <link:definitionArc xlink:from="loc_ScheduleOfRelatedPartyTransactionsByRelatedPartyTable.4689.5.6" xlink:to="loc_RelatedPartyCommissionsAndFeesAxis.80455.5.6" order="1.25000" priority="0" use="optional" xlink:arcrole="http://xbrl.org/int/dim/arcrole/hypercube-dimension" xlink:type="arc" />
    <link:loc xlink:label="loc_RangeAxis.4187.5.6" xlink:href="http://xbrl.fasb.org/us-gaap/2012/elts/us-gaap-2012-01-31.xsd#us-gaap_RangeAxis" xlink:type="locator" />
    <link:definitionArc xlink:from="loc_ScheduleOfRelatedPartyTransactionsByRelatedPartyTable.4689.5.6" xlink:to="loc_RangeAxis.4187.5.6" order="1.75000" priority="0" use="optional" xlink:arcrole="http://xbrl.org/int/dim/arcrole/hypercube-dimension" xlink:type="arc" />
    <link:loc xlink:label="loc_StatementScenarioAxis.4951.5.6" xlink:href="http://xbrl.fasb.org/us-gaap/2012/elts/us-gaap-2012-01-31.xsd#us-gaap_StatementScenarioAxis" xlink:type="locator" />
    <link:definitionArc xlink:from="loc_ScheduleOfRelatedPartyTransactionsByRelatedPartyTable.4689.5.6" xlink:to="loc_StatementScenarioAxis.4951.5.6" order="1.12500" priority="0" use="optional" xlink:arcrole="http://xbrl.org/int/dim/arcrole/hypercube-dimension" xlink:type="arc" />
    <link:loc xlink:label="loc_StatementScenarioAxis.4951.6.6" xlink:href="http://xbrl.fasb.org/us-gaap/2012/elts/us-gaap-2012-01-31.xsd#us-gaap_StatementScenarioAxis" xlink:type="locator" />
    <link:loc xlink:label="loc_ScenarioUnspecifiedDomain.4553.6.6" xlink:href="http://xbrl.fasb.org/us-gaap/2012/elts/us-gaap-2012-01-31.xsd#us-gaap_ScenarioUnspecifiedDomain" xlink:type="locator" />
    <link:definitionArc xlink:from="loc_StatementScenarioAxis.4951.6.6" xlink:to="loc_ScenarioUnspecifiedDomain.4553.6.6" order="1.00000" priority="0" use="optional" xlink:arcrole="http://xbrl.org/int/dim/arcrole/dimension-domain" xlink:type="arc" />
    <link:loc xlink:label="loc_StatementScenarioAxis.4951.8.6" xlink:href="http://xbrl.fasb.org/us-gaap/2012/elts/us-gaap-2012-01-31.xsd#us-gaap_StatementScenarioAxis" xlink:type="locator" />
    <link:loc xlink:label="loc_ScenarioUnspecifiedDomain.4553.8.6" xlink:href="http://xbrl.fasb.org/us-gaap/2012/elts/us-gaap-2012-01-31.xsd#us-gaap_ScenarioUnspecifiedDomain" xlink:type="locator" />
    <link:definitionArc xlink:from="loc_StatementScenarioAxis.4951.8.6" xlink:to="loc_ScenarioUnspecifiedDomain.4553.8.6" order="1.00000" priority="0" use="optional" xlink:arcrole="http://xbrl.org/int/dim/arcrole/dimension-default" xlink:type="arc" />
    <link:loc xlink:label="loc_SubsidiarySaleOfStockAxis.5016.6.6" xlink:href="http://xbrl.fasb.org/us-gaap/2012/elts/us-gaap-2012-01-31.xsd#us-gaap_SubsidiarySaleOfStockAxis" xlink:type="locator" />
    <link:loc xlink:label="loc_SaleOfStockNameOfTransactionDomain.4530.6.6" xlink:href="http://xbrl.fasb.org/us-gaap/2012/elts/us-gaap-2012-01-31.xsd#us-gaap_SaleOfStockNameOfTransactionDomain" xlink:type="locator" />
    <link:definitionArc xlink:from="loc_SubsidiarySaleOfStockAxis.5016.6.6" xlink:to="loc_SaleOfStockNameOfTransactionDomain.4530.6.6" order="1.00000" priority="0" use="optional" xlink:arcrole="http://xbrl.org/int/dim/arcrole/dimension-domain" xlink:type="arc" />
    <link:loc xlink:label="loc_SubsidiarySaleOfStockAxis.5016.8.6" xlink:href="http://xbrl.fasb.org/us-gaap/2012/elts/us-gaap-2012-01-31.xsd#us-gaap_SubsidiarySaleOfStockAxis" xlink:type="locator" />
    <link:loc xlink:label="loc_SaleOfStockNameOfTransactionDomain.4530.8.6" xlink:href="http://xbrl.fasb.org/us-gaap/2012/elts/us-gaap-2012-01-31.xsd#us-gaap_SaleOfStockNameOfTransactionDomain" xlink:type="locator" />
    <link:definitionArc xlink:from="loc_SubsidiarySaleOfStockAxis.5016.8.6" xlink:to="loc_SaleOfStockNameOfTransactionDomain.4530.8.6" order="1.00000" priority="0" use="optional" xlink:arcrole="http://xbrl.org/int/dim/arcrole/dimension-default" xlink:type="arc" />
    <link:loc xlink:label="loc_RelatedPartyCommissionsAndFeesAxis.80455.6.6" xlink:href="cik1536256-20121231.xsd#cik1536256_RelatedPartyCommissionsAndFeesAxis" xlink:type="locator" />
    <link:loc xlink:label="loc_RelatedPartyCommissionsAndFeesDomain.80456.6.6" xlink:href="cik1536256-20121231.xsd#cik1536256_RelatedPartyCommissionsAndFeesDomain" xlink:type="locator" />
    <link:definitionArc xlink:from="loc_RelatedPartyCommissionsAndFeesAxis.80455.6.6" xlink:to="loc_RelatedPartyCommissionsAndFeesDomain.80456.6.6" order="1.00000" priority="0" use="optional" xlink:arcrole="http://xbrl.org/int/dim/arcrole/dimension-domain" xlink:type="arc" />
    <link:loc xlink:label="loc_RelatedPartyCommissionsAndFeesAxis.80455.8.6" xlink:href="cik1536256-20121231.xsd#cik1536256_RelatedPartyCommissionsAndFeesAxis" xlink:type="locator" />
    <link:loc xlink:label="loc_RelatedPartyCommissionsAndFeesDomain.80456.8.6" xlink:href="cik1536256-20121231.xsd#cik1536256_RelatedPartyCommissionsAndFeesDomain" xlink:type="locator" />
    <link:definitionArc xlink:from="loc_RelatedPartyCommissionsAndFeesAxis.80455.8.6" xlink:to="loc_RelatedPartyCommissionsAndFeesDomain.80456.8.6" order="1.00000" priority="0" use="optional" xlink:arcrole="http://xbrl.org/int/dim/arcrole/dimension-default" xlink:type="arc" />
    <link:loc xlink:label="loc_RelatedPartyCommissionsAndFeesDomain.80456.7.6" xlink:href="cik1536256-20121231.xsd#cik1536256_RelatedPartyCommissionsAndFeesDomain" xlink:type="locator" />
    <link:loc xlink:label="loc_SalesCommissionsAndFeesMember.4535.7.6" xlink:href="http://xbrl.fasb.org/us-gaap/2012/elts/us-gaap-2012-01-31.xsd#us-gaap_SalesCommissionsAndFeesMember" xlink:type="locator" />
    <link:definitionArc xlink:from="loc_RelatedPartyCommissionsAndFeesDomain.80456.7.6" xlink:to="loc_SalesCommissionsAndFeesMember.4535.7.6" order="1.00000" priority="0" use="optional" xlink:arcrole="http://xbrl.org/int/dim/arcrole/domain-member" xlink:type="arc" />
    <link:loc xlink:label="loc_OrganizationAndOfferingExpensesMember.80425.7.6" xlink:href="cik1536256-20121231.xsd#cik1536256_OrganizationAndOfferingExpensesMember" xlink:type="locator" />
    <link:definitionArc xlink:from="loc_RelatedPartyCommissionsAndFeesDomain.80456.7.6" xlink:to="loc_OrganizationAndOfferingExpensesMember.80425.7.6" order="3.00000" priority="0" use="optional" xlink:arcrole="http://xbrl.org/int/dim/arcrole/domain-member" xlink:type="arc" />
    <link:loc xlink:label="loc_AcquisitionRelatedCostsMember.457.7.6" xlink:href="http://xbrl.fasb.org/us-gaap/2012/elts/us-gaap-2012-01-31.xsd#us-gaap_AcquisitionRelatedCostsMember" xlink:type="locator" />
    <link:definitionArc xlink:from="loc_RelatedPartyCommissionsAndFeesDomain.80456.7.6" xlink:to="loc_AcquisitionRelatedCostsMember.457.7.6" order="4.00000" priority="0" use="optional" xlink:arcrole="http://xbrl.org/int/dim/arcrole/domain-member" xlink:type="arc" />
    <link:loc xlink:label="loc_AcquisitionExpensesMember.80385.7.6" xlink:href="cik1536256-20121231.xsd#cik1536256_AcquisitionExpensesMember" xlink:type="locator" />
    <link:definitionArc xlink:from="loc_RelatedPartyCommissionsAndFeesDomain.80456.7.6" xlink:to="loc_AcquisitionExpensesMember.80385.7.6" order="5.00000" priority="0" use="optional" xlink:arcrole="http://xbrl.org/int/dim/arcrole/domain-member" xlink:type="arc" />
    <link:loc xlink:label="loc_ConstructionManagementFeeAndDevelopmentFeeMember.80395.7.6" xlink:href="cik1536256-20121231.xsd#cik1536256_ConstructionManagementFeeAndDevelopmentFeeMember" xlink:type="locator" />
    <link:definitionArc xlink:from="loc_RelatedPartyCommissionsAndFeesDomain.80456.7.6" xlink:to="loc_ConstructionManagementFeeAndDevelopmentFeeMember.80395.7.6" order="6.00000" priority="0" use="optional" xlink:arcrole="http://xbrl.org/int/dim/arcrole/domain-member" xlink:type="arc" />
    <link:loc xlink:label="loc_AssetManagementMember.572.7.6" xlink:href="http://xbrl.fasb.org/us-gaap/2012/elts/us-gaap-2012-01-31.xsd#us-gaap_AssetManagementMember" xlink:type="locator" />
    <link:definitionArc xlink:from="loc_RelatedPartyCommissionsAndFeesDomain.80456.7.6" xlink:to="loc_AssetManagementMember.572.7.6" order="7.00000" priority="0" use="optional" xlink:arcrole="http://xbrl.org/int/dim/arcrole/domain-member" xlink:type="arc" />
    <link:loc xlink:label="loc_PropertyManagementFeesMember.80448.7.6" xlink:href="cik1536256-20121231.xsd#cik1536256_PropertyManagementFeesMember" xlink:type="locator" />
    <link:definitionArc xlink:from="loc_RelatedPartyCommissionsAndFeesDomain.80456.7.6" xlink:to="loc_PropertyManagementFeesMember.80448.7.6" order="8.00000" priority="0" use="optional" xlink:arcrole="http://xbrl.org/int/dim/arcrole/domain-member" xlink:type="arc" />
    <link:loc xlink:label="loc_LeasingArrangementMember.2912.7.6" xlink:href="http://xbrl.fasb.org/us-gaap/2012/elts/us-gaap-2012-01-31.xsd#us-gaap_LeasingArrangementMember" xlink:type="locator" />
    <link:definitionArc xlink:from="loc_RelatedPartyCommissionsAndFeesDomain.80456.7.6" xlink:to="loc_LeasingArrangementMember.2912.7.6" order="9.00000" priority="0" use="optional" xlink:arcrole="http://xbrl.org/int/dim/arcrole/domain-member" xlink:type="arc" />
    <link:loc xlink:label="loc_OversightFeesMember.80430.7.6" xlink:href="cik1536256-20121231.xsd#cik1536256_OversightFeesMember" xlink:type="locator" />
    <link:definitionArc xlink:from="loc_RelatedPartyCommissionsAndFeesDomain.80456.7.6" xlink:to="loc_OversightFeesMember.80430.7.6" order="10.00000" priority="0" use="optional" xlink:arcrole="http://xbrl.org/int/dim/arcrole/domain-member" xlink:type="arc" />
    <link:loc xlink:label="loc_OperatingExpenseMember.3528.7.6" xlink:href="http://xbrl.fasb.org/us-gaap/2012/elts/us-gaap-2012-01-31.xsd#us-gaap_OperatingExpenseMember" xlink:type="locator" />
    <link:definitionArc xlink:from="loc_RelatedPartyCommissionsAndFeesDomain.80456.7.6" xlink:to="loc_OperatingExpenseMember.3528.7.6" order="11.00000" priority="0" use="optional" xlink:arcrole="http://xbrl.org/int/dim/arcrole/domain-member" xlink:type="arc" />
    <link:loc xlink:label="loc_FinancingCoordinationFeeMember.80411.7.6" xlink:href="cik1536256-20121231.xsd#cik1536256_FinancingCoordinationFeeMember" xlink:type="locator" />
    <link:definitionArc xlink:from="loc_RelatedPartyCommissionsAndFeesDomain.80456.7.6" xlink:to="loc_FinancingCoordinationFeeMember.80411.7.6" order="12.00000" priority="0" use="optional" xlink:arcrole="http://xbrl.org/int/dim/arcrole/domain-member" xlink:type="arc" />
    <link:loc xlink:label="loc_RealEstateDispositionCommissionsMember.80452.7.6" xlink:href="cik1536256-20121231.xsd#cik1536256_RealEstateDispositionCommissionsMember" xlink:type="locator" />
    <link:definitionArc xlink:from="loc_RelatedPartyCommissionsAndFeesDomain.80456.7.6" xlink:to="loc_RealEstateDispositionCommissionsMember.80452.7.6" order="13.00000" priority="0" use="optional" xlink:arcrole="http://xbrl.org/int/dim/arcrole/domain-member" xlink:type="arc" />
    <link:loc xlink:label="loc_SubordinatedShareOfAnnualCashFlowsMember.80472.7.6" xlink:href="cik1536256-20121231.xsd#cik1536256_SubordinatedShareOfAnnualCashFlowsMember" xlink:type="locator" />
    <link:definitionArc xlink:from="loc_RelatedPartyCommissionsAndFeesDomain.80456.7.6" xlink:to="loc_SubordinatedShareOfAnnualCashFlowsMember.80472.7.6" order="14.00000" priority="0" use="optional" xlink:arcrole="http://xbrl.org/int/dim/arcrole/domain-member" xlink:type="arc" />
    <link:loc xlink:label="loc_BoardMemberCompensationContractsMember.692.7.6" xlink:href="http://xbrl.fasb.org/us-gaap/2012/elts/us-gaap-2012-01-31.xsd#us-gaap_BoardMemberCompensationContractsMember" xlink:type="locator" />
    <link:definitionArc xlink:from="loc_RelatedPartyCommissionsAndFeesDomain.80456.7.6" xlink:to="loc_BoardMemberCompensationContractsMember.692.7.6" order="12.25000" priority="0" use="optional" xlink:arcrole="http://xbrl.org/int/dim/arcrole/domain-member" xlink:type="arc" />
    <link:loc xlink:label="loc_SponsorPreferredSharesMember.81414.7.6" xlink:href="cik1536256-20121231.xsd#cik1536256_SponsorPreferredSharesMember" xlink:type="locator" />
    <link:definitionArc xlink:from="loc_RelatedPartyCommissionsAndFeesDomain.80456.7.6" xlink:to="loc_SponsorPreferredSharesMember.81414.7.6" order="15.00000" priority="0" use="optional" xlink:arcrole="http://xbrl.org/int/dim/arcrole/domain-member" xlink:type="arc" />
  </link:definitionLink>
</link:linkbase>
