<?xml version="1.0" encoding="US-ASCII" standalone="no"?>
    <!-- Field: Doc-Info; Name: Generator; Value: GoFiler Complete; Version: 4.0b -->
    <!-- Field: Doc-Info; Name: VendorURI; Value: http://www.novaworks.co -->
    <!-- Field: Doc-Info; Name: Source; Value: P:\EDGARizer\Clients\United Realty Trust\XBRL\20140331\urp_033114.xfr; Date: 2014%2D04%2D30T22:30:29 -->
    <!-- Field: Doc-Info; Name: Status; Value: 0x00000000 -->
<link:linkbase xmlns:xsi="http://www.w3.org/2001/XMLSchema-instance" xmlns:xlink="http://www.w3.org/1999/xlink" xmlns:link="http://www.xbrl.org/2003/linkbase" xmlns:xbrldt="http://xbrl.org/2005/xbrldt" xmlns:xbrli="http://www.xbrl.org/2003/instance" xsi:schemaLocation="http://www.xbrl.org/2003/linkbase http://www.xbrl.org/2003/xbrl-linkbase-2003-12-31.xsd">
    <link:roleRef roleURI="http://unitedrealtytrust.com/role/DocumentAndEntityInformation" xlink:href="urt-20140331.xsd#DocumentAndEntityInformation" xlink:type="simple" />
    <link:roleRef roleURI="http://unitedrealtytrust.com/role/ConsolidatedBalanceSheets" xlink:href="urt-20140331.xsd#ConsolidatedBalanceSheets" xlink:type="simple" />
    <link:roleRef roleURI="http://unitedrealtytrust.com/role/ConsolidatedBalanceSheetsParenthetical" xlink:href="urt-20140331.xsd#ConsolidatedBalanceSheetsParenthetical" xlink:type="simple" />
    <link:roleRef roleURI="http://unitedrealtytrust.com/role/ConsolidatedStatementsOfOperations" xlink:href="urt-20140331.xsd#ConsolidatedStatementsOfOperations" xlink:type="simple" />
    <link:roleRef roleURI="http://unitedrealtytrust.com/role/ConsolidatedStatementsOfEquity" xlink:href="urt-20140331.xsd#ConsolidatedStatementsOfEquity" xlink:type="simple" />
    <link:roleRef roleURI="http://unitedrealtytrust.com/role/ConsolidatedStatementsOfCashFlows" xlink:href="urt-20140331.xsd#ConsolidatedStatementsOfCashFlows" xlink:type="simple" />
    <link:roleRef roleURI="http://unitedrealtytrust.com/role/Organization" xlink:href="urt-20140331.xsd#Organization" xlink:type="simple" />
    <link:roleRef roleURI="http://unitedrealtytrust.com/role/BasisOfPresentationAndSummaryOfSignificantAccountingPolicies" xlink:href="urt-20140331.xsd#BasisOfPresentationAndSummaryOfSignificantAccountingPolicies" xlink:type="simple" />
    <link:roleRef roleURI="http://unitedrealtytrust.com/role/MortgageNotesPayable" xlink:href="urt-20140331.xsd#MortgageNotesPayable" xlink:type="simple" />
    <link:roleRef roleURI="http://unitedrealtytrust.com/role/Capitalization" xlink:href="urt-20140331.xsd#Capitalization" xlink:type="simple" />
    <link:roleRef roleURI="http://unitedrealtytrust.com/role/StockIncentivePlan" xlink:href="urt-20140331.xsd#StockIncentivePlan" xlink:type="simple" />
    <link:roleRef roleURI="http://unitedrealtytrust.com/role/RelatedPartyArrangements" xlink:href="urt-20140331.xsd#RelatedPartyArrangements" xlink:type="simple" />
    <link:roleRef roleURI="http://unitedrealtytrust.com/role/Distributions" xlink:href="urt-20140331.xsd#Distributions" xlink:type="simple" />
    <link:roleRef roleURI="http://unitedrealtytrust.com/role/EconomicDependency" xlink:href="urt-20140331.xsd#EconomicDependency" xlink:type="simple" />
    <link:roleRef roleURI="http://unitedrealtytrust.com/role/SubsequentEvents" xlink:href="urt-20140331.xsd#SubsequentEvents" xlink:type="simple" />
    <link:roleRef roleURI="http://unitedrealtytrust.com/role/BasisOfPresentationAndSummaryOfSignificantAccountingPoliciesPolicies" xlink:href="urt-20140331.xsd#BasisOfPresentationAndSummaryOfSignificantAccountingPoliciesPolicies" xlink:type="simple" />
    <link:roleRef roleURI="http://unitedrealtytrust.com/role/BasisOfPresentationAndSummaryOfSignificantAccountingPoliciesTables" xlink:href="urt-20140331.xsd#BasisOfPresentationAndSummaryOfSignificantAccountingPoliciesTables" xlink:type="simple" />
    <link:roleRef roleURI="http://unitedrealtytrust.com/role/MortgageNotesPayableTables" xlink:href="urt-20140331.xsd#MortgageNotesPayableTables" xlink:type="simple" />
    <link:roleRef roleURI="http://unitedrealtytrust.com/role/RelatedPartyArrangementsTables" xlink:href="urt-20140331.xsd#RelatedPartyArrangementsTables" xlink:type="simple" />
    <link:roleRef roleURI="http://unitedrealtytrust.com/role/OrganizationDetailsNarrative" xlink:href="urt-20140331.xsd#OrganizationDetailsNarrative" xlink:type="simple" />
    <link:roleRef roleURI="http://unitedrealtytrust.com/role/BasisOfPresentationAndSummaryOfSignificantAccountingPoliciesDetailsNarrative" xlink:href="urt-20140331.xsd#BasisOfPresentationAndSummaryOfSignificantAccountingPoliciesDetailsNarrative" xlink:type="simple" />
    <link:roleRef roleURI="http://unitedrealtytrust.com/role/BasisOfPresentationAndSummaryOfSignificantAccountingPoliciesDetailsNarrative1" xlink:href="urt-20140331.xsd#BasisOfPresentationAndSummaryOfSignificantAccountingPoliciesDetailsNarrative1" xlink:type="simple" />
    <link:roleRef roleURI="http://unitedrealtytrust.com/role/BasisOfPresentationAndSummaryOfSignificantAccountingPoliciesDetails" xlink:href="urt-20140331.xsd#BasisOfPresentationAndSummaryOfSignificantAccountingPoliciesDetails" xlink:type="simple" />
    <link:roleRef roleURI="http://unitedrealtytrust.com/role/MortgageNotesPayableDetailsNarrative" xlink:href="urt-20140331.xsd#MortgageNotesPayableDetailsNarrative" xlink:type="simple" />
    <link:roleRef roleURI="http://unitedrealtytrust.com/role/MortgageNotesPayableDetails" xlink:href="urt-20140331.xsd#MortgageNotesPayableDetails" xlink:type="simple" />
    <link:roleRef roleURI="http://unitedrealtytrust.com/role/CapitalizationDetailsNarrative" xlink:href="urt-20140331.xsd#CapitalizationDetailsNarrative" xlink:type="simple" />
    <link:roleRef roleURI="http://unitedrealtytrust.com/role/StockIncentivePlanDetailsNarrative" xlink:href="urt-20140331.xsd#StockIncentivePlanDetailsNarrative" xlink:type="simple" />
    <link:roleRef roleURI="http://unitedrealtytrust.com/role/RelatedPartyArrangementsDetails" xlink:href="urt-20140331.xsd#RelatedPartyArrangementsDetails" xlink:type="simple" />
    <link:roleRef roleURI="http://unitedrealtytrust.com/role/SubsequentEventsDetailsNarrative" xlink:href="urt-20140331.xsd#SubsequentEventsDetailsNarrative" xlink:type="simple" />
    <link:arcroleRef xlink:type="simple" xlink:href="http://www.xbrl.org/2005/xbrldt-2005.xsd#hypercube-dimension" arcroleURI="http://xbrl.org/int/dim/arcrole/hypercube-dimension" />
    <link:arcroleRef xlink:type="simple" xlink:href="http://www.xbrl.org/2005/xbrldt-2005.xsd#dimension-domain" arcroleURI="http://xbrl.org/int/dim/arcrole/dimension-domain" />
    <link:arcroleRef xlink:type="simple" xlink:href="http://www.xbrl.org/2005/xbrldt-2005.xsd#domain-member" arcroleURI="http://xbrl.org/int/dim/arcrole/domain-member" />
    <link:arcroleRef xlink:type="simple" xlink:href="http://www.xbrl.org/2005/xbrldt-2005.xsd#all" arcroleURI="http://xbrl.org/int/dim/arcrole/all" />
    <link:arcroleRef xlink:type="simple" xlink:href="http://www.xbrl.org/2005/xbrldt-2005.xsd#notAll" arcroleURI="http://xbrl.org/int/dim/arcrole/notAll" />
    <link:arcroleRef xlink:type="simple" xlink:href="http://www.xbrl.org/2005/xbrldt-2005.xsd#dimension-default" arcroleURI="http://xbrl.org/int/dim/arcrole/dimension-default" />
    <link:definitionLink xlink:type="extended" xlink:role="http://unitedrealtytrust.com/role/DocumentAndEntityInformation" xlink:title="00000001 - Document - Document and Entity Information" />
    <link:definitionLink xlink:type="extended" xlink:role="http://unitedrealtytrust.com/role/ConsolidatedBalanceSheets" xlink:title="00000002 - Statement - CONSOLIDATED BALANCE SHEETS (Unaudited)" />
    <link:definitionLink xlink:type="extended" xlink:role="http://unitedrealtytrust.com/role/ConsolidatedBalanceSheetsParenthetical" xlink:title="00000003 - Statement - CONSOLIDATED BALANCE SHEETS (Unaudited) (Parenthetical)" />
    <link:definitionLink xlink:type="extended" xlink:role="http://unitedrealtytrust.com/role/ConsolidatedStatementsOfOperations" xlink:title="00000004 - Statement - CONSOLIDATED STATEMENTS OF OPERATIONS (Unaudited)" />
    <link:definitionLink xlink:type="extended" xlink:role="http://unitedrealtytrust.com/role/ConsolidatedStatementsOfEquity" xlink:title="00000005 - Statement - CONSOLIDATED STATEMENTS OF EQUITY (Unaudited)">
      <link:loc xlink:type="locator" xlink:href="http://xbrl.fasb.org/us-gaap/2013/elts/us-gaap-2013-01-31.xsd#us-gaap_StatementLineItems" xlink:label="loc_us-gaapStatementLineItems" />
      <link:loc xlink:type="locator" xlink:href="http://xbrl.fasb.org/us-gaap/2013/elts/us-gaap-2013-01-31.xsd#us-gaap_StatementTable" xlink:label="loc_us-gaapStatementTable" />
      <link:definitionArc xlink:arcrole="http://xbrl.org/int/dim/arcrole/all" xbrldt:contextElement="segment" xlink:from="loc_us-gaapStatementLineItems" xlink:to="loc_us-gaapStatementTable" xlink:type="arc" order="10" xbrldt:closed="true" />
      <link:loc xlink:type="locator" xlink:href="http://xbrl.fasb.org/us-gaap/2013/elts/us-gaap-2013-01-31.xsd#us-gaap_StatementEquityComponentsAxis" xlink:label="loc_us-gaapStatementEquityComponentsAxis" />
      <link:definitionArc xlink:arcrole="http://xbrl.org/int/dim/arcrole/hypercube-dimension" xlink:from="loc_us-gaapStatementTable" xlink:to="loc_us-gaapStatementEquityComponentsAxis" xlink:type="arc" order="1" />
      <link:loc xlink:type="locator" xlink:href="http://xbrl.fasb.org/us-gaap/2013/elts/us-gaap-2013-01-31.xsd#us-gaap_EquityComponentDomain" xlink:label="loc_us-gaapEquityComponentDomain" />
      <link:definitionArc xlink:arcrole="http://xbrl.org/int/dim/arcrole/dimension-domain" xlink:from="loc_us-gaapStatementEquityComponentsAxis" xlink:to="loc_us-gaapEquityComponentDomain" xlink:type="arc" order="20" />
      <link:loc xlink:type="locator" xlink:href="http://xbrl.fasb.org/us-gaap/2013/elts/us-gaap-2013-01-31.xsd#us-gaap_EquityComponentDomain" xlink:label="loc_us-gaapEquityComponentDomain_10" />
      <link:definitionArc xlink:arcrole="http://xbrl.org/int/dim/arcrole/dimension-default" xbrldt:contextElement="segment" xlink:from="loc_us-gaapStatementEquityComponentsAxis" xlink:to="loc_us-gaapEquityComponentDomain_10" xlink:type="arc" order="30" />
      <link:loc xlink:type="locator" xlink:href="http://xbrl.fasb.org/us-gaap/2013/elts/us-gaap-2013-01-31.xsd#us-gaap_PreferredStockMember" xlink:label="loc_us-gaapPreferredStockMember_0" />
      <link:definitionArc xlink:arcrole="http://xbrl.org/int/dim/arcrole/domain-member" xlink:from="loc_us-gaapEquityComponentDomain" xlink:to="loc_us-gaapPreferredStockMember_0" xlink:type="arc" order="1" />
      <link:loc xlink:type="locator" xlink:href="http://xbrl.fasb.org/us-gaap/2013/elts/us-gaap-2013-01-31.xsd#us-gaap_CommonStockMember" xlink:label="loc_us-gaapCommonStockMember_10" />
      <link:definitionArc xlink:arcrole="http://xbrl.org/int/dim/arcrole/domain-member" xlink:from="loc_us-gaapEquityComponentDomain" xlink:to="loc_us-gaapCommonStockMember_10" xlink:type="arc" order="11" />
      <link:loc xlink:type="locator" xlink:href="http://xbrl.fasb.org/us-gaap/2013/elts/us-gaap-2013-01-31.xsd#us-gaap_AdditionalPaidInCapitalMember" xlink:label="loc_us-gaapAdditionalPaidInCapitalMember_20" />
      <link:definitionArc xlink:arcrole="http://xbrl.org/int/dim/arcrole/domain-member" xlink:from="loc_us-gaapEquityComponentDomain" xlink:to="loc_us-gaapAdditionalPaidInCapitalMember_20" xlink:type="arc" order="21" />
      <link:loc xlink:type="locator" xlink:href="http://xbrl.fasb.org/us-gaap/2013/elts/us-gaap-2013-01-31.xsd#us-gaap_RetainedEarningsMember" xlink:label="loc_us-gaapRetainedEarningsMember_30" />
      <link:definitionArc xlink:arcrole="http://xbrl.org/int/dim/arcrole/domain-member" xlink:from="loc_us-gaapEquityComponentDomain" xlink:to="loc_us-gaapRetainedEarningsMember_30" xlink:type="arc" order="31" />
      <link:loc xlink:type="locator" xlink:href="http://xbrl.fasb.org/us-gaap/2013/elts/us-gaap-2013-01-31.xsd#us-gaap_NoncontrollingInterestMember" xlink:label="loc_us-gaapNoncontrollingInterestMember_40" />
      <link:definitionArc xlink:arcrole="http://xbrl.org/int/dim/arcrole/domain-member" xlink:from="loc_us-gaapEquityComponentDomain" xlink:to="loc_us-gaapNoncontrollingInterestMember_40" xlink:type="arc" order="41" />
      <link:loc xlink:type="locator" xlink:href="http://xbrl.fasb.org/us-gaap/2013/elts/us-gaap-2013-01-31.xsd#us-gaap_StockholdersEquityIncludingPortionAttributableToNoncontrollingInterest" xlink:label="loc_us-gaapStockholdersEquityIncludingPortionAttributableToNoncontrollingInterest_70" />
      <link:definitionArc xlink:arcrole="http://xbrl.org/int/dim/arcrole/domain-member" xlink:from="loc_us-gaapStatementLineItems" xlink:to="loc_us-gaapStockholdersEquityIncludingPortionAttributableToNoncontrollingInterest_70" xlink:type="arc" order="1" />
      <link:loc xlink:type="locator" xlink:href="http://xbrl.fasb.org/us-gaap/2013/elts/us-gaap-2013-01-31.xsd#us-gaap_SharesOutstanding" xlink:label="loc_us-gaapSharesOutstanding_70" />
      <link:definitionArc xlink:arcrole="http://xbrl.org/int/dim/arcrole/domain-member" xlink:from="loc_us-gaapStatementLineItems" xlink:to="loc_us-gaapSharesOutstanding_70" xlink:type="arc" order="2" />
      <link:loc xlink:type="locator" xlink:href="http://xbrl.fasb.org/us-gaap/2013/elts/us-gaap-2013-01-31.xsd#us-gaap_StockIssuedDuringPeriodValueNewIssues" xlink:label="loc_us-gaapStockIssuedDuringPeriodValueNewIssues_70" />
      <link:definitionArc xlink:arcrole="http://xbrl.org/int/dim/arcrole/domain-member" xlink:from="loc_us-gaapStatementLineItems" xlink:to="loc_us-gaapStockIssuedDuringPeriodValueNewIssues_70" xlink:type="arc" order="3" />
      <link:loc xlink:type="locator" xlink:href="http://xbrl.fasb.org/us-gaap/2013/elts/us-gaap-2013-01-31.xsd#us-gaap_StockIssuedDuringPeriodSharesNewIssues" xlink:label="loc_us-gaapStockIssuedDuringPeriodSharesNewIssues_70" />
      <link:definitionArc xlink:arcrole="http://xbrl.org/int/dim/arcrole/domain-member" xlink:from="loc_us-gaapStatementLineItems" xlink:to="loc_us-gaapStockIssuedDuringPeriodSharesNewIssues_70" xlink:type="arc" order="4" />
      <link:loc xlink:type="locator" xlink:href="http://xbrl.fasb.org/us-gaap/2013/elts/us-gaap-2013-01-31.xsd#us-gaap_MinorityInterestDecreaseFromDistributionsToNoncontrollingInterestHolders" xlink:label="loc_us-gaapMinorityInterestDecreaseFromDistributionsToNoncontrollingInterestHolders_70" />
      <link:definitionArc xlink:arcrole="http://xbrl.org/int/dim/arcrole/domain-member" xlink:from="loc_us-gaapStatementLineItems" xlink:to="loc_us-gaapMinorityInterestDecreaseFromDistributionsToNoncontrollingInterestHolders_70" xlink:type="arc" order="5" />
      <link:loc xlink:type="locator" xlink:href="http://xbrl.fasb.org/us-gaap/2013/elts/us-gaap-2013-01-31.xsd#us-gaap_AdjustmentsToAdditionalPaidInCapitalShareBasedCompensationRestrictedStockUnitsRequisiteServicePeriodRecognition" xlink:label="loc_us-gaapAdjustmentsToAdditionalPaidInCapitalShareBasedCompensationRestrictedStockUnitsRequisiteServicePeriodRecognition_70" />
      <link:definitionArc xlink:arcrole="http://xbrl.org/int/dim/arcrole/domain-member" xlink:from="loc_us-gaapStatementLineItems" xlink:to="loc_us-gaapAdjustmentsToAdditionalPaidInCapitalShareBasedCompensationRestrictedStockUnitsRequisiteServicePeriodRecognition_70" xlink:type="arc" order="6" />
      <link:loc xlink:type="locator" xlink:href="http://xbrl.fasb.org/us-gaap/2013/elts/us-gaap-2013-01-31.xsd#us-gaap_ShareBasedCompensationArrangementByShareBasedPaymentAwardOptionsGrantsInPeriod" xlink:label="loc_us-gaapShareBasedCompensationArrangementByShareBasedPaymentAwardOptionsGrantsInPeriod_70" />
      <link:definitionArc xlink:arcrole="http://xbrl.org/int/dim/arcrole/domain-member" xlink:from="loc_us-gaapStatementLineItems" xlink:to="loc_us-gaapShareBasedCompensationArrangementByShareBasedPaymentAwardOptionsGrantsInPeriod_70" xlink:type="arc" order="7" />
      <link:loc xlink:type="locator" xlink:href="http://xbrl.fasb.org/us-gaap/2013/elts/us-gaap-2013-01-31.xsd#us-gaap_StockIssuedDuringPeriodSharesShareBasedCompensation" xlink:label="loc_us-gaapStockIssuedDuringPeriodSharesShareBasedCompensation_70" />
      <link:definitionArc xlink:arcrole="http://xbrl.org/int/dim/arcrole/domain-member" xlink:from="loc_us-gaapStatementLineItems" xlink:to="loc_us-gaapStockIssuedDuringPeriodSharesShareBasedCompensation_70" xlink:type="arc" order="8" />
      <link:loc xlink:type="locator" xlink:href="http://xbrl.fasb.org/us-gaap/2013/elts/us-gaap-2013-01-31.xsd#us-gaap_AdjustmentsToAdditionalPaidInCapitalStockIssuedIssuanceCosts" xlink:label="loc_us-gaapAdjustmentsToAdditionalPaidInCapitalStockIssuedIssuanceCosts_70" />
      <link:definitionArc xlink:arcrole="http://xbrl.org/int/dim/arcrole/domain-member" xlink:from="loc_us-gaapStatementLineItems" xlink:to="loc_us-gaapAdjustmentsToAdditionalPaidInCapitalStockIssuedIssuanceCosts_70" xlink:type="arc" order="9" />
      <link:loc xlink:type="locator" xlink:href="http://xbrl.fasb.org/us-gaap/2013/elts/us-gaap-2013-01-31.xsd#us-gaap_Dividends" xlink:label="loc_us-gaapDividends_70" />
      <link:definitionArc xlink:arcrole="http://xbrl.org/int/dim/arcrole/domain-member" xlink:from="loc_us-gaapStatementLineItems" xlink:to="loc_us-gaapDividends_70" xlink:type="arc" order="10" />
      <link:loc xlink:type="locator" xlink:href="http://xbrl.fasb.org/us-gaap/2013/elts/us-gaap-2013-01-31.xsd#us-gaap_StockIssuedDuringPeriodValueDividendReinvestmentPlan" xlink:label="loc_us-gaapStockIssuedDuringPeriodValueDividendReinvestmentPlan_70" />
      <link:definitionArc xlink:arcrole="http://xbrl.org/int/dim/arcrole/domain-member" xlink:from="loc_us-gaapStatementLineItems" xlink:to="loc_us-gaapStockIssuedDuringPeriodValueDividendReinvestmentPlan_70" xlink:type="arc" order="11" />
      <link:loc xlink:type="locator" xlink:href="http://xbrl.fasb.org/us-gaap/2013/elts/us-gaap-2013-01-31.xsd#us-gaap_StockIssuedDuringPeriodSharesDividendReinvestmentPlan" xlink:label="loc_us-gaapStockIssuedDuringPeriodSharesDividendReinvestmentPlan_70" />
      <link:definitionArc xlink:arcrole="http://xbrl.org/int/dim/arcrole/domain-member" xlink:from="loc_us-gaapStatementLineItems" xlink:to="loc_us-gaapStockIssuedDuringPeriodSharesDividendReinvestmentPlan_70" xlink:type="arc" order="12" />
      <link:loc xlink:type="locator" xlink:href="http://xbrl.fasb.org/us-gaap/2013/elts/us-gaap-2013-01-31.xsd#us-gaap_ProfitLoss" xlink:label="loc_us-gaapProfitLoss_70" />
      <link:definitionArc xlink:arcrole="http://xbrl.org/int/dim/arcrole/domain-member" xlink:from="loc_us-gaapStatementLineItems" xlink:to="loc_us-gaapProfitLoss_70" xlink:type="arc" order="13" />
      <link:loc xlink:type="locator" xlink:href="http://xbrl.fasb.org/us-gaap/2013/elts/us-gaap-2013-01-31.xsd#us-gaap_AdjustmentsToAdditionalPaidInCapitalOther" xlink:label="loc_us-gaapAdjustmentsToAdditionalPaidInCapitalOther_70" />
      <link:definitionArc xlink:arcrole="http://xbrl.org/int/dim/arcrole/domain-member" xlink:from="loc_us-gaapStatementLineItems" xlink:to="loc_us-gaapAdjustmentsToAdditionalPaidInCapitalOther_70" xlink:type="arc" order="14" />
    </link:definitionLink>
    <link:definitionLink xlink:type="extended" xlink:role="http://unitedrealtytrust.com/role/ConsolidatedStatementsOfCashFlows" xlink:title="00000006 - Statement - CONSOLIDATED STATEMENTS OF CASH FLOWS (Unaudited)" />
    <link:definitionLink xlink:type="extended" xlink:role="http://unitedrealtytrust.com/role/Organization" xlink:title="00000007 - Disclosure - Organization" />
    <link:definitionLink xlink:type="extended" xlink:role="http://unitedrealtytrust.com/role/BasisOfPresentationAndSummaryOfSignificantAccountingPolicies" xlink:title="00000008 - Disclosure - Basis of Presentation and Summary of Significant Accounting Policies" />
    <link:definitionLink xlink:type="extended" xlink:role="http://unitedrealtytrust.com/role/MortgageNotesPayable" xlink:title="00000009 - Disclosure - Mortgage Notes Payable" />
    <link:definitionLink xlink:type="extended" xlink:role="http://unitedrealtytrust.com/role/Capitalization" xlink:title="00000010 - Disclosure - Capitalization" />
    <link:definitionLink xlink:type="extended" xlink:role="http://unitedrealtytrust.com/role/StockIncentivePlan" xlink:title="00000011 - Disclosure - Stock Incentive Plan" />
    <link:definitionLink xlink:type="extended" xlink:role="http://unitedrealtytrust.com/role/RelatedPartyArrangements" xlink:title="00000012 - Disclosure - Related Party Arrangements" />
    <link:definitionLink xlink:type="extended" xlink:role="http://unitedrealtytrust.com/role/Distributions" xlink:title="00000013 - Disclosure - Distributions" />
    <link:definitionLink xlink:type="extended" xlink:role="http://unitedrealtytrust.com/role/EconomicDependency" xlink:title="00000014 - Disclosure - Economic Dependency" />
    <link:definitionLink xlink:type="extended" xlink:role="http://unitedrealtytrust.com/role/SubsequentEvents" xlink:title="00000015 - Disclosure - Subsequent Events" />
    <link:definitionLink xlink:type="extended" xlink:role="http://unitedrealtytrust.com/role/BasisOfPresentationAndSummaryOfSignificantAccountingPoliciesPolicies" xlink:title="00000016 - Disclosure - Basis of Presentation and Summary of Significant Accounting Policies (Policies)" />
    <link:definitionLink xlink:type="extended" xlink:role="http://unitedrealtytrust.com/role/BasisOfPresentationAndSummaryOfSignificantAccountingPoliciesTables" xlink:title="00000017 - Disclosure - Basis of Presentation and Summary of Significant Accounting Policies (Tables)" />
    <link:definitionLink xlink:type="extended" xlink:role="http://unitedrealtytrust.com/role/MortgageNotesPayableTables" xlink:title="00000018 - Disclosure - Mortgage Notes Payable (Tables)" />
    <link:definitionLink xlink:type="extended" xlink:role="http://unitedrealtytrust.com/role/RelatedPartyArrangementsTables" xlink:title="00000019 - Disclosure - Related Party Arrangements (Tables)" />
    <link:definitionLink xlink:type="extended" xlink:role="http://unitedrealtytrust.com/role/OrganizationDetailsNarrative" xlink:title="00000020 - Disclosure - Organization (Details Narrative)">
      <link:loc xlink:type="locator" xlink:href="http://xbrl.fasb.org/us-gaap/2013/elts/us-gaap-2013-01-31.xsd#us-gaap_StatementLineItems" xlink:label="loc_us-gaapStatementLineItems" />
      <link:loc xlink:type="locator" xlink:href="http://xbrl.fasb.org/us-gaap/2013/elts/us-gaap-2013-01-31.xsd#us-gaap_StatementTable" xlink:label="loc_us-gaapStatementTable" />
      <link:definitionArc xlink:arcrole="http://xbrl.org/int/dim/arcrole/all" xbrldt:contextElement="segment" xlink:from="loc_us-gaapStatementLineItems" xlink:to="loc_us-gaapStatementTable" xlink:type="arc" order="10" xbrldt:closed="true" />
      <link:loc xlink:type="locator" xlink:href="http://xbrl.fasb.org/us-gaap/2013/elts/us-gaap-2013-01-31.xsd#us-gaap_RelatedPartyTransactionsByRelatedPartyAxis" xlink:label="loc_us-gaapRelatedPartyTransactionsByRelatedPartyAxis" />
      <link:definitionArc xlink:arcrole="http://xbrl.org/int/dim/arcrole/hypercube-dimension" xlink:from="loc_us-gaapStatementTable" xlink:to="loc_us-gaapRelatedPartyTransactionsByRelatedPartyAxis" xlink:type="arc" order="1" />
      <link:loc xlink:type="locator" xlink:href="http://xbrl.fasb.org/us-gaap/2013/elts/us-gaap-2013-01-31.xsd#us-gaap_RelatedPartyDomain" xlink:label="loc_us-gaapRelatedPartyDomain" />
      <link:definitionArc xlink:arcrole="http://xbrl.org/int/dim/arcrole/dimension-domain" xlink:from="loc_us-gaapRelatedPartyTransactionsByRelatedPartyAxis" xlink:to="loc_us-gaapRelatedPartyDomain" xlink:type="arc" order="20" />
      <link:loc xlink:type="locator" xlink:href="http://xbrl.fasb.org/us-gaap/2013/elts/us-gaap-2013-01-31.xsd#us-gaap_RelatedPartyDomain" xlink:label="loc_us-gaapRelatedPartyDomain_10" />
      <link:definitionArc xlink:arcrole="http://xbrl.org/int/dim/arcrole/dimension-default" xbrldt:contextElement="segment" xlink:from="loc_us-gaapRelatedPartyTransactionsByRelatedPartyAxis" xlink:to="loc_us-gaapRelatedPartyDomain_10" xlink:type="arc" order="30" />
      <link:loc xlink:type="locator" xlink:href="urt-20140331.xsd#urt_UnitedRealtyAdvisorHoldingsLLCMember" xlink:label="loc_urtUnitedRealtyAdvisorHoldingsLLCMember_0" />
      <link:definitionArc xlink:arcrole="http://xbrl.org/int/dim/arcrole/domain-member" xlink:from="loc_us-gaapRelatedPartyDomain" xlink:to="loc_urtUnitedRealtyAdvisorHoldingsLLCMember_0" xlink:type="arc" order="1" />
      <link:loc xlink:type="locator" xlink:href="http://xbrl.fasb.org/us-gaap/2013/elts/us-gaap-2013-01-31.xsd#us-gaap_StatementClassOfStockAxis" xlink:label="loc_us-gaapStatementClassOfStockAxis" />
      <link:definitionArc xlink:arcrole="http://xbrl.org/int/dim/arcrole/hypercube-dimension" xlink:from="loc_us-gaapStatementTable" xlink:to="loc_us-gaapStatementClassOfStockAxis" xlink:type="arc" order="2" />
      <link:loc xlink:type="locator" xlink:href="http://xbrl.fasb.org/us-gaap/2013/elts/us-gaap-2013-01-31.xsd#us-gaap_ClassOfStockDomain" xlink:label="loc_us-gaapClassOfStockDomain" />
      <link:definitionArc xlink:arcrole="http://xbrl.org/int/dim/arcrole/dimension-domain" xlink:from="loc_us-gaapStatementClassOfStockAxis" xlink:to="loc_us-gaapClassOfStockDomain" xlink:type="arc" order="20" />
      <link:loc xlink:type="locator" xlink:href="http://xbrl.fasb.org/us-gaap/2013/elts/us-gaap-2013-01-31.xsd#us-gaap_ClassOfStockDomain" xlink:label="loc_us-gaapClassOfStockDomain_10" />
      <link:definitionArc xlink:arcrole="http://xbrl.org/int/dim/arcrole/dimension-default" xbrldt:contextElement="segment" xlink:from="loc_us-gaapStatementClassOfStockAxis" xlink:to="loc_us-gaapClassOfStockDomain_10" xlink:type="arc" order="30" />
      <link:loc xlink:type="locator" xlink:href="http://xbrl.fasb.org/us-gaap/2013/elts/us-gaap-2013-01-31.xsd#us-gaap_PreferredStockMember" xlink:label="loc_us-gaapPreferredStockMember_0" />
      <link:definitionArc xlink:arcrole="http://xbrl.org/int/dim/arcrole/domain-member" xlink:from="loc_us-gaapClassOfStockDomain" xlink:to="loc_us-gaapPreferredStockMember_0" xlink:type="arc" order="2" />
      <link:loc xlink:type="locator" xlink:href="http://xbrl.fasb.org/us-gaap/2013/elts/us-gaap-2013-01-31.xsd#us-gaap_SubsidiarySaleOfStockAxis" xlink:label="loc_us-gaapSubsidiarySaleOfStockAxis" />
      <link:definitionArc xlink:arcrole="http://xbrl.org/int/dim/arcrole/hypercube-dimension" xlink:from="loc_us-gaapStatementTable" xlink:to="loc_us-gaapSubsidiarySaleOfStockAxis" xlink:type="arc" order="3" />
      <link:loc xlink:type="locator" xlink:href="http://xbrl.fasb.org/us-gaap/2013/elts/us-gaap-2013-01-31.xsd#us-gaap_SaleOfStockNameOfTransactionDomain" xlink:label="loc_us-gaapSaleOfStockNameOfTransactionDomain" />
      <link:definitionArc xlink:arcrole="http://xbrl.org/int/dim/arcrole/dimension-domain" xlink:from="loc_us-gaapSubsidiarySaleOfStockAxis" xlink:to="loc_us-gaapSaleOfStockNameOfTransactionDomain" xlink:type="arc" order="20" />
      <link:loc xlink:type="locator" xlink:href="http://xbrl.fasb.org/us-gaap/2013/elts/us-gaap-2013-01-31.xsd#us-gaap_SaleOfStockNameOfTransactionDomain" xlink:label="loc_us-gaapSaleOfStockNameOfTransactionDomain_10" />
      <link:definitionArc xlink:arcrole="http://xbrl.org/int/dim/arcrole/dimension-default" xbrldt:contextElement="segment" xlink:from="loc_us-gaapSubsidiarySaleOfStockAxis" xlink:to="loc_us-gaapSaleOfStockNameOfTransactionDomain_10" xlink:type="arc" order="30" />
      <link:loc xlink:type="locator" xlink:href="http://xbrl.fasb.org/us-gaap/2013/elts/us-gaap-2013-01-31.xsd#us-gaap_IPOMember" xlink:label="loc_us-gaapIPOMember_10" />
      <link:definitionArc xlink:arcrole="http://xbrl.org/int/dim/arcrole/domain-member" xlink:from="loc_us-gaapSaleOfStockNameOfTransactionDomain" xlink:to="loc_us-gaapIPOMember_10" xlink:type="arc" order="11" />
      <link:loc xlink:type="locator" xlink:href="urt-20140331.xsd#urt_DistributionReinvestmentProgramMember" xlink:label="loc_urtDistributionReinvestmentProgramMember_20" />
      <link:definitionArc xlink:arcrole="http://xbrl.org/int/dim/arcrole/domain-member" xlink:from="loc_us-gaapSaleOfStockNameOfTransactionDomain" xlink:to="loc_urtDistributionReinvestmentProgramMember_20" xlink:type="arc" order="21" />
      <link:loc xlink:type="locator" xlink:href="http://xbrl.sec.gov/dei/2013/dei-2013-01-31.xsd#dei_LegalEntityAxis" xlink:label="loc_deiLegalEntityAxis" />
      <link:definitionArc xlink:arcrole="http://xbrl.org/int/dim/arcrole/hypercube-dimension" xlink:from="loc_us-gaapStatementTable" xlink:to="loc_deiLegalEntityAxis" xlink:type="arc" order="4" />
      <link:loc xlink:type="locator" xlink:href="http://xbrl.sec.gov/dei/2013/dei-2013-01-31.xsd#dei_EntityDomain" xlink:label="loc_deiEntityDomain" />
      <link:definitionArc xlink:arcrole="http://xbrl.org/int/dim/arcrole/dimension-domain" xlink:from="loc_deiLegalEntityAxis" xlink:to="loc_deiEntityDomain" xlink:type="arc" order="20" />
      <link:loc xlink:type="locator" xlink:href="http://xbrl.sec.gov/dei/2013/dei-2013-01-31.xsd#dei_EntityDomain" xlink:label="loc_deiEntityDomain_10" />
      <link:definitionArc xlink:arcrole="http://xbrl.org/int/dim/arcrole/dimension-default" xbrldt:contextElement="segment" xlink:from="loc_deiLegalEntityAxis" xlink:to="loc_deiEntityDomain_10" xlink:type="arc" order="30" />
      <link:loc xlink:type="locator" xlink:href="http://xbrl.fasb.org/us-gaap/2013/elts/us-gaap-2013-01-31.xsd#us-gaap_PartnershipInterestMember" xlink:label="loc_us-gaapPartnershipInterestMember_30" />
      <link:definitionArc xlink:arcrole="http://xbrl.org/int/dim/arcrole/domain-member" xlink:from="loc_deiEntityDomain" xlink:to="loc_us-gaapPartnershipInterestMember_30" xlink:type="arc" order="31" />
      <link:loc xlink:type="locator" xlink:href="http://xbrl.fasb.org/us-gaap/2013/elts/us-gaap-2013-01-31.xsd#us-gaap_PartnerTypeOfPartnersCapitalAccountAxis" xlink:label="loc_us-gaapPartnerTypeOfPartnersCapitalAccountAxis" />
      <link:definitionArc xlink:arcrole="http://xbrl.org/int/dim/arcrole/hypercube-dimension" xlink:from="loc_us-gaapStatementTable" xlink:to="loc_us-gaapPartnerTypeOfPartnersCapitalAccountAxis" xlink:type="arc" order="5" />
      <link:loc xlink:type="locator" xlink:href="http://xbrl.fasb.org/us-gaap/2013/elts/us-gaap-2013-01-31.xsd#us-gaap_PartnerTypeOfPartnersCapitalAccountNameDomain" xlink:label="loc_us-gaapPartnerTypeOfPartnersCapitalAccountNameDomain" />
      <link:definitionArc xlink:arcrole="http://xbrl.org/int/dim/arcrole/dimension-domain" xlink:from="loc_us-gaapPartnerTypeOfPartnersCapitalAccountAxis" xlink:to="loc_us-gaapPartnerTypeOfPartnersCapitalAccountNameDomain" xlink:type="arc" order="20" />
      <link:loc xlink:type="locator" xlink:href="http://xbrl.fasb.org/us-gaap/2013/elts/us-gaap-2013-01-31.xsd#us-gaap_PartnerTypeOfPartnersCapitalAccountNameDomain" xlink:label="loc_us-gaapPartnerTypeOfPartnersCapitalAccountNameDomain_10" />
      <link:definitionArc xlink:arcrole="http://xbrl.org/int/dim/arcrole/dimension-default" xbrldt:contextElement="segment" xlink:from="loc_us-gaapPartnerTypeOfPartnersCapitalAccountAxis" xlink:to="loc_us-gaapPartnerTypeOfPartnersCapitalAccountNameDomain_10" xlink:type="arc" order="30" />
      <link:loc xlink:type="locator" xlink:href="http://xbrl.fasb.org/us-gaap/2013/elts/us-gaap-2013-01-31.xsd#us-gaap_GeneralPartnerMember" xlink:label="loc_us-gaapGeneralPartnerMember_30" />
      <link:definitionArc xlink:arcrole="http://xbrl.org/int/dim/arcrole/domain-member" xlink:from="loc_us-gaapPartnerTypeOfPartnersCapitalAccountNameDomain" xlink:to="loc_us-gaapGeneralPartnerMember_30" xlink:type="arc" order="32" />
      <link:loc xlink:type="locator" xlink:href="http://xbrl.fasb.org/us-gaap/2013/elts/us-gaap-2013-01-31.xsd#us-gaap_LimitedPartnerMember" xlink:label="loc_us-gaapLimitedPartnerMember_40" />
      <link:definitionArc xlink:arcrole="http://xbrl.org/int/dim/arcrole/domain-member" xlink:from="loc_us-gaapPartnerTypeOfPartnersCapitalAccountNameDomain" xlink:to="loc_us-gaapLimitedPartnerMember_40" xlink:type="arc" order="42" />
      <link:loc xlink:type="locator" xlink:href="http://xbrl.fasb.org/us-gaap/2013/elts/us-gaap-2013-01-31.xsd#us-gaap_ScheduleOfEquityMethodInvestmentEquityMethodInvesteeNameAxis" xlink:label="loc_us-gaapScheduleOfEquityMethodInvestmentEquityMethodInvesteeNameAxis" />
      <link:definitionArc xlink:arcrole="http://xbrl.org/int/dim/arcrole/hypercube-dimension" xlink:from="loc_us-gaapStatementTable" xlink:to="loc_us-gaapScheduleOfEquityMethodInvestmentEquityMethodInvesteeNameAxis" xlink:type="arc" order="6" />
      <link:loc xlink:type="locator" xlink:href="http://xbrl.fasb.org/us-gaap/2013/elts/us-gaap-2013-01-31.xsd#us-gaap_EquityMethodInvesteeNameDomain" xlink:label="loc_us-gaapEquityMethodInvesteeNameDomain" />
      <link:definitionArc xlink:arcrole="http://xbrl.org/int/dim/arcrole/dimension-domain" xlink:from="loc_us-gaapScheduleOfEquityMethodInvestmentEquityMethodInvesteeNameAxis" xlink:to="loc_us-gaapEquityMethodInvesteeNameDomain" xlink:type="arc" order="20" />
      <link:loc xlink:type="locator" xlink:href="http://xbrl.fasb.org/us-gaap/2013/elts/us-gaap-2013-01-31.xsd#us-gaap_EquityMethodInvesteeNameDomain" xlink:label="loc_us-gaapEquityMethodInvesteeNameDomain_10" />
      <link:definitionArc xlink:arcrole="http://xbrl.org/int/dim/arcrole/dimension-default" xbrldt:contextElement="segment" xlink:from="loc_us-gaapScheduleOfEquityMethodInvestmentEquityMethodInvesteeNameAxis" xlink:to="loc_us-gaapEquityMethodInvesteeNameDomain_10" xlink:type="arc" order="30" />
      <link:loc xlink:type="locator" xlink:href="urt-20140331.xsd#urt_InvesteeNameMember" xlink:label="loc_urtInvesteeNameMember_50" />
      <link:definitionArc xlink:arcrole="http://xbrl.org/int/dim/arcrole/domain-member" xlink:from="loc_us-gaapEquityMethodInvesteeNameDomain" xlink:to="loc_urtInvesteeNameMember_50" xlink:type="arc" order="51" />
      <link:loc xlink:type="locator" xlink:href="urt-20140331.xsd#urt_InvesteeNameOneMember" xlink:label="loc_urtInvesteeNameOneMember_60" />
      <link:definitionArc xlink:arcrole="http://xbrl.org/int/dim/arcrole/domain-member" xlink:from="loc_us-gaapEquityMethodInvesteeNameDomain" xlink:to="loc_urtInvesteeNameOneMember_60" xlink:type="arc" order="61" />
      <link:loc xlink:type="locator" xlink:href="urt-20140331.xsd#urt_InvesteeNameTwoMember" xlink:label="loc_urtInvesteeNameTwoMember_70" />
      <link:definitionArc xlink:arcrole="http://xbrl.org/int/dim/arcrole/domain-member" xlink:from="loc_us-gaapEquityMethodInvesteeNameDomain" xlink:to="loc_urtInvesteeNameTwoMember_70" xlink:type="arc" order="71" />
      <link:loc xlink:type="locator" xlink:href="http://xbrl.fasb.org/us-gaap/2013/elts/us-gaap-2013-01-31.xsd#us-gaap_StockIssuedDuringPeriodValueNewIssues" xlink:label="loc_us-gaapStockIssuedDuringPeriodValueNewIssues_90" />
      <link:definitionArc xlink:arcrole="http://xbrl.org/int/dim/arcrole/domain-member" xlink:from="loc_us-gaapStatementLineItems" xlink:to="loc_us-gaapStockIssuedDuringPeriodValueNewIssues_90" xlink:type="arc" order="0" />
      <link:loc xlink:type="locator" xlink:href="http://xbrl.fasb.org/us-gaap/2013/elts/us-gaap-2013-01-31.xsd#us-gaap_StockIssuedDuringPeriodSharesNewIssues" xlink:label="loc_us-gaapStockIssuedDuringPeriodSharesNewIssues_90" />
      <link:definitionArc xlink:arcrole="http://xbrl.org/int/dim/arcrole/domain-member" xlink:from="loc_us-gaapStatementLineItems" xlink:to="loc_us-gaapStockIssuedDuringPeriodSharesNewIssues_90" xlink:type="arc" order="1" />
      <link:loc xlink:type="locator" xlink:href="http://xbrl.fasb.org/us-gaap/2013/elts/us-gaap-2013-01-31.xsd#us-gaap_CommonStockSharesAuthorized" xlink:label="loc_us-gaapCommonStockSharesAuthorized_90" />
      <link:definitionArc xlink:arcrole="http://xbrl.org/int/dim/arcrole/domain-member" xlink:from="loc_us-gaapStatementLineItems" xlink:to="loc_us-gaapCommonStockSharesAuthorized_90" xlink:type="arc" order="2" />
      <link:loc xlink:type="locator" xlink:href="http://xbrl.fasb.org/us-gaap/2013/elts/us-gaap-2013-01-31.xsd#us-gaap_MinorityInterestOwnershipPercentageByParent" xlink:label="loc_us-gaapMinorityInterestOwnershipPercentageByParent_90" />
      <link:definitionArc xlink:arcrole="http://xbrl.org/int/dim/arcrole/domain-member" xlink:from="loc_us-gaapStatementLineItems" xlink:to="loc_us-gaapMinorityInterestOwnershipPercentageByParent_90" xlink:type="arc" order="3" />
      <link:loc xlink:type="locator" xlink:href="http://xbrl.fasb.org/us-gaap/2013/elts/us-gaap-2013-01-31.xsd#us-gaap_OtherOwnershipInterestsUnitsOutstanding" xlink:label="loc_us-gaapOtherOwnershipInterestsUnitsOutstanding_90" />
      <link:definitionArc xlink:arcrole="http://xbrl.org/int/dim/arcrole/domain-member" xlink:from="loc_us-gaapStatementLineItems" xlink:to="loc_us-gaapOtherOwnershipInterestsUnitsOutstanding_90" xlink:type="arc" order="4" />
      <link:loc xlink:type="locator" xlink:href="urt-20140331.xsd#urt_RealEstateInvestmentsJointVentureMinorityOwnershipPercentage" xlink:label="loc_urtRealEstateInvestmentsJointVentureMinorityOwnershipPercentage_90" />
      <link:definitionArc xlink:arcrole="http://xbrl.org/int/dim/arcrole/domain-member" xlink:from="loc_us-gaapStatementLineItems" xlink:to="loc_urtRealEstateInvestmentsJointVentureMinorityOwnershipPercentage_90" xlink:type="arc" order="5" />
    </link:definitionLink>
    <link:definitionLink xlink:type="extended" xlink:role="http://unitedrealtytrust.com/role/BasisOfPresentationAndSummaryOfSignificantAccountingPoliciesDetailsNarrative" xlink:title="00000021 - Disclosure - Basis of Presentation and Summary of Significant Accounting Policies (Details Narrative)">
      <link:loc xlink:type="locator" xlink:href="http://xbrl.fasb.org/us-gaap/2013/elts/us-gaap-2013-01-31.xsd#us-gaap_StatementLineItems" xlink:label="loc_us-gaapStatementLineItems" />
      <link:loc xlink:type="locator" xlink:href="http://xbrl.fasb.org/us-gaap/2013/elts/us-gaap-2013-01-31.xsd#us-gaap_StatementTable" xlink:label="loc_us-gaapStatementTable" />
      <link:definitionArc xlink:arcrole="http://xbrl.org/int/dim/arcrole/all" xbrldt:contextElement="segment" xlink:from="loc_us-gaapStatementLineItems" xlink:to="loc_us-gaapStatementTable" xlink:type="arc" order="10" xbrldt:closed="true" />
      <link:loc xlink:type="locator" xlink:href="http://xbrl.fasb.org/us-gaap/2013/elts/us-gaap-2013-01-31.xsd#us-gaap_PropertyPlantAndEquipmentByTypeAxis" xlink:label="loc_us-gaapPropertyPlantAndEquipmentByTypeAxis" />
      <link:definitionArc xlink:arcrole="http://xbrl.org/int/dim/arcrole/hypercube-dimension" xlink:from="loc_us-gaapStatementTable" xlink:to="loc_us-gaapPropertyPlantAndEquipmentByTypeAxis" xlink:type="arc" order="1" />
      <link:loc xlink:type="locator" xlink:href="http://xbrl.fasb.org/us-gaap/2013/elts/us-gaap-2013-01-31.xsd#us-gaap_PropertyPlantAndEquipmentTypeDomain" xlink:label="loc_us-gaapPropertyPlantAndEquipmentTypeDomain" />
      <link:definitionArc xlink:arcrole="http://xbrl.org/int/dim/arcrole/dimension-domain" xlink:from="loc_us-gaapPropertyPlantAndEquipmentByTypeAxis" xlink:to="loc_us-gaapPropertyPlantAndEquipmentTypeDomain" xlink:type="arc" order="20" />
      <link:loc xlink:type="locator" xlink:href="http://xbrl.fasb.org/us-gaap/2013/elts/us-gaap-2013-01-31.xsd#us-gaap_PropertyPlantAndEquipmentTypeDomain" xlink:label="loc_us-gaapPropertyPlantAndEquipmentTypeDomain_10" />
      <link:definitionArc xlink:arcrole="http://xbrl.org/int/dim/arcrole/dimension-default" xbrldt:contextElement="segment" xlink:from="loc_us-gaapPropertyPlantAndEquipmentByTypeAxis" xlink:to="loc_us-gaapPropertyPlantAndEquipmentTypeDomain_10" xlink:type="arc" order="30" />
      <link:loc xlink:type="locator" xlink:href="http://xbrl.fasb.org/us-gaap/2013/elts/us-gaap-2013-01-31.xsd#us-gaap_LandImprovementsMember" xlink:label="loc_us-gaapLandImprovementsMember_0" />
      <link:definitionArc xlink:arcrole="http://xbrl.org/int/dim/arcrole/domain-member" xlink:from="loc_us-gaapPropertyPlantAndEquipmentTypeDomain" xlink:to="loc_us-gaapLandImprovementsMember_0" xlink:type="arc" order="1" />
      <link:loc xlink:type="locator" xlink:href="http://xbrl.fasb.org/us-gaap/2013/elts/us-gaap-2013-01-31.xsd#us-gaap_FurnitureAndFixturesMember" xlink:label="loc_us-gaapFurnitureAndFixturesMember_10" />
      <link:definitionArc xlink:arcrole="http://xbrl.org/int/dim/arcrole/domain-member" xlink:from="loc_us-gaapPropertyPlantAndEquipmentTypeDomain" xlink:to="loc_us-gaapFurnitureAndFixturesMember_10" xlink:type="arc" order="11" />
      <link:loc xlink:type="locator" xlink:href="http://xbrl.fasb.org/us-gaap/2013/elts/us-gaap-2013-01-31.xsd#us-gaap_BuildingAndBuildingImprovementsMember" xlink:label="loc_us-gaapBuildingAndBuildingImprovementsMember_30" />
      <link:definitionArc xlink:arcrole="http://xbrl.org/int/dim/arcrole/domain-member" xlink:from="loc_us-gaapPropertyPlantAndEquipmentTypeDomain" xlink:to="loc_us-gaapBuildingAndBuildingImprovementsMember_30" xlink:type="arc" order="31" />
      <link:loc xlink:type="locator" xlink:href="http://xbrl.fasb.org/us-gaap/2013/elts/us-gaap-2013-01-31.xsd#us-gaap_RangeAxis" xlink:label="loc_us-gaapRangeAxis" />
      <link:definitionArc xlink:arcrole="http://xbrl.org/int/dim/arcrole/hypercube-dimension" xlink:from="loc_us-gaapStatementTable" xlink:to="loc_us-gaapRangeAxis" xlink:type="arc" order="2" />
      <link:loc xlink:type="locator" xlink:href="http://xbrl.fasb.org/us-gaap/2013/elts/us-gaap-2013-01-31.xsd#us-gaap_RangeMember" xlink:label="loc_us-gaapRangeMember" />
      <link:definitionArc xlink:arcrole="http://xbrl.org/int/dim/arcrole/dimension-domain" xlink:from="loc_us-gaapRangeAxis" xlink:to="loc_us-gaapRangeMember" xlink:type="arc" order="20" />
      <link:loc xlink:type="locator" xlink:href="http://xbrl.fasb.org/us-gaap/2013/elts/us-gaap-2013-01-31.xsd#us-gaap_RangeMember" xlink:label="loc_us-gaapRangeMember_10" />
      <link:definitionArc xlink:arcrole="http://xbrl.org/int/dim/arcrole/dimension-default" xbrldt:contextElement="segment" xlink:from="loc_us-gaapRangeAxis" xlink:to="loc_us-gaapRangeMember_10" xlink:type="arc" order="30" />
      <link:loc xlink:type="locator" xlink:href="http://xbrl.fasb.org/us-gaap/2013/elts/us-gaap-2013-01-31.xsd#us-gaap_MinimumMember" xlink:label="loc_us-gaapMinimumMember_10" />
      <link:definitionArc xlink:arcrole="http://xbrl.org/int/dim/arcrole/domain-member" xlink:from="loc_us-gaapRangeMember" xlink:to="loc_us-gaapMinimumMember_10" xlink:type="arc" order="12" />
      <link:loc xlink:type="locator" xlink:href="http://xbrl.fasb.org/us-gaap/2013/elts/us-gaap-2013-01-31.xsd#us-gaap_MaximumMember" xlink:label="loc_us-gaapMaximumMember_20" />
      <link:definitionArc xlink:arcrole="http://xbrl.org/int/dim/arcrole/domain-member" xlink:from="loc_us-gaapRangeMember" xlink:to="loc_us-gaapMaximumMember_20" xlink:type="arc" order="22" />
      <link:loc xlink:type="locator" xlink:href="http://xbrl.fasb.org/us-gaap/2013/elts/us-gaap-2013-01-31.xsd#us-gaap_VariableInterestEntitiesByClassificationOfEntityAxis" xlink:label="loc_us-gaapVariableInterestEntitiesByClassificationOfEntityAxis" />
      <link:definitionArc xlink:arcrole="http://xbrl.org/int/dim/arcrole/hypercube-dimension" xlink:from="loc_us-gaapStatementTable" xlink:to="loc_us-gaapVariableInterestEntitiesByClassificationOfEntityAxis" xlink:type="arc" order="3" />
      <link:loc xlink:type="locator" xlink:href="http://xbrl.fasb.org/us-gaap/2013/elts/us-gaap-2013-01-31.xsd#us-gaap_ClassificationOfVariableInterestEntityDomain" xlink:label="loc_us-gaapClassificationOfVariableInterestEntityDomain" />
      <link:definitionArc xlink:arcrole="http://xbrl.org/int/dim/arcrole/dimension-domain" xlink:from="loc_us-gaapVariableInterestEntitiesByClassificationOfEntityAxis" xlink:to="loc_us-gaapClassificationOfVariableInterestEntityDomain" xlink:type="arc" order="20" />
      <link:loc xlink:type="locator" xlink:href="http://xbrl.fasb.org/us-gaap/2013/elts/us-gaap-2013-01-31.xsd#us-gaap_ClassificationOfVariableInterestEntityDomain" xlink:label="loc_us-gaapClassificationOfVariableInterestEntityDomain_10" />
      <link:definitionArc xlink:arcrole="http://xbrl.org/int/dim/arcrole/dimension-default" xbrldt:contextElement="segment" xlink:from="loc_us-gaapVariableInterestEntitiesByClassificationOfEntityAxis" xlink:to="loc_us-gaapClassificationOfVariableInterestEntityDomain_10" xlink:type="arc" order="30" />
      <link:loc xlink:type="locator" xlink:href="http://xbrl.fasb.org/us-gaap/2013/elts/us-gaap-2013-01-31.xsd#us-gaap_VariableInterestEntityPrimaryBeneficiaryMember" xlink:label="loc_us-gaapVariableInterestEntityPrimaryBeneficiaryMember_80" />
      <link:definitionArc xlink:arcrole="http://xbrl.org/int/dim/arcrole/domain-member" xlink:from="loc_us-gaapClassificationOfVariableInterestEntityDomain" xlink:to="loc_us-gaapVariableInterestEntityPrimaryBeneficiaryMember_80" xlink:type="arc" order="81" />
      <link:loc xlink:type="locator" xlink:href="http://xbrl.fasb.org/us-gaap/2013/elts/us-gaap-2013-01-31.xsd#us-gaap_PropertyPlantAndEquipmentUsefulLife" xlink:label="loc_us-gaapPropertyPlantAndEquipmentUsefulLife_120" />
      <link:definitionArc xlink:arcrole="http://xbrl.org/int/dim/arcrole/domain-member" xlink:from="loc_us-gaapStatementLineItems" xlink:to="loc_us-gaapPropertyPlantAndEquipmentUsefulLife_120" xlink:type="arc" order="0" />
      <link:loc xlink:type="locator" xlink:href="urt-20140331.xsd#urt_MaximumPercentageOfOrganizationAndOfferingCostReimburse" xlink:label="loc_urtMaximumPercentageOfOrganizationAndOfferingCostReimburse_120" />
      <link:definitionArc xlink:arcrole="http://xbrl.org/int/dim/arcrole/domain-member" xlink:from="loc_us-gaapStatementLineItems" xlink:to="loc_urtMaximumPercentageOfOrganizationAndOfferingCostReimburse_120" xlink:type="arc" order="1" />
      <link:loc xlink:type="locator" xlink:href="urt-20140331.xsd#urt_PaymentOfOfferingCosts" xlink:label="loc_urtPaymentOfOfferingCosts_120" />
      <link:definitionArc xlink:arcrole="http://xbrl.org/int/dim/arcrole/domain-member" xlink:from="loc_us-gaapStatementLineItems" xlink:to="loc_urtPaymentOfOfferingCosts_120" xlink:type="arc" order="2" />
      <link:loc xlink:type="locator" xlink:href="http://xbrl.fasb.org/us-gaap/2013/elts/us-gaap-2013-01-31.xsd#us-gaap_AdjustmentsToAdditionalPaidInCapitalOther" xlink:label="loc_us-gaapAdjustmentsToAdditionalPaidInCapitalOther_120" />
      <link:definitionArc xlink:arcrole="http://xbrl.org/int/dim/arcrole/domain-member" xlink:from="loc_us-gaapStatementLineItems" xlink:to="loc_us-gaapAdjustmentsToAdditionalPaidInCapitalOther_120" xlink:type="arc" order="3" />
      <link:loc xlink:type="locator" xlink:href="urt-20140331.xsd#urt_AdditionalOfferingAndOrganizationExpensesIncurredByAdvisor" xlink:label="loc_urtAdditionalOfferingAndOrganizationExpensesIncurredByAdvisor_120" />
      <link:definitionArc xlink:arcrole="http://xbrl.org/int/dim/arcrole/domain-member" xlink:from="loc_us-gaapStatementLineItems" xlink:to="loc_urtAdditionalOfferingAndOrganizationExpensesIncurredByAdvisor_120" xlink:type="arc" order="4" />
      <link:loc xlink:type="locator" xlink:href="urt-20140331.xsd#urt_OfferingAndOrganizationalExpensesPaid" xlink:label="loc_urtOfferingAndOrganizationalExpensesPaid_120" />
      <link:definitionArc xlink:arcrole="http://xbrl.org/int/dim/arcrole/domain-member" xlink:from="loc_us-gaapStatementLineItems" xlink:to="loc_urtOfferingAndOrganizationalExpensesPaid_120" xlink:type="arc" order="5" />
      <link:loc xlink:type="locator" xlink:href="http://xbrl.fasb.org/us-gaap/2013/elts/us-gaap-2013-01-31.xsd#us-gaap_RealEstateInvestmentPropertyNet" xlink:label="loc_us-gaapRealEstateInvestmentPropertyNet_120" />
      <link:definitionArc xlink:arcrole="http://xbrl.org/int/dim/arcrole/domain-member" xlink:from="loc_us-gaapStatementLineItems" xlink:to="loc_us-gaapRealEstateInvestmentPropertyNet_120" xlink:type="arc" order="6" />
      <link:loc xlink:type="locator" xlink:href="http://xbrl.fasb.org/us-gaap/2013/elts/us-gaap-2013-01-31.xsd#us-gaap_LongTermDebt" xlink:label="loc_us-gaapLongTermDebt_120" />
      <link:definitionArc xlink:arcrole="http://xbrl.org/int/dim/arcrole/domain-member" xlink:from="loc_us-gaapStatementLineItems" xlink:to="loc_us-gaapLongTermDebt_120" xlink:type="arc" order="7" />
      <link:loc xlink:type="locator" xlink:href="http://xbrl.fasb.org/us-gaap/2013/elts/us-gaap-2013-01-31.xsd#us-gaap_ProvisionForDoubtfulAccounts" xlink:label="loc_us-gaapProvisionForDoubtfulAccounts_120" />
      <link:definitionArc xlink:arcrole="http://xbrl.org/int/dim/arcrole/domain-member" xlink:from="loc_us-gaapStatementLineItems" xlink:to="loc_us-gaapProvisionForDoubtfulAccounts_120" xlink:type="arc" order="8" />
    </link:definitionLink>
    <link:definitionLink xlink:type="extended" xlink:role="http://unitedrealtytrust.com/role/BasisOfPresentationAndSummaryOfSignificantAccountingPoliciesDetailsNarrative1" xlink:title="00000022 - Disclosure - Basis of Presentation and Summary of Significant Accounting Policies (Details Narrative 1)" />
    <link:definitionLink xlink:type="extended" xlink:role="http://unitedrealtytrust.com/role/BasisOfPresentationAndSummaryOfSignificantAccountingPoliciesDetails" xlink:title="00000023 - Disclosure - Basis of Presentation and Summary of Significant Accounting Policies (Details)" />
    <link:definitionLink xlink:type="extended" xlink:role="http://unitedrealtytrust.com/role/MortgageNotesPayableDetailsNarrative" xlink:title="00000024 - Disclosure - Mortgage Notes Payable (Details Narrative)">
      <link:loc xlink:type="locator" xlink:href="http://xbrl.fasb.org/us-gaap/2013/elts/us-gaap-2013-01-31.xsd#us-gaap_StatementLineItems" xlink:label="loc_us-gaapStatementLineItems" />
      <link:loc xlink:type="locator" xlink:href="http://xbrl.fasb.org/us-gaap/2013/elts/us-gaap-2013-01-31.xsd#us-gaap_StatementTable" xlink:label="loc_us-gaapStatementTable" />
      <link:definitionArc xlink:arcrole="http://xbrl.org/int/dim/arcrole/all" xbrldt:contextElement="segment" xlink:from="loc_us-gaapStatementLineItems" xlink:to="loc_us-gaapStatementTable" xlink:type="arc" order="10" xbrldt:closed="true" />
      <link:loc xlink:type="locator" xlink:href="http://xbrl.fasb.org/us-gaap/2013/elts/us-gaap-2013-01-31.xsd#us-gaap_DebtInstrumentAxis" xlink:label="loc_us-gaapDebtInstrumentAxis" />
      <link:definitionArc xlink:arcrole="http://xbrl.org/int/dim/arcrole/hypercube-dimension" xlink:from="loc_us-gaapStatementTable" xlink:to="loc_us-gaapDebtInstrumentAxis" xlink:type="arc" order="1" />
      <link:loc xlink:type="locator" xlink:href="http://xbrl.fasb.org/us-gaap/2013/elts/us-gaap-2013-01-31.xsd#us-gaap_DebtInstrumentNameDomain" xlink:label="loc_us-gaapDebtInstrumentNameDomain" />
      <link:definitionArc xlink:arcrole="http://xbrl.org/int/dim/arcrole/dimension-domain" xlink:from="loc_us-gaapDebtInstrumentAxis" xlink:to="loc_us-gaapDebtInstrumentNameDomain" xlink:type="arc" order="20" />
      <link:loc xlink:type="locator" xlink:href="http://xbrl.fasb.org/us-gaap/2013/elts/us-gaap-2013-01-31.xsd#us-gaap_DebtInstrumentNameDomain" xlink:label="loc_us-gaapDebtInstrumentNameDomain_10" />
      <link:definitionArc xlink:arcrole="http://xbrl.org/int/dim/arcrole/dimension-default" xbrldt:contextElement="segment" xlink:from="loc_us-gaapDebtInstrumentAxis" xlink:to="loc_us-gaapDebtInstrumentNameDomain_10" xlink:type="arc" order="30" />
      <link:loc xlink:type="locator" xlink:href="http://xbrl.fasb.org/us-gaap/2013/elts/us-gaap-2013-01-31.xsd#us-gaap_NotesPayableToBanksMember" xlink:label="loc_us-gaapNotesPayableToBanksMember_0" />
      <link:definitionArc xlink:arcrole="http://xbrl.org/int/dim/arcrole/domain-member" xlink:from="loc_us-gaapDebtInstrumentNameDomain" xlink:to="loc_us-gaapNotesPayableToBanksMember_0" xlink:type="arc" order="1" />
      <link:loc xlink:type="locator" xlink:href="urt-20140331.xsd#urt_MortgageLoanMember" xlink:label="loc_urtMortgageLoanMember_30" />
      <link:definitionArc xlink:arcrole="http://xbrl.org/int/dim/arcrole/domain-member" xlink:from="loc_us-gaapDebtInstrumentNameDomain" xlink:to="loc_urtMortgageLoanMember_30" xlink:type="arc" order="31" />
      <link:loc xlink:type="locator" xlink:href="http://xbrl.fasb.org/us-gaap/2013/elts/us-gaap-2013-01-31.xsd#us-gaap_VariableRateAxis" xlink:label="loc_us-gaapVariableRateAxis" />
      <link:definitionArc xlink:arcrole="http://xbrl.org/int/dim/arcrole/hypercube-dimension" xlink:from="loc_us-gaapStatementTable" xlink:to="loc_us-gaapVariableRateAxis" xlink:type="arc" order="2" />
      <link:loc xlink:type="locator" xlink:href="http://xbrl.fasb.org/us-gaap/2013/elts/us-gaap-2013-01-31.xsd#us-gaap_VariableRateDomain" xlink:label="loc_us-gaapVariableRateDomain" />
      <link:definitionArc xlink:arcrole="http://xbrl.org/int/dim/arcrole/dimension-domain" xlink:from="loc_us-gaapVariableRateAxis" xlink:to="loc_us-gaapVariableRateDomain" xlink:type="arc" order="20" />
      <link:loc xlink:type="locator" xlink:href="http://xbrl.fasb.org/us-gaap/2013/elts/us-gaap-2013-01-31.xsd#us-gaap_VariableRateDomain" xlink:label="loc_us-gaapVariableRateDomain_10" />
      <link:definitionArc xlink:arcrole="http://xbrl.org/int/dim/arcrole/dimension-default" xbrldt:contextElement="segment" xlink:from="loc_us-gaapVariableRateAxis" xlink:to="loc_us-gaapVariableRateDomain_10" xlink:type="arc" order="30" />
      <link:loc xlink:type="locator" xlink:href="http://xbrl.fasb.org/us-gaap/2013/elts/us-gaap-2013-01-31.xsd#us-gaap_BaseRateMember" xlink:label="loc_us-gaapBaseRateMember_20" />
      <link:definitionArc xlink:arcrole="http://xbrl.org/int/dim/arcrole/domain-member" xlink:from="loc_us-gaapVariableRateDomain" xlink:to="loc_us-gaapBaseRateMember_20" xlink:type="arc" order="22" />
      <link:loc xlink:type="locator" xlink:href="http://xbrl.fasb.org/us-gaap/2013/elts/us-gaap-2013-01-31.xsd#us-gaap_PrimeRateMember" xlink:label="loc_us-gaapPrimeRateMember_50" />
      <link:definitionArc xlink:arcrole="http://xbrl.org/int/dim/arcrole/domain-member" xlink:from="loc_us-gaapVariableRateDomain" xlink:to="loc_us-gaapPrimeRateMember_50" xlink:type="arc" order="52" />
      <link:loc xlink:type="locator" xlink:href="http://xbrl.fasb.org/us-gaap/2013/elts/us-gaap-2013-01-31.xsd#us-gaap_DebtInstrumentFaceAmount" xlink:label="loc_us-gaapDebtInstrumentFaceAmount_70" />
      <link:definitionArc xlink:arcrole="http://xbrl.org/int/dim/arcrole/domain-member" xlink:from="loc_us-gaapStatementLineItems" xlink:to="loc_us-gaapDebtInstrumentFaceAmount_70" xlink:type="arc" order="0" />
      <link:loc xlink:type="locator" xlink:href="http://xbrl.fasb.org/us-gaap/2013/elts/us-gaap-2013-01-31.xsd#us-gaap_DebtInstrumentTerm" xlink:label="loc_us-gaapDebtInstrumentTerm_70" />
      <link:definitionArc xlink:arcrole="http://xbrl.org/int/dim/arcrole/domain-member" xlink:from="loc_us-gaapStatementLineItems" xlink:to="loc_us-gaapDebtInstrumentTerm_70" xlink:type="arc" order="1" />
      <link:loc xlink:type="locator" xlink:href="http://xbrl.fasb.org/us-gaap/2013/elts/us-gaap-2013-01-31.xsd#us-gaap_MortgageLoanOnRealEstateFinalMaturityDate" xlink:label="loc_us-gaapMortgageLoanOnRealEstateFinalMaturityDate_70" />
      <link:definitionArc xlink:arcrole="http://xbrl.org/int/dim/arcrole/domain-member" xlink:from="loc_us-gaapStatementLineItems" xlink:to="loc_us-gaapMortgageLoanOnRealEstateFinalMaturityDate_70" xlink:type="arc" order="2" />
      <link:loc xlink:type="locator" xlink:href="urt-20140331.xsd#urt_MortgageLoanOnRealEstateOptionToExtendedFinalMaturityDate" xlink:label="loc_urtMortgageLoanOnRealEstateOptionToExtendedFinalMaturityDate_70" />
      <link:definitionArc xlink:arcrole="http://xbrl.org/int/dim/arcrole/domain-member" xlink:from="loc_us-gaapStatementLineItems" xlink:to="loc_urtMortgageLoanOnRealEstateOptionToExtendedFinalMaturityDate_70" xlink:type="arc" order="3" />
      <link:loc xlink:type="locator" xlink:href="http://xbrl.fasb.org/us-gaap/2013/elts/us-gaap-2013-01-31.xsd#us-gaap_MortgageLoansOnRealEstateInterestRate" xlink:label="loc_us-gaapMortgageLoansOnRealEstateInterestRate_70" />
      <link:definitionArc xlink:arcrole="http://xbrl.org/int/dim/arcrole/domain-member" xlink:from="loc_us-gaapStatementLineItems" xlink:to="loc_us-gaapMortgageLoansOnRealEstateInterestRate_70" xlink:type="arc" order="4" />
      <link:loc xlink:type="locator" xlink:href="http://xbrl.fasb.org/us-gaap/2013/elts/us-gaap-2013-01-31.xsd#us-gaap_DebtInstrumentDescriptionOfVariableRateBasis" xlink:label="loc_us-gaapDebtInstrumentDescriptionOfVariableRateBasis_70" />
      <link:definitionArc xlink:arcrole="http://xbrl.org/int/dim/arcrole/domain-member" xlink:from="loc_us-gaapStatementLineItems" xlink:to="loc_us-gaapDebtInstrumentDescriptionOfVariableRateBasis_70" xlink:type="arc" order="5" />
      <link:loc xlink:type="locator" xlink:href="http://xbrl.fasb.org/us-gaap/2013/elts/us-gaap-2013-01-31.xsd#us-gaap_DebtInstrumentBasisSpreadOnVariableRate1" xlink:label="loc_us-gaapDebtInstrumentBasisSpreadOnVariableRate1_70" />
      <link:definitionArc xlink:arcrole="http://xbrl.org/int/dim/arcrole/domain-member" xlink:from="loc_us-gaapStatementLineItems" xlink:to="loc_us-gaapDebtInstrumentBasisSpreadOnVariableRate1_70" xlink:type="arc" order="6" />
    </link:definitionLink>
    <link:definitionLink xlink:type="extended" xlink:role="http://unitedrealtytrust.com/role/MortgageNotesPayableDetails" xlink:title="00000025 - Disclosure - Mortgage Notes Payable (Details)" />
    <link:definitionLink xlink:type="extended" xlink:role="http://unitedrealtytrust.com/role/CapitalizationDetailsNarrative" xlink:title="00000026 - Disclosure - Capitalization (Details Narrative)">
      <link:loc xlink:type="locator" xlink:href="http://xbrl.fasb.org/us-gaap/2013/elts/us-gaap-2013-01-31.xsd#us-gaap_StatementLineItems" xlink:label="loc_us-gaapStatementLineItems" />
      <link:loc xlink:type="locator" xlink:href="http://xbrl.fasb.org/us-gaap/2013/elts/us-gaap-2013-01-31.xsd#us-gaap_StatementTable" xlink:label="loc_us-gaapStatementTable" />
      <link:definitionArc xlink:arcrole="http://xbrl.org/int/dim/arcrole/all" xbrldt:contextElement="segment" xlink:from="loc_us-gaapStatementLineItems" xlink:to="loc_us-gaapStatementTable" xlink:type="arc" order="10" xbrldt:closed="true" />
      <link:loc xlink:type="locator" xlink:href="http://xbrl.fasb.org/us-gaap/2013/elts/us-gaap-2013-01-31.xsd#us-gaap_StatementClassOfStockAxis" xlink:label="loc_us-gaapStatementClassOfStockAxis" />
      <link:definitionArc xlink:arcrole="http://xbrl.org/int/dim/arcrole/hypercube-dimension" xlink:from="loc_us-gaapStatementTable" xlink:to="loc_us-gaapStatementClassOfStockAxis" xlink:type="arc" order="1" />
      <link:loc xlink:type="locator" xlink:href="http://xbrl.fasb.org/us-gaap/2013/elts/us-gaap-2013-01-31.xsd#us-gaap_ClassOfStockDomain" xlink:label="loc_us-gaapClassOfStockDomain" />
      <link:definitionArc xlink:arcrole="http://xbrl.org/int/dim/arcrole/dimension-domain" xlink:from="loc_us-gaapStatementClassOfStockAxis" xlink:to="loc_us-gaapClassOfStockDomain" xlink:type="arc" order="20" />
      <link:loc xlink:type="locator" xlink:href="http://xbrl.fasb.org/us-gaap/2013/elts/us-gaap-2013-01-31.xsd#us-gaap_ClassOfStockDomain" xlink:label="loc_us-gaapClassOfStockDomain_10" />
      <link:definitionArc xlink:arcrole="http://xbrl.org/int/dim/arcrole/dimension-default" xbrldt:contextElement="segment" xlink:from="loc_us-gaapStatementClassOfStockAxis" xlink:to="loc_us-gaapClassOfStockDomain_10" xlink:type="arc" order="30" />
      <link:loc xlink:type="locator" xlink:href="http://xbrl.fasb.org/us-gaap/2013/elts/us-gaap-2013-01-31.xsd#us-gaap_CommonStockMember" xlink:label="loc_us-gaapCommonStockMember_0" />
      <link:definitionArc xlink:arcrole="http://xbrl.org/int/dim/arcrole/domain-member" xlink:from="loc_us-gaapClassOfStockDomain" xlink:to="loc_us-gaapCommonStockMember_0" xlink:type="arc" order="2" />
      <link:loc xlink:type="locator" xlink:href="http://xbrl.fasb.org/us-gaap/2013/elts/us-gaap-2013-01-31.xsd#us-gaap_PreferredStockMember" xlink:label="loc_us-gaapPreferredStockMember_10" />
      <link:definitionArc xlink:arcrole="http://xbrl.org/int/dim/arcrole/domain-member" xlink:from="loc_us-gaapClassOfStockDomain" xlink:to="loc_us-gaapPreferredStockMember_10" xlink:type="arc" order="12" />
      <link:loc xlink:type="locator" xlink:href="urt-20140331.xsd#urt_SponsorPreferredSharesMember" xlink:label="loc_urtSponsorPreferredSharesMember_20" />
      <link:definitionArc xlink:arcrole="http://xbrl.org/int/dim/arcrole/domain-member" xlink:from="loc_us-gaapClassOfStockDomain" xlink:to="loc_urtSponsorPreferredSharesMember_20" xlink:type="arc" order="22" />
      <link:loc xlink:type="locator" xlink:href="http://xbrl.fasb.org/us-gaap/2013/elts/us-gaap-2013-01-31.xsd#us-gaap_RelatedPartyTransactionsByRelatedPartyAxis" xlink:label="loc_us-gaapRelatedPartyTransactionsByRelatedPartyAxis" />
      <link:definitionArc xlink:arcrole="http://xbrl.org/int/dim/arcrole/hypercube-dimension" xlink:from="loc_us-gaapStatementTable" xlink:to="loc_us-gaapRelatedPartyTransactionsByRelatedPartyAxis" xlink:type="arc" order="2" />
      <link:loc xlink:type="locator" xlink:href="http://xbrl.fasb.org/us-gaap/2013/elts/us-gaap-2013-01-31.xsd#us-gaap_RelatedPartyDomain" xlink:label="loc_us-gaapRelatedPartyDomain" />
      <link:definitionArc xlink:arcrole="http://xbrl.org/int/dim/arcrole/dimension-domain" xlink:from="loc_us-gaapRelatedPartyTransactionsByRelatedPartyAxis" xlink:to="loc_us-gaapRelatedPartyDomain" xlink:type="arc" order="20" />
      <link:loc xlink:type="locator" xlink:href="http://xbrl.fasb.org/us-gaap/2013/elts/us-gaap-2013-01-31.xsd#us-gaap_RelatedPartyDomain" xlink:label="loc_us-gaapRelatedPartyDomain_10" />
      <link:definitionArc xlink:arcrole="http://xbrl.org/int/dim/arcrole/dimension-default" xbrldt:contextElement="segment" xlink:from="loc_us-gaapRelatedPartyTransactionsByRelatedPartyAxis" xlink:to="loc_us-gaapRelatedPartyDomain_10" xlink:type="arc" order="30" />
      <link:loc xlink:type="locator" xlink:href="urt-20140331.xsd#urt_UnitedRealtyAdvisorHoldingsLLCMember" xlink:label="loc_urtUnitedRealtyAdvisorHoldingsLLCMember_0" />
      <link:definitionArc xlink:arcrole="http://xbrl.org/int/dim/arcrole/domain-member" xlink:from="loc_us-gaapRelatedPartyDomain" xlink:to="loc_urtUnitedRealtyAdvisorHoldingsLLCMember_0" xlink:type="arc" order="1" />
      <link:loc xlink:type="locator" xlink:href="http://xbrl.fasb.org/us-gaap/2013/elts/us-gaap-2013-01-31.xsd#us-gaap_StockIssuedDuringPeriodValueNewIssues" xlink:label="loc_us-gaapStockIssuedDuringPeriodValueNewIssues_50" />
      <link:definitionArc xlink:arcrole="http://xbrl.org/int/dim/arcrole/domain-member" xlink:from="loc_us-gaapStatementLineItems" xlink:to="loc_us-gaapStockIssuedDuringPeriodValueNewIssues_50" xlink:type="arc" order="0" />
      <link:loc xlink:type="locator" xlink:href="http://xbrl.fasb.org/us-gaap/2013/elts/us-gaap-2013-01-31.xsd#us-gaap_StockIssuedDuringPeriodSharesNewIssues" xlink:label="loc_us-gaapStockIssuedDuringPeriodSharesNewIssues_50" />
      <link:definitionArc xlink:arcrole="http://xbrl.org/int/dim/arcrole/domain-member" xlink:from="loc_us-gaapStatementLineItems" xlink:to="loc_us-gaapStockIssuedDuringPeriodSharesNewIssues_50" xlink:type="arc" order="1" />
      <link:loc xlink:type="locator" xlink:href="http://xbrl.fasb.org/us-gaap/2013/elts/us-gaap-2013-01-31.xsd#us-gaap_StockIssuedDuringPeriodSharesConversionOfUnits" xlink:label="loc_us-gaapStockIssuedDuringPeriodSharesConversionOfUnits_50" />
      <link:definitionArc xlink:arcrole="http://xbrl.org/int/dim/arcrole/domain-member" xlink:from="loc_us-gaapStatementLineItems" xlink:to="loc_us-gaapStockIssuedDuringPeriodSharesConversionOfUnits_50" xlink:type="arc" order="2" />
      <link:loc xlink:type="locator" xlink:href="urt-20140331.xsd#urt_PreferredStockLiquidationPreferencePercentage" xlink:label="loc_urtPreferredStockLiquidationPreferencePercentage_50" />
      <link:definitionArc xlink:arcrole="http://xbrl.org/int/dim/arcrole/domain-member" xlink:from="loc_us-gaapStatementLineItems" xlink:to="loc_urtPreferredStockLiquidationPreferencePercentage_50" xlink:type="arc" order="3" />
      <link:loc xlink:type="locator" xlink:href="urt-20140331.xsd#urt_CommonStockLiquidationPreferencePercentage" xlink:label="loc_urtCommonStockLiquidationPreferencePercentage_50" />
      <link:definitionArc xlink:arcrole="http://xbrl.org/int/dim/arcrole/domain-member" xlink:from="loc_us-gaapStatementLineItems" xlink:to="loc_urtCommonStockLiquidationPreferencePercentage_50" xlink:type="arc" order="4" />
    </link:definitionLink>
    <link:definitionLink xlink:type="extended" xlink:role="http://unitedrealtytrust.com/role/StockIncentivePlanDetailsNarrative" xlink:title="00000027 - Disclosure - Stock Incentive Plan (Details Narrative)">
      <link:loc xlink:type="locator" xlink:href="http://xbrl.fasb.org/us-gaap/2013/elts/us-gaap-2013-01-31.xsd#us-gaap_StatementLineItems" xlink:label="loc_us-gaapStatementLineItems" />
      <link:loc xlink:type="locator" xlink:href="http://xbrl.fasb.org/us-gaap/2013/elts/us-gaap-2013-01-31.xsd#us-gaap_StatementTable" xlink:label="loc_us-gaapStatementTable" />
      <link:definitionArc xlink:arcrole="http://xbrl.org/int/dim/arcrole/all" xbrldt:contextElement="segment" xlink:from="loc_us-gaapStatementLineItems" xlink:to="loc_us-gaapStatementTable" xlink:type="arc" order="10" xbrldt:closed="true" />
      <link:loc xlink:type="locator" xlink:href="http://xbrl.fasb.org/us-gaap/2013/elts/us-gaap-2013-01-31.xsd#us-gaap_AwardTypeAxis" xlink:label="loc_us-gaapAwardTypeAxis" />
      <link:definitionArc xlink:arcrole="http://xbrl.org/int/dim/arcrole/hypercube-dimension" xlink:from="loc_us-gaapStatementTable" xlink:to="loc_us-gaapAwardTypeAxis" xlink:type="arc" order="1" />
      <link:loc xlink:type="locator" xlink:href="http://xbrl.fasb.org/us-gaap/2013/elts/us-gaap-2013-01-31.xsd#us-gaap_ShareBasedCompensationArrangementsByShareBasedPaymentAwardAwardTypeAndPlanNameDomain" xlink:label="loc_us-gaapShareBasedCompensationArrangementsByShareBasedPaymentAwardAwardTypeAndPlanNameDomain" />
      <link:definitionArc xlink:arcrole="http://xbrl.org/int/dim/arcrole/dimension-domain" xlink:from="loc_us-gaapAwardTypeAxis" xlink:to="loc_us-gaapShareBasedCompensationArrangementsByShareBasedPaymentAwardAwardTypeAndPlanNameDomain" xlink:type="arc" order="20" />
      <link:loc xlink:type="locator" xlink:href="http://xbrl.fasb.org/us-gaap/2013/elts/us-gaap-2013-01-31.xsd#us-gaap_ShareBasedCompensationArrangementsByShareBasedPaymentAwardAwardTypeAndPlanNameDomain" xlink:label="loc_us-gaapShareBasedCompensationArrangementsByShareBasedPaymentAwardAwardTypeAndPlanNameDomain_10" />
      <link:definitionArc xlink:arcrole="http://xbrl.org/int/dim/arcrole/dimension-default" xbrldt:contextElement="segment" xlink:from="loc_us-gaapAwardTypeAxis" xlink:to="loc_us-gaapShareBasedCompensationArrangementsByShareBasedPaymentAwardAwardTypeAndPlanNameDomain_10" xlink:type="arc" order="30" />
      <link:loc xlink:type="locator" xlink:href="http://xbrl.fasb.org/us-gaap/2013/elts/us-gaap-2013-01-31.xsd#us-gaap_StockCompensationPlanMember" xlink:label="loc_us-gaapStockCompensationPlanMember_0" />
      <link:definitionArc xlink:arcrole="http://xbrl.org/int/dim/arcrole/domain-member" xlink:from="loc_us-gaapShareBasedCompensationArrangementsByShareBasedPaymentAwardAwardTypeAndPlanNameDomain" xlink:to="loc_us-gaapStockCompensationPlanMember_0" xlink:type="arc" order="1" />
      <link:loc xlink:type="locator" xlink:href="http://xbrl.fasb.org/us-gaap/2013/elts/us-gaap-2013-01-31.xsd#us-gaap_RelatedPartyTransactionsByRelatedPartyAxis" xlink:label="loc_us-gaapRelatedPartyTransactionsByRelatedPartyAxis" />
      <link:definitionArc xlink:arcrole="http://xbrl.org/int/dim/arcrole/hypercube-dimension" xlink:from="loc_us-gaapStatementTable" xlink:to="loc_us-gaapRelatedPartyTransactionsByRelatedPartyAxis" xlink:type="arc" order="2" />
      <link:loc xlink:type="locator" xlink:href="http://xbrl.fasb.org/us-gaap/2013/elts/us-gaap-2013-01-31.xsd#us-gaap_RelatedPartyDomain" xlink:label="loc_us-gaapRelatedPartyDomain" />
      <link:definitionArc xlink:arcrole="http://xbrl.org/int/dim/arcrole/dimension-domain" xlink:from="loc_us-gaapRelatedPartyTransactionsByRelatedPartyAxis" xlink:to="loc_us-gaapRelatedPartyDomain" xlink:type="arc" order="20" />
      <link:loc xlink:type="locator" xlink:href="http://xbrl.fasb.org/us-gaap/2013/elts/us-gaap-2013-01-31.xsd#us-gaap_RelatedPartyDomain" xlink:label="loc_us-gaapRelatedPartyDomain_10" />
      <link:definitionArc xlink:arcrole="http://xbrl.org/int/dim/arcrole/dimension-default" xbrldt:contextElement="segment" xlink:from="loc_us-gaapRelatedPartyTransactionsByRelatedPartyAxis" xlink:to="loc_us-gaapRelatedPartyDomain_10" xlink:type="arc" order="30" />
      <link:loc xlink:type="locator" xlink:href="http://xbrl.fasb.org/us-gaap/2013/elts/us-gaap-2013-01-31.xsd#us-gaap_AffiliatedEntityMember" xlink:label="loc_us-gaapAffiliatedEntityMember_20" />
      <link:definitionArc xlink:arcrole="http://xbrl.org/int/dim/arcrole/domain-member" xlink:from="loc_us-gaapRelatedPartyDomain" xlink:to="loc_us-gaapAffiliatedEntityMember_20" xlink:type="arc" order="22" />
      <link:loc xlink:type="locator" xlink:href="http://xbrl.fasb.org/us-gaap/2013/elts/us-gaap-2013-01-31.xsd#us-gaap_ShareBasedCompensationArrangementByShareBasedPaymentAwardPercentageOfOutstandingStockMaximum" xlink:label="loc_us-gaapShareBasedCompensationArrangementByShareBasedPaymentAwardPercentageOfOutstandingStockMaximum_60" />
      <link:definitionArc xlink:arcrole="http://xbrl.org/int/dim/arcrole/domain-member" xlink:from="loc_us-gaapStatementLineItems" xlink:to="loc_us-gaapShareBasedCompensationArrangementByShareBasedPaymentAwardPercentageOfOutstandingStockMaximum_60" xlink:type="arc" order="0" />
      <link:loc xlink:type="locator" xlink:href="http://xbrl.fasb.org/us-gaap/2013/elts/us-gaap-2013-01-31.xsd#us-gaap_ShareBasedCompensationArrangementByShareBasedPaymentAwardNumberOfSharesAuthorized" xlink:label="loc_us-gaapShareBasedCompensationArrangementByShareBasedPaymentAwardNumberOfSharesAuthorized_60" />
      <link:definitionArc xlink:arcrole="http://xbrl.org/int/dim/arcrole/domain-member" xlink:from="loc_us-gaapStatementLineItems" xlink:to="loc_us-gaapShareBasedCompensationArrangementByShareBasedPaymentAwardNumberOfSharesAuthorized_60" xlink:type="arc" order="1" />
      <link:loc xlink:type="locator" xlink:href="http://xbrl.fasb.org/us-gaap/2013/elts/us-gaap-2013-01-31.xsd#us-gaap_ShareBasedCompensationArrangementByShareBasedPaymentAwardEquityInstrumentsOtherThanOptionsGrantsInPeriod" xlink:label="loc_us-gaapShareBasedCompensationArrangementByShareBasedPaymentAwardEquityInstrumentsOtherThanOptionsGrantsInPeriod_60" />
      <link:definitionArc xlink:arcrole="http://xbrl.org/int/dim/arcrole/domain-member" xlink:from="loc_us-gaapStatementLineItems" xlink:to="loc_us-gaapShareBasedCompensationArrangementByShareBasedPaymentAwardEquityInstrumentsOtherThanOptionsGrantsInPeriod_60" xlink:type="arc" order="2" />
      <link:loc xlink:type="locator" xlink:href="http://xbrl.fasb.org/us-gaap/2013/elts/us-gaap-2013-01-31.xsd#us-gaap_ShareBasedCompensationArrangementByShareBasedPaymentAwardEquityInstrumentsOtherThanOptionsVestedInPeriod" xlink:label="loc_us-gaapShareBasedCompensationArrangementByShareBasedPaymentAwardEquityInstrumentsOtherThanOptionsVestedInPeriod_60" />
      <link:definitionArc xlink:arcrole="http://xbrl.org/int/dim/arcrole/domain-member" xlink:from="loc_us-gaapStatementLineItems" xlink:to="loc_us-gaapShareBasedCompensationArrangementByShareBasedPaymentAwardEquityInstrumentsOtherThanOptionsVestedInPeriod_60" xlink:type="arc" order="3" />
      <link:loc xlink:type="locator" xlink:href="http://xbrl.fasb.org/us-gaap/2013/elts/us-gaap-2013-01-31.xsd#us-gaap_EmployeeServiceShareBasedCompensationNonvestedAwardsTotalCompensationCostNotYetRecognizedShareBasedAwardsOtherThanOptions" xlink:label="loc_us-gaapEmployeeServiceShareBasedCompensationNonvestedAwardsTotalCompensationCostNotYetRecognizedShareBasedAwardsOtherThanOptions_60" />
      <link:definitionArc xlink:arcrole="http://xbrl.org/int/dim/arcrole/domain-member" xlink:from="loc_us-gaapStatementLineItems" xlink:to="loc_us-gaapEmployeeServiceShareBasedCompensationNonvestedAwardsTotalCompensationCostNotYetRecognizedShareBasedAwardsOtherThanOptions_60" xlink:type="arc" order="4" />
      <link:loc xlink:type="locator" xlink:href="http://xbrl.fasb.org/us-gaap/2013/elts/us-gaap-2013-01-31.xsd#us-gaap_AllocatedShareBasedCompensationExpense" xlink:label="loc_us-gaapAllocatedShareBasedCompensationExpense_60" />
      <link:definitionArc xlink:arcrole="http://xbrl.org/int/dim/arcrole/domain-member" xlink:from="loc_us-gaapStatementLineItems" xlink:to="loc_us-gaapAllocatedShareBasedCompensationExpense_60" xlink:type="arc" order="5" />
    </link:definitionLink>
    <link:definitionLink xlink:type="extended" xlink:role="http://unitedrealtytrust.com/role/RelatedPartyArrangementsDetails" xlink:title="00000028 - Disclosure - Related Party Arrangements (Details)" />
    <link:definitionLink xlink:type="extended" xlink:role="http://unitedrealtytrust.com/role/SubsequentEventsDetailsNarrative" xlink:title="00000029 - Disclosure - Subsequent Events (Details Narrative)">
      <link:loc xlink:type="locator" xlink:href="http://xbrl.fasb.org/us-gaap/2013/elts/us-gaap-2013-01-31.xsd#us-gaap_StatementLineItems" xlink:label="loc_us-gaapStatementLineItems" />
      <link:loc xlink:type="locator" xlink:href="http://xbrl.fasb.org/us-gaap/2013/elts/us-gaap-2013-01-31.xsd#us-gaap_StatementTable" xlink:label="loc_us-gaapStatementTable" />
      <link:definitionArc xlink:arcrole="http://xbrl.org/int/dim/arcrole/all" xbrldt:contextElement="segment" xlink:from="loc_us-gaapStatementLineItems" xlink:to="loc_us-gaapStatementTable" xlink:type="arc" order="10" xbrldt:closed="true" />
      <link:loc xlink:type="locator" xlink:href="http://xbrl.fasb.org/us-gaap/2013/elts/us-gaap-2013-01-31.xsd#us-gaap_SubsequentEventTypeAxis" xlink:label="loc_us-gaapSubsequentEventTypeAxis" />
      <link:definitionArc xlink:arcrole="http://xbrl.org/int/dim/arcrole/hypercube-dimension" xlink:from="loc_us-gaapStatementTable" xlink:to="loc_us-gaapSubsequentEventTypeAxis" xlink:type="arc" order="1" />
      <link:loc xlink:type="locator" xlink:href="http://xbrl.fasb.org/us-gaap/2013/elts/us-gaap-2013-01-31.xsd#us-gaap_SubsequentEventTypeDomain" xlink:label="loc_us-gaapSubsequentEventTypeDomain" />
      <link:definitionArc xlink:arcrole="http://xbrl.org/int/dim/arcrole/dimension-domain" xlink:from="loc_us-gaapSubsequentEventTypeAxis" xlink:to="loc_us-gaapSubsequentEventTypeDomain" xlink:type="arc" order="20" />
      <link:loc xlink:type="locator" xlink:href="http://xbrl.fasb.org/us-gaap/2013/elts/us-gaap-2013-01-31.xsd#us-gaap_SubsequentEventTypeDomain" xlink:label="loc_us-gaapSubsequentEventTypeDomain_10" />
      <link:definitionArc xlink:arcrole="http://xbrl.org/int/dim/arcrole/dimension-default" xbrldt:contextElement="segment" xlink:from="loc_us-gaapSubsequentEventTypeAxis" xlink:to="loc_us-gaapSubsequentEventTypeDomain_10" xlink:type="arc" order="30" />
      <link:loc xlink:type="locator" xlink:href="http://xbrl.fasb.org/us-gaap/2013/elts/us-gaap-2013-01-31.xsd#us-gaap_SubsequentEventMember" xlink:label="loc_us-gaapSubsequentEventMember_0" />
      <link:definitionArc xlink:arcrole="http://xbrl.org/int/dim/arcrole/domain-member" xlink:from="loc_us-gaapSubsequentEventTypeDomain" xlink:to="loc_us-gaapSubsequentEventMember_0" xlink:type="arc" order="1" />
      <link:loc xlink:type="locator" xlink:href="http://xbrl.fasb.org/us-gaap/2013/elts/us-gaap-2013-01-31.xsd#us-gaap_SubsequentEventDescription" xlink:label="loc_us-gaapSubsequentEventDescription_30" />
      <link:definitionArc xlink:arcrole="http://xbrl.org/int/dim/arcrole/domain-member" xlink:from="loc_us-gaapStatementLineItems" xlink:to="loc_us-gaapSubsequentEventDescription_30" xlink:type="arc" order="0" />
      <link:loc xlink:type="locator" xlink:href="http://xbrl.fasb.org/us-gaap/2013/elts/us-gaap-2013-01-31.xsd#us-gaap_RestrictedCashAndCashEquivalentsAtCarryingValue" xlink:label="loc_us-gaapRestrictedCashAndCashEquivalentsAtCarryingValue_30" />
      <link:definitionArc xlink:arcrole="http://xbrl.org/int/dim/arcrole/domain-member" xlink:from="loc_us-gaapStatementLineItems" xlink:to="loc_us-gaapRestrictedCashAndCashEquivalentsAtCarryingValue_30" xlink:type="arc" order="1" />
    </link:definitionLink>
</link:linkbase>
