<?xml version="1.0" encoding="US-ASCII" standalone="no"?>
    <!-- Field: Doc-Info; Name: Generator; Value: GoFiler Complete; Version: 4.0b -->
    <!-- Field: Doc-Info; Name: VendorURI; Value: http://www.novaworks.co -->
    <!-- Field: Doc-Info; Name: Source; Value: P:\EDGARizer\Clients\United Realty Trust\XBRL\20140331\urp_033114.xfr; Date: 2014%2D04%2D30T22:30:29 -->
    <!-- Field: Doc-Info; Name: Status; Value: 0x00000000 -->
<link:linkbase xmlns:xsi="http://www.w3.org/2001/XMLSchema-instance" xmlns:xlink="http://www.w3.org/1999/xlink" xmlns:link="http://www.xbrl.org/2003/linkbase" xmlns:xbrli="http://www.xbrl.org/2003/instance" xsi:schemaLocation="http://www.xbrl.org/2003/linkbase http://www.xbrl.org/2003/xbrl-linkbase-2003-12-31.xsd">
    <link:roleRef roleURI="http://unitedrealtytrust.com/role/DocumentAndEntityInformation" xlink:href="urt-20140331.xsd#DocumentAndEntityInformation" xlink:type="simple" />
    <link:roleRef roleURI="http://unitedrealtytrust.com/role/ConsolidatedBalanceSheets" xlink:href="urt-20140331.xsd#ConsolidatedBalanceSheets" xlink:type="simple" />
    <link:roleRef roleURI="http://unitedrealtytrust.com/role/ConsolidatedBalanceSheetsParenthetical" xlink:href="urt-20140331.xsd#ConsolidatedBalanceSheetsParenthetical" xlink:type="simple" />
    <link:roleRef roleURI="http://unitedrealtytrust.com/role/ConsolidatedStatementsOfOperations" xlink:href="urt-20140331.xsd#ConsolidatedStatementsOfOperations" xlink:type="simple" />
    <link:roleRef roleURI="http://unitedrealtytrust.com/role/ConsolidatedStatementsOfEquity" xlink:href="urt-20140331.xsd#ConsolidatedStatementsOfEquity" xlink:type="simple" />
    <link:roleRef roleURI="http://unitedrealtytrust.com/role/ConsolidatedStatementsOfCashFlows" xlink:href="urt-20140331.xsd#ConsolidatedStatementsOfCashFlows" xlink:type="simple" />
    <link:roleRef roleURI="http://unitedrealtytrust.com/role/Organization" xlink:href="urt-20140331.xsd#Organization" xlink:type="simple" />
    <link:roleRef roleURI="http://unitedrealtytrust.com/role/BasisOfPresentationAndSummaryOfSignificantAccountingPolicies" xlink:href="urt-20140331.xsd#BasisOfPresentationAndSummaryOfSignificantAccountingPolicies" xlink:type="simple" />
    <link:roleRef roleURI="http://unitedrealtytrust.com/role/MortgageNotesPayable" xlink:href="urt-20140331.xsd#MortgageNotesPayable" xlink:type="simple" />
    <link:roleRef roleURI="http://unitedrealtytrust.com/role/Capitalization" xlink:href="urt-20140331.xsd#Capitalization" xlink:type="simple" />
    <link:roleRef roleURI="http://unitedrealtytrust.com/role/StockIncentivePlan" xlink:href="urt-20140331.xsd#StockIncentivePlan" xlink:type="simple" />
    <link:roleRef roleURI="http://unitedrealtytrust.com/role/RelatedPartyArrangements" xlink:href="urt-20140331.xsd#RelatedPartyArrangements" xlink:type="simple" />
    <link:roleRef roleURI="http://unitedrealtytrust.com/role/Distributions" xlink:href="urt-20140331.xsd#Distributions" xlink:type="simple" />
    <link:roleRef roleURI="http://unitedrealtytrust.com/role/EconomicDependency" xlink:href="urt-20140331.xsd#EconomicDependency" xlink:type="simple" />
    <link:roleRef roleURI="http://unitedrealtytrust.com/role/SubsequentEvents" xlink:href="urt-20140331.xsd#SubsequentEvents" xlink:type="simple" />
    <link:roleRef roleURI="http://unitedrealtytrust.com/role/BasisOfPresentationAndSummaryOfSignificantAccountingPoliciesPolicies" xlink:href="urt-20140331.xsd#BasisOfPresentationAndSummaryOfSignificantAccountingPoliciesPolicies" xlink:type="simple" />
    <link:roleRef roleURI="http://unitedrealtytrust.com/role/BasisOfPresentationAndSummaryOfSignificantAccountingPoliciesTables" xlink:href="urt-20140331.xsd#BasisOfPresentationAndSummaryOfSignificantAccountingPoliciesTables" xlink:type="simple" />
    <link:roleRef roleURI="http://unitedrealtytrust.com/role/MortgageNotesPayableTables" xlink:href="urt-20140331.xsd#MortgageNotesPayableTables" xlink:type="simple" />
    <link:roleRef roleURI="http://unitedrealtytrust.com/role/RelatedPartyArrangementsTables" xlink:href="urt-20140331.xsd#RelatedPartyArrangementsTables" xlink:type="simple" />
    <link:roleRef roleURI="http://unitedrealtytrust.com/role/OrganizationDetailsNarrative" xlink:href="urt-20140331.xsd#OrganizationDetailsNarrative" xlink:type="simple" />
    <link:roleRef roleURI="http://unitedrealtytrust.com/role/BasisOfPresentationAndSummaryOfSignificantAccountingPoliciesDetailsNarrative" xlink:href="urt-20140331.xsd#BasisOfPresentationAndSummaryOfSignificantAccountingPoliciesDetailsNarrative" xlink:type="simple" />
    <link:roleRef roleURI="http://unitedrealtytrust.com/role/BasisOfPresentationAndSummaryOfSignificantAccountingPoliciesDetailsNarrative1" xlink:href="urt-20140331.xsd#BasisOfPresentationAndSummaryOfSignificantAccountingPoliciesDetailsNarrative1" xlink:type="simple" />
    <link:roleRef roleURI="http://unitedrealtytrust.com/role/BasisOfPresentationAndSummaryOfSignificantAccountingPoliciesDetails" xlink:href="urt-20140331.xsd#BasisOfPresentationAndSummaryOfSignificantAccountingPoliciesDetails" xlink:type="simple" />
    <link:roleRef roleURI="http://unitedrealtytrust.com/role/MortgageNotesPayableDetailsNarrative" xlink:href="urt-20140331.xsd#MortgageNotesPayableDetailsNarrative" xlink:type="simple" />
    <link:roleRef roleURI="http://unitedrealtytrust.com/role/MortgageNotesPayableDetails" xlink:href="urt-20140331.xsd#MortgageNotesPayableDetails" xlink:type="simple" />
    <link:roleRef roleURI="http://unitedrealtytrust.com/role/CapitalizationDetailsNarrative" xlink:href="urt-20140331.xsd#CapitalizationDetailsNarrative" xlink:type="simple" />
    <link:roleRef roleURI="http://unitedrealtytrust.com/role/StockIncentivePlanDetailsNarrative" xlink:href="urt-20140331.xsd#StockIncentivePlanDetailsNarrative" xlink:type="simple" />
    <link:roleRef roleURI="http://unitedrealtytrust.com/role/RelatedPartyArrangementsDetails" xlink:href="urt-20140331.xsd#RelatedPartyArrangementsDetails" xlink:type="simple" />
    <link:roleRef roleURI="http://unitedrealtytrust.com/role/SubsequentEventsDetailsNarrative" xlink:href="urt-20140331.xsd#SubsequentEventsDetailsNarrative" xlink:type="simple" />
    <link:calculationLink xlink:type="extended" xlink:role="http://unitedrealtytrust.com/role/DocumentAndEntityInformation" xlink:title="00000001 - Document - Document and Entity Information" />
    <link:calculationLink xlink:type="extended" xlink:role="http://unitedrealtytrust.com/role/ConsolidatedBalanceSheets" xlink:title="00000002 - Statement - CONSOLIDATED BALANCE SHEETS (Unaudited)">
      <link:loc xlink:type="locator" xlink:href="http://xbrl.fasb.org/us-gaap/2013/elts/us-gaap-2013-01-31.xsd#us-gaap_RealEstateInvestmentPropertyAtCost" xlink:label="loc_us-gaapRealEstateInvestmentPropertyAtCost" />
      <link:loc xlink:type="locator" xlink:href="http://xbrl.fasb.org/us-gaap/2013/elts/us-gaap-2013-01-31.xsd#us-gaap_Land" xlink:label="loc_us-gaapLand" />
      <link:calculationArc order="100" xlink:arcrole="http://www.xbrl.org/2003/arcrole/summation-item" xlink:from="loc_us-gaapRealEstateInvestmentPropertyAtCost" xlink:to="loc_us-gaapLand" xlink:type="arc" weight="1" />
      <link:loc xlink:type="locator" xlink:href="http://xbrl.fasb.org/us-gaap/2013/elts/us-gaap-2013-01-31.xsd#us-gaap_InvestmentBuildingAndBuildingImprovements" xlink:label="loc_us-gaapInvestmentBuildingAndBuildingImprovements" />
      <link:calculationArc order="200" xlink:arcrole="http://www.xbrl.org/2003/arcrole/summation-item" xlink:from="loc_us-gaapRealEstateInvestmentPropertyAtCost" xlink:to="loc_us-gaapInvestmentBuildingAndBuildingImprovements" xlink:type="arc" weight="1" />
      <link:loc xlink:type="locator" xlink:href="http://xbrl.fasb.org/us-gaap/2013/elts/us-gaap-2013-01-31.xsd#us-gaap_RealEstateInvestmentPropertyNet" xlink:label="loc_us-gaapRealEstateInvestmentPropertyNet" />
      <link:calculationArc order="100" xlink:arcrole="http://www.xbrl.org/2003/arcrole/summation-item" xlink:from="loc_us-gaapRealEstateInvestmentPropertyNet" xlink:to="loc_us-gaapRealEstateInvestmentPropertyAtCost" xlink:type="arc" weight="1" />
      <link:loc xlink:type="locator" xlink:href="http://xbrl.fasb.org/us-gaap/2013/elts/us-gaap-2013-01-31.xsd#us-gaap_RealEstateInvestmentPropertyAccumulatedDepreciation" xlink:label="loc_us-gaapRealEstateInvestmentPropertyAccumulatedDepreciation" />
      <link:calculationArc order="200" xlink:arcrole="http://www.xbrl.org/2003/arcrole/summation-item" xlink:from="loc_us-gaapRealEstateInvestmentPropertyNet" xlink:to="loc_us-gaapRealEstateInvestmentPropertyAccumulatedDepreciation" xlink:type="arc" weight="-1" />
      <link:loc xlink:type="locator" xlink:href="http://xbrl.fasb.org/us-gaap/2013/elts/us-gaap-2013-01-31.xsd#us-gaap_RealEstateInvestments" xlink:label="loc_us-gaapRealEstateInvestments" />
      <link:calculationArc order="100" xlink:arcrole="http://www.xbrl.org/2003/arcrole/summation-item" xlink:from="loc_us-gaapRealEstateInvestments" xlink:to="loc_us-gaapRealEstateInvestmentPropertyNet" xlink:type="arc" weight="1" />
      <link:loc xlink:type="locator" xlink:href="http://xbrl.fasb.org/us-gaap/2013/elts/us-gaap-2013-01-31.xsd#us-gaap_MortgageLoansOnRealEstateCommercialAndConsumerNet" xlink:label="loc_us-gaapMortgageLoansOnRealEstateCommercialAndConsumerNet" />
      <link:calculationArc order="200" xlink:arcrole="http://www.xbrl.org/2003/arcrole/summation-item" xlink:from="loc_us-gaapRealEstateInvestments" xlink:to="loc_us-gaapMortgageLoansOnRealEstateCommercialAndConsumerNet" xlink:type="arc" weight="1" />
      <link:loc xlink:type="locator" xlink:href="http://xbrl.fasb.org/us-gaap/2013/elts/us-gaap-2013-01-31.xsd#us-gaap_Assets" xlink:label="loc_us-gaapAssets" />
      <link:calculationArc order="100" xlink:arcrole="http://www.xbrl.org/2003/arcrole/summation-item" xlink:from="loc_us-gaapAssets" xlink:to="loc_us-gaapRealEstateInvestments" xlink:type="arc" weight="1" />
      <link:loc xlink:type="locator" xlink:href="http://xbrl.fasb.org/us-gaap/2013/elts/us-gaap-2013-01-31.xsd#us-gaap_CashAndCashEquivalentsAtCarryingValue" xlink:label="loc_us-gaapCashAndCashEquivalentsAtCarryingValue" />
      <link:calculationArc order="200" xlink:arcrole="http://www.xbrl.org/2003/arcrole/summation-item" xlink:from="loc_us-gaapAssets" xlink:to="loc_us-gaapCashAndCashEquivalentsAtCarryingValue" xlink:type="arc" weight="1" />
      <link:loc xlink:type="locator" xlink:href="http://xbrl.fasb.org/us-gaap/2013/elts/us-gaap-2013-01-31.xsd#us-gaap_RestrictedCashAndCashEquivalents" xlink:label="loc_us-gaapRestrictedCashAndCashEquivalents" />
      <link:calculationArc order="300" xlink:arcrole="http://www.xbrl.org/2003/arcrole/summation-item" xlink:from="loc_us-gaapAssets" xlink:to="loc_us-gaapRestrictedCashAndCashEquivalents" xlink:type="arc" weight="1" />
      <link:loc xlink:type="locator" xlink:href="http://xbrl.fasb.org/us-gaap/2013/elts/us-gaap-2013-01-31.xsd#us-gaap_PrepaidExpenseCurrentAndNoncurrent" xlink:label="loc_us-gaapPrepaidExpenseCurrentAndNoncurrent" />
      <link:calculationArc order="400" xlink:arcrole="http://www.xbrl.org/2003/arcrole/summation-item" xlink:from="loc_us-gaapAssets" xlink:to="loc_us-gaapPrepaidExpenseCurrentAndNoncurrent" xlink:type="arc" weight="1" />
      <link:loc xlink:type="locator" xlink:href="http://xbrl.fasb.org/us-gaap/2013/elts/us-gaap-2013-01-31.xsd#us-gaap_DepositsAssets" xlink:label="loc_us-gaapDepositsAssets" />
      <link:calculationArc order="500" xlink:arcrole="http://www.xbrl.org/2003/arcrole/summation-item" xlink:from="loc_us-gaapAssets" xlink:to="loc_us-gaapDepositsAssets" xlink:type="arc" weight="1" />
      <link:loc xlink:type="locator" xlink:href="http://xbrl.fasb.org/us-gaap/2013/elts/us-gaap-2013-01-31.xsd#us-gaap_DueFromRelatedParties" xlink:label="loc_us-gaapDueFromRelatedParties" />
      <link:calculationArc order="600" xlink:arcrole="http://www.xbrl.org/2003/arcrole/summation-item" xlink:from="loc_us-gaapAssets" xlink:to="loc_us-gaapDueFromRelatedParties" xlink:type="arc" weight="1" />
      <link:loc xlink:type="locator" xlink:href="urt-20140331.xsd#urt_TenantAndOtherReceivables" xlink:label="loc_urtTenantAndOtherReceivables" />
      <link:calculationArc order="700" xlink:arcrole="http://www.xbrl.org/2003/arcrole/summation-item" xlink:from="loc_us-gaapAssets" xlink:to="loc_urtTenantAndOtherReceivables" xlink:type="arc" weight="1" />
      <link:loc xlink:type="locator" xlink:href="http://xbrl.fasb.org/us-gaap/2013/elts/us-gaap-2013-01-31.xsd#us-gaap_OtherAssets" xlink:label="loc_us-gaapOtherAssets" />
      <link:calculationArc order="800" xlink:arcrole="http://www.xbrl.org/2003/arcrole/summation-item" xlink:from="loc_us-gaapAssets" xlink:to="loc_us-gaapOtherAssets" xlink:type="arc" weight="1" />
      <link:loc xlink:type="locator" xlink:href="http://xbrl.fasb.org/us-gaap/2013/elts/us-gaap-2013-01-31.xsd#us-gaap_IntangibleAssetsNetExcludingGoodwill" xlink:label="loc_us-gaapIntangibleAssetsNetExcludingGoodwill" />
      <link:calculationArc order="900" xlink:arcrole="http://www.xbrl.org/2003/arcrole/summation-item" xlink:from="loc_us-gaapAssets" xlink:to="loc_us-gaapIntangibleAssetsNetExcludingGoodwill" xlink:type="arc" weight="1" />
      <link:loc xlink:type="locator" xlink:href="http://xbrl.fasb.org/us-gaap/2013/elts/us-gaap-2013-01-31.xsd#us-gaap_DeferredCostsCurrentAndNoncurrent" xlink:label="loc_us-gaapDeferredCostsCurrentAndNoncurrent" />
      <link:calculationArc order="1000" xlink:arcrole="http://www.xbrl.org/2003/arcrole/summation-item" xlink:from="loc_us-gaapAssets" xlink:to="loc_us-gaapDeferredCostsCurrentAndNoncurrent" xlink:type="arc" weight="1" />
      <link:loc xlink:type="locator" xlink:href="http://xbrl.fasb.org/us-gaap/2013/elts/us-gaap-2013-01-31.xsd#us-gaap_DeferredOfferingCosts" xlink:label="loc_us-gaapDeferredOfferingCosts" />
      <link:calculationArc order="1100" xlink:arcrole="http://www.xbrl.org/2003/arcrole/summation-item" xlink:from="loc_us-gaapAssets" xlink:to="loc_us-gaapDeferredOfferingCosts" xlink:type="arc" weight="1" />
      <link:loc xlink:type="locator" xlink:href="http://xbrl.fasb.org/us-gaap/2013/elts/us-gaap-2013-01-31.xsd#us-gaap_Liabilities" xlink:label="loc_us-gaapLiabilities" />
      <link:loc xlink:type="locator" xlink:href="http://xbrl.fasb.org/us-gaap/2013/elts/us-gaap-2013-01-31.xsd#us-gaap_LongTermDebt" xlink:label="loc_us-gaapLongTermDebt" />
      <link:calculationArc order="100" xlink:arcrole="http://www.xbrl.org/2003/arcrole/summation-item" xlink:from="loc_us-gaapLiabilities" xlink:to="loc_us-gaapLongTermDebt" xlink:type="arc" weight="1" />
      <link:loc xlink:type="locator" xlink:href="urt-20140331.xsd#urt_IntangibleLeaseLiabliltyAcquired" xlink:label="loc_urtIntangibleLeaseLiabliltyAcquired" />
      <link:calculationArc order="200" xlink:arcrole="http://www.xbrl.org/2003/arcrole/summation-item" xlink:from="loc_us-gaapLiabilities" xlink:to="loc_urtIntangibleLeaseLiabliltyAcquired" xlink:type="arc" weight="1" />
      <link:loc xlink:type="locator" xlink:href="http://xbrl.fasb.org/us-gaap/2013/elts/us-gaap-2013-01-31.xsd#us-gaap_SecurityDepositLiability" xlink:label="loc_us-gaapSecurityDepositLiability" />
      <link:calculationArc order="300" xlink:arcrole="http://www.xbrl.org/2003/arcrole/summation-item" xlink:from="loc_us-gaapLiabilities" xlink:to="loc_us-gaapSecurityDepositLiability" xlink:type="arc" weight="1" />
      <link:loc xlink:type="locator" xlink:href="http://xbrl.fasb.org/us-gaap/2013/elts/us-gaap-2013-01-31.xsd#us-gaap_AccountsPayableCurrentAndNoncurrent" xlink:label="loc_us-gaapAccountsPayableCurrentAndNoncurrent" />
      <link:calculationArc order="400" xlink:arcrole="http://www.xbrl.org/2003/arcrole/summation-item" xlink:from="loc_us-gaapLiabilities" xlink:to="loc_us-gaapAccountsPayableCurrentAndNoncurrent" xlink:type="arc" weight="1" />
      <link:loc xlink:type="locator" xlink:href="http://xbrl.fasb.org/us-gaap/2013/elts/us-gaap-2013-01-31.xsd#us-gaap_DividendsPayableCurrentAndNoncurrent" xlink:label="loc_us-gaapDividendsPayableCurrentAndNoncurrent" />
      <link:calculationArc order="500" xlink:arcrole="http://www.xbrl.org/2003/arcrole/summation-item" xlink:from="loc_us-gaapLiabilities" xlink:to="loc_us-gaapDividendsPayableCurrentAndNoncurrent" xlink:type="arc" weight="1" />
      <link:loc xlink:type="locator" xlink:href="http://xbrl.fasb.org/us-gaap/2013/elts/us-gaap-2013-01-31.xsd#us-gaap_StockholdersEquity" xlink:label="loc_us-gaapStockholdersEquity" />
      <link:loc xlink:type="locator" xlink:href="http://xbrl.fasb.org/us-gaap/2013/elts/us-gaap-2013-01-31.xsd#us-gaap_PreferredStockValue" xlink:label="loc_us-gaapPreferredStockValue" />
      <link:calculationArc order="100" xlink:arcrole="http://www.xbrl.org/2003/arcrole/summation-item" xlink:from="loc_us-gaapStockholdersEquity" xlink:to="loc_us-gaapPreferredStockValue" xlink:type="arc" weight="1" />
      <link:loc xlink:type="locator" xlink:href="http://xbrl.fasb.org/us-gaap/2013/elts/us-gaap-2013-01-31.xsd#us-gaap_CommonStockValue" xlink:label="loc_us-gaapCommonStockValue" />
      <link:calculationArc order="200" xlink:arcrole="http://www.xbrl.org/2003/arcrole/summation-item" xlink:from="loc_us-gaapStockholdersEquity" xlink:to="loc_us-gaapCommonStockValue" xlink:type="arc" weight="1" />
      <link:loc xlink:type="locator" xlink:href="http://xbrl.fasb.org/us-gaap/2013/elts/us-gaap-2013-01-31.xsd#us-gaap_AdditionalPaidInCapital" xlink:label="loc_us-gaapAdditionalPaidInCapital" />
      <link:calculationArc order="300" xlink:arcrole="http://www.xbrl.org/2003/arcrole/summation-item" xlink:from="loc_us-gaapStockholdersEquity" xlink:to="loc_us-gaapAdditionalPaidInCapital" xlink:type="arc" weight="1" />
      <link:loc xlink:type="locator" xlink:href="http://xbrl.fasb.org/us-gaap/2013/elts/us-gaap-2013-01-31.xsd#us-gaap_RetainedEarningsAccumulatedDeficit" xlink:label="loc_us-gaapRetainedEarningsAccumulatedDeficit" />
      <link:calculationArc order="400" xlink:arcrole="http://www.xbrl.org/2003/arcrole/summation-item" xlink:from="loc_us-gaapStockholdersEquity" xlink:to="loc_us-gaapRetainedEarningsAccumulatedDeficit" xlink:type="arc" weight="1" />
      <link:loc xlink:type="locator" xlink:href="http://xbrl.fasb.org/us-gaap/2013/elts/us-gaap-2013-01-31.xsd#us-gaap_MinorityInterest" xlink:label="loc_us-gaapMinorityInterest" />
      <link:loc xlink:type="locator" xlink:href="http://xbrl.fasb.org/us-gaap/2013/elts/us-gaap-2013-01-31.xsd#us-gaap_MinorityInterestInJointVentures" xlink:label="loc_us-gaapMinorityInterestInJointVentures" />
      <link:calculationArc order="100" xlink:arcrole="http://www.xbrl.org/2003/arcrole/summation-item" xlink:from="loc_us-gaapMinorityInterest" xlink:to="loc_us-gaapMinorityInterestInJointVentures" xlink:type="arc" weight="1" />
      <link:loc xlink:type="locator" xlink:href="http://xbrl.fasb.org/us-gaap/2013/elts/us-gaap-2013-01-31.xsd#us-gaap_MinorityInterestInOperatingPartnerships" xlink:label="loc_us-gaapMinorityInterestInOperatingPartnerships" />
      <link:calculationArc order="200" xlink:arcrole="http://www.xbrl.org/2003/arcrole/summation-item" xlink:from="loc_us-gaapMinorityInterest" xlink:to="loc_us-gaapMinorityInterestInOperatingPartnerships" xlink:type="arc" weight="1" />
      <link:loc xlink:type="locator" xlink:href="http://xbrl.fasb.org/us-gaap/2013/elts/us-gaap-2013-01-31.xsd#us-gaap_StockholdersEquityIncludingPortionAttributableToNoncontrollingInterest" xlink:label="loc_us-gaapStockholdersEquityIncludingPortionAttributableToNoncontrollingInterest" />
      <link:calculationArc order="100" xlink:arcrole="http://www.xbrl.org/2003/arcrole/summation-item" xlink:from="loc_us-gaapStockholdersEquityIncludingPortionAttributableToNoncontrollingInterest" xlink:to="loc_us-gaapStockholdersEquity" xlink:type="arc" weight="1" />
      <link:calculationArc order="200" xlink:arcrole="http://www.xbrl.org/2003/arcrole/summation-item" xlink:from="loc_us-gaapStockholdersEquityIncludingPortionAttributableToNoncontrollingInterest" xlink:to="loc_us-gaapMinorityInterest" xlink:type="arc" weight="1" />
      <link:loc xlink:type="locator" xlink:href="http://xbrl.fasb.org/us-gaap/2013/elts/us-gaap-2013-01-31.xsd#us-gaap_LiabilitiesAndStockholdersEquity" xlink:label="loc_us-gaapLiabilitiesAndStockholdersEquity" />
      <link:calculationArc order="100" xlink:arcrole="http://www.xbrl.org/2003/arcrole/summation-item" xlink:from="loc_us-gaapLiabilitiesAndStockholdersEquity" xlink:to="loc_us-gaapLiabilities" xlink:type="arc" weight="1" />
      <link:calculationArc order="200" xlink:arcrole="http://www.xbrl.org/2003/arcrole/summation-item" xlink:from="loc_us-gaapLiabilitiesAndStockholdersEquity" xlink:to="loc_us-gaapStockholdersEquityIncludingPortionAttributableToNoncontrollingInterest" xlink:type="arc" weight="1" />
    </link:calculationLink>
    <link:calculationLink xlink:type="extended" xlink:role="http://unitedrealtytrust.com/role/ConsolidatedBalanceSheetsParenthetical" xlink:title="00000003 - Statement - CONSOLIDATED BALANCE SHEETS (Unaudited) (Parenthetical)" />
    <link:calculationLink xlink:type="extended" xlink:role="http://unitedrealtytrust.com/role/ConsolidatedStatementsOfOperations" xlink:title="00000004 - Statement - CONSOLIDATED STATEMENTS OF OPERATIONS (Unaudited)">
      <link:loc xlink:type="locator" xlink:href="http://xbrl.fasb.org/us-gaap/2013/elts/us-gaap-2013-01-31.xsd#us-gaap_RealEstateRevenueNet" xlink:label="loc_us-gaapRealEstateRevenueNet" />
      <link:loc xlink:type="locator" xlink:href="http://xbrl.fasb.org/us-gaap/2013/elts/us-gaap-2013-01-31.xsd#us-gaap_OperatingLeasesIncomeStatementLeaseRevenue" xlink:label="loc_us-gaapOperatingLeasesIncomeStatementLeaseRevenue" />
      <link:calculationArc order="100" xlink:arcrole="http://www.xbrl.org/2003/arcrole/summation-item" xlink:from="loc_us-gaapRealEstateRevenueNet" xlink:to="loc_us-gaapOperatingLeasesIncomeStatementLeaseRevenue" xlink:type="arc" weight="1" />
      <link:loc xlink:type="locator" xlink:href="http://xbrl.fasb.org/us-gaap/2013/elts/us-gaap-2013-01-31.xsd#us-gaap_TenantReimbursements" xlink:label="loc_us-gaapTenantReimbursements" />
      <link:calculationArc order="200" xlink:arcrole="http://www.xbrl.org/2003/arcrole/summation-item" xlink:from="loc_us-gaapRealEstateRevenueNet" xlink:to="loc_us-gaapTenantReimbursements" xlink:type="arc" weight="1" />
      <link:loc xlink:type="locator" xlink:href="http://xbrl.fasb.org/us-gaap/2013/elts/us-gaap-2013-01-31.xsd#us-gaap_OtherRealEstateRevenue" xlink:label="loc_us-gaapOtherRealEstateRevenue" />
      <link:calculationArc order="300" xlink:arcrole="http://www.xbrl.org/2003/arcrole/summation-item" xlink:from="loc_us-gaapRealEstateRevenueNet" xlink:to="loc_us-gaapOtherRealEstateRevenue" xlink:type="arc" weight="1" />
      <link:loc xlink:type="locator" xlink:href="http://xbrl.fasb.org/us-gaap/2013/elts/us-gaap-2013-01-31.xsd#us-gaap_OperatingExpenses" xlink:label="loc_us-gaapOperatingExpenses" />
      <link:loc xlink:type="locator" xlink:href="http://xbrl.fasb.org/us-gaap/2013/elts/us-gaap-2013-01-31.xsd#us-gaap_CostOfOtherPropertyOperatingExpense" xlink:label="loc_us-gaapCostOfOtherPropertyOperatingExpense" />
      <link:calculationArc order="100" xlink:arcrole="http://www.xbrl.org/2003/arcrole/summation-item" xlink:from="loc_us-gaapOperatingExpenses" xlink:to="loc_us-gaapCostOfOtherPropertyOperatingExpense" xlink:type="arc" weight="1" />
      <link:loc xlink:type="locator" xlink:href="urt-20140331.xsd#urt_PropertyTaxes" xlink:label="loc_urtPropertyTaxes" />
      <link:calculationArc order="200" xlink:arcrole="http://www.xbrl.org/2003/arcrole/summation-item" xlink:from="loc_us-gaapOperatingExpenses" xlink:to="loc_urtPropertyTaxes" xlink:type="arc" weight="1" />
      <link:loc xlink:type="locator" xlink:href="http://xbrl.fasb.org/us-gaap/2013/elts/us-gaap-2013-01-31.xsd#us-gaap_GeneralAndAdministrativeExpense" xlink:label="loc_us-gaapGeneralAndAdministrativeExpense" />
      <link:calculationArc order="300" xlink:arcrole="http://www.xbrl.org/2003/arcrole/summation-item" xlink:from="loc_us-gaapOperatingExpenses" xlink:to="loc_us-gaapGeneralAndAdministrativeExpense" xlink:type="arc" weight="1" />
      <link:loc xlink:type="locator" xlink:href="http://xbrl.fasb.org/us-gaap/2013/elts/us-gaap-2013-01-31.xsd#us-gaap_DepreciationAndAmortization" xlink:label="loc_us-gaapDepreciationAndAmortization" />
      <link:calculationArc order="400" xlink:arcrole="http://www.xbrl.org/2003/arcrole/summation-item" xlink:from="loc_us-gaapOperatingExpenses" xlink:to="loc_us-gaapDepreciationAndAmortization" xlink:type="arc" weight="1" />
      <link:loc xlink:type="locator" xlink:href="http://xbrl.fasb.org/us-gaap/2013/elts/us-gaap-2013-01-31.xsd#us-gaap_BusinessCombinationAcquisitionRelatedCosts" xlink:label="loc_us-gaapBusinessCombinationAcquisitionRelatedCosts" />
      <link:calculationArc order="500" xlink:arcrole="http://www.xbrl.org/2003/arcrole/summation-item" xlink:from="loc_us-gaapOperatingExpenses" xlink:to="loc_us-gaapBusinessCombinationAcquisitionRelatedCosts" xlink:type="arc" weight="1" />
      <link:loc xlink:type="locator" xlink:href="http://xbrl.fasb.org/us-gaap/2013/elts/us-gaap-2013-01-31.xsd#us-gaap_OperatingIncomeLoss" xlink:label="loc_us-gaapOperatingIncomeLoss" />
      <link:calculationArc order="100" xlink:arcrole="http://www.xbrl.org/2003/arcrole/summation-item" xlink:from="loc_us-gaapOperatingIncomeLoss" xlink:to="loc_us-gaapRealEstateRevenueNet" xlink:type="arc" weight="1" />
      <link:calculationArc order="200" xlink:arcrole="http://www.xbrl.org/2003/arcrole/summation-item" xlink:from="loc_us-gaapOperatingIncomeLoss" xlink:to="loc_us-gaapOperatingExpenses" xlink:type="arc" weight="-1" />
      <link:loc xlink:type="locator" xlink:href="http://xbrl.fasb.org/us-gaap/2013/elts/us-gaap-2013-01-31.xsd#us-gaap_ProfitLoss" xlink:label="loc_us-gaapProfitLoss" />
      <link:calculationArc order="100" xlink:arcrole="http://www.xbrl.org/2003/arcrole/summation-item" xlink:from="loc_us-gaapProfitLoss" xlink:to="loc_us-gaapOperatingIncomeLoss" xlink:type="arc" weight="1" />
      <link:loc xlink:type="locator" xlink:href="http://xbrl.fasb.org/us-gaap/2013/elts/us-gaap-2013-01-31.xsd#us-gaap_InterestAndDebtExpense" xlink:label="loc_us-gaapInterestAndDebtExpense" />
      <link:calculationArc order="200" xlink:arcrole="http://www.xbrl.org/2003/arcrole/summation-item" xlink:from="loc_us-gaapProfitLoss" xlink:to="loc_us-gaapInterestAndDebtExpense" xlink:type="arc" weight="-1" />
      <link:loc xlink:type="locator" xlink:href="http://xbrl.fasb.org/us-gaap/2013/elts/us-gaap-2013-01-31.xsd#us-gaap_InvestmentIncomeInterest" xlink:label="loc_us-gaapInvestmentIncomeInterest" />
      <link:calculationArc order="300" xlink:arcrole="http://www.xbrl.org/2003/arcrole/summation-item" xlink:from="loc_us-gaapProfitLoss" xlink:to="loc_us-gaapInvestmentIncomeInterest" xlink:type="arc" weight="1" />
      <link:loc xlink:type="locator" xlink:href="http://xbrl.fasb.org/us-gaap/2013/elts/us-gaap-2013-01-31.xsd#us-gaap_NetIncomeLoss" xlink:label="loc_us-gaapNetIncomeLoss" />
      <link:calculationArc order="100" xlink:arcrole="http://www.xbrl.org/2003/arcrole/summation-item" xlink:from="loc_us-gaapNetIncomeLoss" xlink:to="loc_us-gaapProfitLoss" xlink:type="arc" weight="1" />
      <link:loc xlink:type="locator" xlink:href="http://xbrl.fasb.org/us-gaap/2013/elts/us-gaap-2013-01-31.xsd#us-gaap_NetIncomeLossAttributableToNoncontrollingInterest" xlink:label="loc_us-gaapNetIncomeLossAttributableToNoncontrollingInterest" />
      <link:calculationArc order="200" xlink:arcrole="http://www.xbrl.org/2003/arcrole/summation-item" xlink:from="loc_us-gaapNetIncomeLoss" xlink:to="loc_us-gaapNetIncomeLossAttributableToNoncontrollingInterest" xlink:type="arc" weight="-1" />
    </link:calculationLink>
    <link:calculationLink xlink:type="extended" xlink:role="http://unitedrealtytrust.com/role/ConsolidatedStatementsOfEquity" xlink:title="00000005 - Statement - CONSOLIDATED STATEMENTS OF EQUITY (Unaudited)" />
    <link:calculationLink xlink:type="extended" xlink:role="http://unitedrealtytrust.com/role/ConsolidatedStatementsOfCashFlows" xlink:title="00000006 - Statement - CONSOLIDATED STATEMENTS OF CASH FLOWS (Unaudited)">
      <link:loc xlink:type="locator" xlink:href="http://xbrl.fasb.org/us-gaap/2013/elts/us-gaap-2013-01-31.xsd#us-gaap_NetCashProvidedByUsedInOperatingActivities" xlink:label="loc_us-gaapNetCashProvidedByUsedInOperatingActivities" />
      <link:loc xlink:type="locator" xlink:href="http://xbrl.fasb.org/us-gaap/2013/elts/us-gaap-2013-01-31.xsd#us-gaap_ProfitLoss" xlink:label="loc_us-gaapProfitLoss" />
      <link:calculationArc order="100" xlink:arcrole="http://www.xbrl.org/2003/arcrole/summation-item" xlink:from="loc_us-gaapNetCashProvidedByUsedInOperatingActivities" xlink:to="loc_us-gaapProfitLoss" xlink:type="arc" weight="1" />
      <link:loc xlink:type="locator" xlink:href="http://xbrl.fasb.org/us-gaap/2013/elts/us-gaap-2013-01-31.xsd#us-gaap_DepreciationDepletionAndAmortization" xlink:label="loc_us-gaapDepreciationDepletionAndAmortization" />
      <link:calculationArc order="200" xlink:arcrole="http://www.xbrl.org/2003/arcrole/summation-item" xlink:from="loc_us-gaapNetCashProvidedByUsedInOperatingActivities" xlink:to="loc_us-gaapDepreciationDepletionAndAmortization" xlink:type="arc" weight="1" />
      <link:loc xlink:type="locator" xlink:href="http://xbrl.fasb.org/us-gaap/2013/elts/us-gaap-2013-01-31.xsd#us-gaap_AmortizationOfFinancingCosts" xlink:label="loc_us-gaapAmortizationOfFinancingCosts" />
      <link:calculationArc order="300" xlink:arcrole="http://www.xbrl.org/2003/arcrole/summation-item" xlink:from="loc_us-gaapNetCashProvidedByUsedInOperatingActivities" xlink:to="loc_us-gaapAmortizationOfFinancingCosts" xlink:type="arc" weight="1" />
      <link:loc xlink:type="locator" xlink:href="http://xbrl.fasb.org/us-gaap/2013/elts/us-gaap-2013-01-31.xsd#us-gaap_RestrictedStockExpense" xlink:label="loc_us-gaapRestrictedStockExpense" />
      <link:calculationArc order="400" xlink:arcrole="http://www.xbrl.org/2003/arcrole/summation-item" xlink:from="loc_us-gaapNetCashProvidedByUsedInOperatingActivities" xlink:to="loc_us-gaapRestrictedStockExpense" xlink:type="arc" weight="1" />
      <link:loc xlink:type="locator" xlink:href="urt-20140331.xsd#urt_IncreaseDecreaseMortgageEscrow" xlink:label="loc_urtIncreaseDecreaseMortgageEscrow" />
      <link:calculationArc order="500" xlink:arcrole="http://www.xbrl.org/2003/arcrole/summation-item" xlink:from="loc_us-gaapNetCashProvidedByUsedInOperatingActivities" xlink:to="loc_urtIncreaseDecreaseMortgageEscrow" xlink:type="arc" weight="1" />
      <link:loc xlink:type="locator" xlink:href="http://xbrl.fasb.org/us-gaap/2013/elts/us-gaap-2013-01-31.xsd#us-gaap_IncreaseDecreaseInPrepaidExpense" xlink:label="loc_us-gaapIncreaseDecreaseInPrepaidExpense" />
      <link:calculationArc order="600" xlink:arcrole="http://www.xbrl.org/2003/arcrole/summation-item" xlink:from="loc_us-gaapNetCashProvidedByUsedInOperatingActivities" xlink:to="loc_us-gaapIncreaseDecreaseInPrepaidExpense" xlink:type="arc" weight="-1" />
      <link:loc xlink:type="locator" xlink:href="http://xbrl.fasb.org/us-gaap/2013/elts/us-gaap-2013-01-31.xsd#us-gaap_IncreaseDecreaseInSecurityDeposits" xlink:label="loc_us-gaapIncreaseDecreaseInSecurityDeposits" />
      <link:calculationArc order="700" xlink:arcrole="http://www.xbrl.org/2003/arcrole/summation-item" xlink:from="loc_us-gaapNetCashProvidedByUsedInOperatingActivities" xlink:to="loc_us-gaapIncreaseDecreaseInSecurityDeposits" xlink:type="arc" weight="1" />
      <link:loc xlink:type="locator" xlink:href="urt-20140331.xsd#urt_IncreaseDecreaseInTenantReceivables" xlink:label="loc_urtIncreaseDecreaseInTenantReceivables" />
      <link:calculationArc order="800" xlink:arcrole="http://www.xbrl.org/2003/arcrole/summation-item" xlink:from="loc_us-gaapNetCashProvidedByUsedInOperatingActivities" xlink:to="loc_urtIncreaseDecreaseInTenantReceivables" xlink:type="arc" weight="-1" />
      <link:loc xlink:type="locator" xlink:href="http://xbrl.fasb.org/us-gaap/2013/elts/us-gaap-2013-01-31.xsd#us-gaap_IncreaseDecreaseInDueToAffiliates" xlink:label="loc_us-gaapIncreaseDecreaseInDueToAffiliates" />
      <link:calculationArc order="900" xlink:arcrole="http://www.xbrl.org/2003/arcrole/summation-item" xlink:from="loc_us-gaapNetCashProvidedByUsedInOperatingActivities" xlink:to="loc_us-gaapIncreaseDecreaseInDueToAffiliates" xlink:type="arc" weight="1" />
      <link:loc xlink:type="locator" xlink:href="http://xbrl.fasb.org/us-gaap/2013/elts/us-gaap-2013-01-31.xsd#us-gaap_IncreaseDecreaseInAccountsPayable" xlink:label="loc_us-gaapIncreaseDecreaseInAccountsPayable" />
      <link:calculationArc order="1000" xlink:arcrole="http://www.xbrl.org/2003/arcrole/summation-item" xlink:from="loc_us-gaapNetCashProvidedByUsedInOperatingActivities" xlink:to="loc_us-gaapIncreaseDecreaseInAccountsPayable" xlink:type="arc" weight="1" />
      <link:loc xlink:type="locator" xlink:href="urt-20140331.xsd#urt_AmortizationOfAboveMarketRent" xlink:label="loc_urtAmortizationOfAboveMarketRent" />
      <link:calculationArc order="1100" xlink:arcrole="http://www.xbrl.org/2003/arcrole/summation-item" xlink:from="loc_us-gaapNetCashProvidedByUsedInOperatingActivities" xlink:to="loc_urtAmortizationOfAboveMarketRent" xlink:type="arc" weight="1" />
      <link:loc xlink:type="locator" xlink:href="http://xbrl.fasb.org/us-gaap/2013/elts/us-gaap-2013-01-31.xsd#us-gaap_NetCashProvidedByUsedInInvestingActivitiesContinuingOperations" xlink:label="loc_us-gaapNetCashProvidedByUsedInInvestingActivitiesContinuingOperations" />
      <link:loc xlink:type="locator" xlink:href="http://xbrl.fasb.org/us-gaap/2013/elts/us-gaap-2013-01-31.xsd#us-gaap_PaymentsToAcquireRealEstateHeldForInvestment" xlink:label="loc_us-gaapPaymentsToAcquireRealEstateHeldForInvestment" />
      <link:calculationArc order="100" xlink:arcrole="http://www.xbrl.org/2003/arcrole/summation-item" xlink:from="loc_us-gaapNetCashProvidedByUsedInInvestingActivitiesContinuingOperations" xlink:to="loc_us-gaapPaymentsToAcquireRealEstateHeldForInvestment" xlink:type="arc" weight="-1" />
      <link:loc xlink:type="locator" xlink:href="http://xbrl.fasb.org/us-gaap/2013/elts/us-gaap-2013-01-31.xsd#us-gaap_PaymentsForConstructionInProcess" xlink:label="loc_us-gaapPaymentsForConstructionInProcess" />
      <link:calculationArc order="200" xlink:arcrole="http://www.xbrl.org/2003/arcrole/summation-item" xlink:from="loc_us-gaapNetCashProvidedByUsedInInvestingActivitiesContinuingOperations" xlink:to="loc_us-gaapPaymentsForConstructionInProcess" xlink:type="arc" weight="-1" />
      <link:loc xlink:type="locator" xlink:href="http://xbrl.fasb.org/us-gaap/2013/elts/us-gaap-2013-01-31.xsd#us-gaap_PaymentsForDepositsOnRealEstateAcquisitions" xlink:label="loc_us-gaapPaymentsForDepositsOnRealEstateAcquisitions" />
      <link:calculationArc order="300" xlink:arcrole="http://www.xbrl.org/2003/arcrole/summation-item" xlink:from="loc_us-gaapNetCashProvidedByUsedInInvestingActivitiesContinuingOperations" xlink:to="loc_us-gaapPaymentsForDepositsOnRealEstateAcquisitions" xlink:type="arc" weight="-1" />
      <link:loc xlink:type="locator" xlink:href="http://xbrl.fasb.org/us-gaap/2013/elts/us-gaap-2013-01-31.xsd#us-gaap_PaymentsForCapitalImprovements" xlink:label="loc_us-gaapPaymentsForCapitalImprovements" />
      <link:calculationArc order="400" xlink:arcrole="http://www.xbrl.org/2003/arcrole/summation-item" xlink:from="loc_us-gaapNetCashProvidedByUsedInInvestingActivitiesContinuingOperations" xlink:to="loc_us-gaapPaymentsForCapitalImprovements" xlink:type="arc" weight="-1" />
      <link:loc xlink:type="locator" xlink:href="http://xbrl.fasb.org/us-gaap/2013/elts/us-gaap-2013-01-31.xsd#us-gaap_NetCashProvidedByUsedInFinancingActivitiesContinuingOperations" xlink:label="loc_us-gaapNetCashProvidedByUsedInFinancingActivitiesContinuingOperations" />
      <link:loc xlink:type="locator" xlink:href="http://xbrl.fasb.org/us-gaap/2013/elts/us-gaap-2013-01-31.xsd#us-gaap_ProceedsFromIssuanceOfCommonStock" xlink:label="loc_us-gaapProceedsFromIssuanceOfCommonStock" />
      <link:calculationArc order="100" xlink:arcrole="http://www.xbrl.org/2003/arcrole/summation-item" xlink:from="loc_us-gaapNetCashProvidedByUsedInFinancingActivitiesContinuingOperations" xlink:to="loc_us-gaapProceedsFromIssuanceOfCommonStock" xlink:type="arc" weight="1" />
      <link:loc xlink:type="locator" xlink:href="http://xbrl.fasb.org/us-gaap/2013/elts/us-gaap-2013-01-31.xsd#us-gaap_ProceedsFromNotesPayable" xlink:label="loc_us-gaapProceedsFromNotesPayable" />
      <link:calculationArc order="200" xlink:arcrole="http://www.xbrl.org/2003/arcrole/summation-item" xlink:from="loc_us-gaapNetCashProvidedByUsedInFinancingActivitiesContinuingOperations" xlink:to="loc_us-gaapProceedsFromNotesPayable" xlink:type="arc" weight="1" />
      <link:loc xlink:type="locator" xlink:href="http://xbrl.fasb.org/us-gaap/2013/elts/us-gaap-2013-01-31.xsd#us-gaap_ProceedsFromPaymentsForOtherFinancingActivities" xlink:label="loc_us-gaapProceedsFromPaymentsForOtherFinancingActivities" />
      <link:calculationArc order="300" xlink:arcrole="http://www.xbrl.org/2003/arcrole/summation-item" xlink:from="loc_us-gaapNetCashProvidedByUsedInFinancingActivitiesContinuingOperations" xlink:to="loc_us-gaapProceedsFromPaymentsForOtherFinancingActivities" xlink:type="arc" weight="1" />
      <link:loc xlink:type="locator" xlink:href="urt-20140331.xsd#urt_PaymentOfOfferingCosts" xlink:label="loc_urtPaymentOfOfferingCosts" />
      <link:calculationArc order="400" xlink:arcrole="http://www.xbrl.org/2003/arcrole/summation-item" xlink:from="loc_us-gaapNetCashProvidedByUsedInFinancingActivitiesContinuingOperations" xlink:to="loc_urtPaymentOfOfferingCosts" xlink:type="arc" weight="-1" />
      <link:loc xlink:type="locator" xlink:href="http://xbrl.fasb.org/us-gaap/2013/elts/us-gaap-2013-01-31.xsd#us-gaap_PaymentsToMinorityShareholders" xlink:label="loc_us-gaapPaymentsToMinorityShareholders" />
      <link:calculationArc order="500" xlink:arcrole="http://www.xbrl.org/2003/arcrole/summation-item" xlink:from="loc_us-gaapNetCashProvidedByUsedInFinancingActivitiesContinuingOperations" xlink:to="loc_us-gaapPaymentsToMinorityShareholders" xlink:type="arc" weight="-1" />
      <link:loc xlink:type="locator" xlink:href="http://xbrl.fasb.org/us-gaap/2013/elts/us-gaap-2013-01-31.xsd#us-gaap_ProceedsFromRepaymentsOfOtherLongTermDebt" xlink:label="loc_us-gaapProceedsFromRepaymentsOfOtherLongTermDebt" />
      <link:calculationArc order="600" xlink:arcrole="http://www.xbrl.org/2003/arcrole/summation-item" xlink:from="loc_us-gaapNetCashProvidedByUsedInFinancingActivitiesContinuingOperations" xlink:to="loc_us-gaapProceedsFromRepaymentsOfOtherLongTermDebt" xlink:type="arc" weight="1" />
      <link:loc xlink:type="locator" xlink:href="http://xbrl.fasb.org/us-gaap/2013/elts/us-gaap-2013-01-31.xsd#us-gaap_PaymentsOfStockIssuanceCosts" xlink:label="loc_us-gaapPaymentsOfStockIssuanceCosts" />
      <link:calculationArc order="700" xlink:arcrole="http://www.xbrl.org/2003/arcrole/summation-item" xlink:from="loc_us-gaapNetCashProvidedByUsedInFinancingActivitiesContinuingOperations" xlink:to="loc_us-gaapPaymentsOfStockIssuanceCosts" xlink:type="arc" weight="-1" />
      <link:loc xlink:type="locator" xlink:href="http://xbrl.fasb.org/us-gaap/2013/elts/us-gaap-2013-01-31.xsd#us-gaap_PaymentsOfDividendsCommonStock" xlink:label="loc_us-gaapPaymentsOfDividendsCommonStock" />
      <link:calculationArc order="800" xlink:arcrole="http://www.xbrl.org/2003/arcrole/summation-item" xlink:from="loc_us-gaapNetCashProvidedByUsedInFinancingActivitiesContinuingOperations" xlink:to="loc_us-gaapPaymentsOfDividendsCommonStock" xlink:type="arc" weight="-1" />
      <link:loc xlink:type="locator" xlink:href="http://xbrl.fasb.org/us-gaap/2013/elts/us-gaap-2013-01-31.xsd#us-gaap_CashAndCashEquivalentsPeriodIncreaseDecrease" xlink:label="loc_us-gaapCashAndCashEquivalentsPeriodIncreaseDecrease" />
      <link:calculationArc order="100" xlink:arcrole="http://www.xbrl.org/2003/arcrole/summation-item" xlink:from="loc_us-gaapCashAndCashEquivalentsPeriodIncreaseDecrease" xlink:to="loc_us-gaapNetCashProvidedByUsedInOperatingActivities" xlink:type="arc" weight="1" />
      <link:calculationArc order="200" xlink:arcrole="http://www.xbrl.org/2003/arcrole/summation-item" xlink:from="loc_us-gaapCashAndCashEquivalentsPeriodIncreaseDecrease" xlink:to="loc_us-gaapNetCashProvidedByUsedInInvestingActivitiesContinuingOperations" xlink:type="arc" weight="1" />
      <link:calculationArc order="300" xlink:arcrole="http://www.xbrl.org/2003/arcrole/summation-item" xlink:from="loc_us-gaapCashAndCashEquivalentsPeriodIncreaseDecrease" xlink:to="loc_us-gaapNetCashProvidedByUsedInFinancingActivitiesContinuingOperations" xlink:type="arc" weight="1" />
    </link:calculationLink>
    <link:calculationLink xlink:type="extended" xlink:role="http://unitedrealtytrust.com/role/Organization" xlink:title="00000007 - Disclosure - Organization" />
    <link:calculationLink xlink:type="extended" xlink:role="http://unitedrealtytrust.com/role/BasisOfPresentationAndSummaryOfSignificantAccountingPolicies" xlink:title="00000008 - Disclosure - Basis of Presentation and Summary of Significant Accounting Policies" />
    <link:calculationLink xlink:type="extended" xlink:role="http://unitedrealtytrust.com/role/MortgageNotesPayable" xlink:title="00000009 - Disclosure - Mortgage Notes Payable" />
    <link:calculationLink xlink:type="extended" xlink:role="http://unitedrealtytrust.com/role/Capitalization" xlink:title="00000010 - Disclosure - Capitalization" />
    <link:calculationLink xlink:type="extended" xlink:role="http://unitedrealtytrust.com/role/StockIncentivePlan" xlink:title="00000011 - Disclosure - Stock Incentive Plan" />
    <link:calculationLink xlink:type="extended" xlink:role="http://unitedrealtytrust.com/role/RelatedPartyArrangements" xlink:title="00000012 - Disclosure - Related Party Arrangements" />
    <link:calculationLink xlink:type="extended" xlink:role="http://unitedrealtytrust.com/role/Distributions" xlink:title="00000013 - Disclosure - Distributions" />
    <link:calculationLink xlink:type="extended" xlink:role="http://unitedrealtytrust.com/role/EconomicDependency" xlink:title="00000014 - Disclosure - Economic Dependency" />
    <link:calculationLink xlink:type="extended" xlink:role="http://unitedrealtytrust.com/role/SubsequentEvents" xlink:title="00000015 - Disclosure - Subsequent Events" />
    <link:calculationLink xlink:type="extended" xlink:role="http://unitedrealtytrust.com/role/BasisOfPresentationAndSummaryOfSignificantAccountingPoliciesPolicies" xlink:title="00000016 - Disclosure - Basis of Presentation and Summary of Significant Accounting Policies (Policies)" />
    <link:calculationLink xlink:type="extended" xlink:role="http://unitedrealtytrust.com/role/BasisOfPresentationAndSummaryOfSignificantAccountingPoliciesTables" xlink:title="00000017 - Disclosure - Basis of Presentation and Summary of Significant Accounting Policies (Tables)" />
    <link:calculationLink xlink:type="extended" xlink:role="http://unitedrealtytrust.com/role/MortgageNotesPayableTables" xlink:title="00000018 - Disclosure - Mortgage Notes Payable (Tables)" />
    <link:calculationLink xlink:type="extended" xlink:role="http://unitedrealtytrust.com/role/RelatedPartyArrangementsTables" xlink:title="00000019 - Disclosure - Related Party Arrangements (Tables)" />
    <link:calculationLink xlink:type="extended" xlink:role="http://unitedrealtytrust.com/role/OrganizationDetailsNarrative" xlink:title="00000020 - Disclosure - Organization (Details Narrative)" />
    <link:calculationLink xlink:type="extended" xlink:role="http://unitedrealtytrust.com/role/BasisOfPresentationAndSummaryOfSignificantAccountingPoliciesDetailsNarrative" xlink:title="00000021 - Disclosure - Basis of Presentation and Summary of Significant Accounting Policies (Details Narrative)" />
    <link:calculationLink xlink:type="extended" xlink:role="http://unitedrealtytrust.com/role/BasisOfPresentationAndSummaryOfSignificantAccountingPoliciesDetailsNarrative1" xlink:title="00000022 - Disclosure - Basis of Presentation and Summary of Significant Accounting Policies (Details Narrative 1)" />
    <link:calculationLink xlink:type="extended" xlink:role="http://unitedrealtytrust.com/role/BasisOfPresentationAndSummaryOfSignificantAccountingPoliciesDetails" xlink:title="00000023 - Disclosure - Basis of Presentation and Summary of Significant Accounting Policies (Details)">
      <link:loc xlink:type="locator" xlink:href="urt-20140331.xsd#urt_DeferredCostsGross" xlink:label="loc_urtDeferredCostsGross" />
      <link:loc xlink:type="locator" xlink:href="http://xbrl.fasb.org/us-gaap/2013/elts/us-gaap-2013-01-31.xsd#us-gaap_DeferredCostsLeasingGross" xlink:label="loc_us-gaapDeferredCostsLeasingGross" />
      <link:calculationArc order="100" xlink:arcrole="http://www.xbrl.org/2003/arcrole/summation-item" xlink:from="loc_urtDeferredCostsGross" xlink:to="loc_us-gaapDeferredCostsLeasingGross" xlink:type="arc" weight="1" />
      <link:loc xlink:type="locator" xlink:href="urt-20140331.xsd#urt_DeferredCostsLegalAcquiredLease" xlink:label="loc_urtDeferredCostsLegalAcquiredLease" />
      <link:calculationArc order="200" xlink:arcrole="http://www.xbrl.org/2003/arcrole/summation-item" xlink:from="loc_urtDeferredCostsGross" xlink:to="loc_urtDeferredCostsLegalAcquiredLease" xlink:type="arc" weight="1" />
      <link:loc xlink:type="locator" xlink:href="http://xbrl.fasb.org/us-gaap/2013/elts/us-gaap-2013-01-31.xsd#us-gaap_DeferredFinanceCostsGross" xlink:label="loc_us-gaapDeferredFinanceCostsGross" />
      <link:calculationArc order="300" xlink:arcrole="http://www.xbrl.org/2003/arcrole/summation-item" xlink:from="loc_urtDeferredCostsGross" xlink:to="loc_us-gaapDeferredFinanceCostsGross" xlink:type="arc" weight="1" />
      <link:loc xlink:type="locator" xlink:href="http://xbrl.fasb.org/us-gaap/2013/elts/us-gaap-2013-01-31.xsd#us-gaap_DeferredCostsCurrentAndNoncurrent" xlink:label="loc_us-gaapDeferredCostsCurrentAndNoncurrent" />
      <link:calculationArc order="100" xlink:arcrole="http://www.xbrl.org/2003/arcrole/summation-item" xlink:from="loc_us-gaapDeferredCostsCurrentAndNoncurrent" xlink:to="loc_urtDeferredCostsGross" xlink:type="arc" weight="1" />
      <link:loc xlink:type="locator" xlink:href="urt-20140331.xsd#urt_AccumulatedAmortizationDeferredCosts" xlink:label="loc_urtAccumulatedAmortizationDeferredCosts" />
      <link:calculationArc order="200" xlink:arcrole="http://www.xbrl.org/2003/arcrole/summation-item" xlink:from="loc_us-gaapDeferredCostsCurrentAndNoncurrent" xlink:to="loc_urtAccumulatedAmortizationDeferredCosts" xlink:type="arc" weight="-1" />
    </link:calculationLink>
    <link:calculationLink xlink:type="extended" xlink:role="http://unitedrealtytrust.com/role/MortgageNotesPayableDetailsNarrative" xlink:title="00000024 - Disclosure - Mortgage Notes Payable (Details Narrative)" />
    <link:calculationLink xlink:type="extended" xlink:role="http://unitedrealtytrust.com/role/MortgageNotesPayableDetails" xlink:title="00000025 - Disclosure - Mortgage Notes Payable (Details)">
      <link:loc xlink:type="locator" xlink:href="urt-20140331.xsd#urt_LongTermDebtMaturitiesRepaymentsOfPrincipalTotal" xlink:label="loc_urtLongTermDebtMaturitiesRepaymentsOfPrincipalTotal" />
      <link:loc xlink:type="locator" xlink:href="http://xbrl.fasb.org/us-gaap/2013/elts/us-gaap-2013-01-31.xsd#us-gaap_LongTermDebtMaturitiesRepaymentsOfPrincipalInNextTwelveMonths" xlink:label="loc_us-gaapLongTermDebtMaturitiesRepaymentsOfPrincipalInNextTwelveMonths" />
      <link:calculationArc order="100" xlink:arcrole="http://www.xbrl.org/2003/arcrole/summation-item" xlink:from="loc_urtLongTermDebtMaturitiesRepaymentsOfPrincipalTotal" xlink:to="loc_us-gaapLongTermDebtMaturitiesRepaymentsOfPrincipalInNextTwelveMonths" xlink:type="arc" weight="1" />
      <link:loc xlink:type="locator" xlink:href="http://xbrl.fasb.org/us-gaap/2013/elts/us-gaap-2013-01-31.xsd#us-gaap_LongTermDebtMaturitiesRepaymentsOfPrincipalInYearTwo" xlink:label="loc_us-gaapLongTermDebtMaturitiesRepaymentsOfPrincipalInYearTwo" />
      <link:calculationArc order="200" xlink:arcrole="http://www.xbrl.org/2003/arcrole/summation-item" xlink:from="loc_urtLongTermDebtMaturitiesRepaymentsOfPrincipalTotal" xlink:to="loc_us-gaapLongTermDebtMaturitiesRepaymentsOfPrincipalInYearTwo" xlink:type="arc" weight="1" />
      <link:loc xlink:type="locator" xlink:href="http://xbrl.fasb.org/us-gaap/2013/elts/us-gaap-2013-01-31.xsd#us-gaap_LongTermDebtMaturitiesRepaymentsOfPrincipalInYearThree" xlink:label="loc_us-gaapLongTermDebtMaturitiesRepaymentsOfPrincipalInYearThree" />
      <link:calculationArc order="300" xlink:arcrole="http://www.xbrl.org/2003/arcrole/summation-item" xlink:from="loc_urtLongTermDebtMaturitiesRepaymentsOfPrincipalTotal" xlink:to="loc_us-gaapLongTermDebtMaturitiesRepaymentsOfPrincipalInYearThree" xlink:type="arc" weight="1" />
      <link:loc xlink:type="locator" xlink:href="http://xbrl.fasb.org/us-gaap/2013/elts/us-gaap-2013-01-31.xsd#us-gaap_LongTermDebtMaturitiesRepaymentsOfPrincipalInYearFour" xlink:label="loc_us-gaapLongTermDebtMaturitiesRepaymentsOfPrincipalInYearFour" />
      <link:calculationArc order="400" xlink:arcrole="http://www.xbrl.org/2003/arcrole/summation-item" xlink:from="loc_urtLongTermDebtMaturitiesRepaymentsOfPrincipalTotal" xlink:to="loc_us-gaapLongTermDebtMaturitiesRepaymentsOfPrincipalInYearFour" xlink:type="arc" weight="1" />
      <link:loc xlink:type="locator" xlink:href="http://xbrl.fasb.org/us-gaap/2013/elts/us-gaap-2013-01-31.xsd#us-gaap_LongTermDebtMaturitiesRepaymentsOfPrincipalInYearFive" xlink:label="loc_us-gaapLongTermDebtMaturitiesRepaymentsOfPrincipalInYearFive" />
      <link:calculationArc order="500" xlink:arcrole="http://www.xbrl.org/2003/arcrole/summation-item" xlink:from="loc_urtLongTermDebtMaturitiesRepaymentsOfPrincipalTotal" xlink:to="loc_us-gaapLongTermDebtMaturitiesRepaymentsOfPrincipalInYearFive" xlink:type="arc" weight="1" />
      <link:loc xlink:type="locator" xlink:href="urt-20140331.xsd#urt_AmortizationOfMortgageNotesPayable" xlink:label="loc_urtAmortizationOfMortgageNotesPayable" />
      <link:loc xlink:type="locator" xlink:href="urt-20140331.xsd#urt_LongTermDebtMaturitiesAmortizationOfPrincipalInNextTwelveMonths" xlink:label="loc_urtLongTermDebtMaturitiesAmortizationOfPrincipalInNextTwelveMonths" />
      <link:calculationArc order="100" xlink:arcrole="http://www.xbrl.org/2003/arcrole/summation-item" xlink:from="loc_urtAmortizationOfMortgageNotesPayable" xlink:to="loc_urtLongTermDebtMaturitiesAmortizationOfPrincipalInNextTwelveMonths" xlink:type="arc" weight="1" />
      <link:loc xlink:type="locator" xlink:href="urt-20140331.xsd#urt_LongTermDebtMaturitiesAmortizationOfPrincipalYearTwo" xlink:label="loc_urtLongTermDebtMaturitiesAmortizationOfPrincipalYearTwo" />
      <link:calculationArc order="200" xlink:arcrole="http://www.xbrl.org/2003/arcrole/summation-item" xlink:from="loc_urtAmortizationOfMortgageNotesPayable" xlink:to="loc_urtLongTermDebtMaturitiesAmortizationOfPrincipalYearTwo" xlink:type="arc" weight="1" />
      <link:loc xlink:type="locator" xlink:href="urt-20140331.xsd#urt_LongTermDebtMaturitiesAmortizationOfPrincipalYearThree" xlink:label="loc_urtLongTermDebtMaturitiesAmortizationOfPrincipalYearThree" />
      <link:calculationArc order="300" xlink:arcrole="http://www.xbrl.org/2003/arcrole/summation-item" xlink:from="loc_urtAmortizationOfMortgageNotesPayable" xlink:to="loc_urtLongTermDebtMaturitiesAmortizationOfPrincipalYearThree" xlink:type="arc" weight="1" />
      <link:loc xlink:type="locator" xlink:href="urt-20140331.xsd#urt_LongTermDebtMaturitiesAmortizationOfPrincipalYearFour" xlink:label="loc_urtLongTermDebtMaturitiesAmortizationOfPrincipalYearFour" />
      <link:calculationArc order="400" xlink:arcrole="http://www.xbrl.org/2003/arcrole/summation-item" xlink:from="loc_urtAmortizationOfMortgageNotesPayable" xlink:to="loc_urtLongTermDebtMaturitiesAmortizationOfPrincipalYearFour" xlink:type="arc" weight="1" />
      <link:loc xlink:type="locator" xlink:href="urt-20140331.xsd#urt_LongTermDebtMaturitiesAmortizationOfPrincipalYearFive" xlink:label="loc_urtLongTermDebtMaturitiesAmortizationOfPrincipalYearFive" />
      <link:calculationArc order="500" xlink:arcrole="http://www.xbrl.org/2003/arcrole/summation-item" xlink:from="loc_urtAmortizationOfMortgageNotesPayable" xlink:to="loc_urtLongTermDebtMaturitiesAmortizationOfPrincipalYearFive" xlink:type="arc" weight="1" />
      <link:loc xlink:type="locator" xlink:href="http://xbrl.fasb.org/us-gaap/2013/elts/us-gaap-2013-01-31.xsd#us-gaap_LongTermDebt" xlink:label="loc_us-gaapLongTermDebt" />
      <link:loc xlink:type="locator" xlink:href="urt-20140331.xsd#urt_LongTermDebtMaturitiesRepaymentsOfPrincipalAndScheduledAmortizationInNextTwelveMonths" xlink:label="loc_urtLongTermDebtMaturitiesRepaymentsOfPrincipalAndScheduledAmortizationInNextTwelveMonths" />
      <link:calculationArc order="100" xlink:arcrole="http://www.xbrl.org/2003/arcrole/summation-item" xlink:from="loc_us-gaapLongTermDebt" xlink:to="loc_urtLongTermDebtMaturitiesRepaymentsOfPrincipalAndScheduledAmortizationInNextTwelveMonths" xlink:type="arc" weight="1" />
      <link:loc xlink:type="locator" xlink:href="urt-20140331.xsd#urt_LongTermDebtMaturitiesRepaymentsOfPrincipalAndScheduledAmortizationInInYearTwo" xlink:label="loc_urtLongTermDebtMaturitiesRepaymentsOfPrincipalAndScheduledAmortizationInInYearTwo" />
      <link:calculationArc order="200" xlink:arcrole="http://www.xbrl.org/2003/arcrole/summation-item" xlink:from="loc_us-gaapLongTermDebt" xlink:to="loc_urtLongTermDebtMaturitiesRepaymentsOfPrincipalAndScheduledAmortizationInInYearTwo" xlink:type="arc" weight="1" />
      <link:loc xlink:type="locator" xlink:href="urt-20140331.xsd#urt_LongTermDebtMaturitiesRepaymentsOfPrincipalAndScheduledAmortizationInInYearThree" xlink:label="loc_urtLongTermDebtMaturitiesRepaymentsOfPrincipalAndScheduledAmortizationInInYearThree" />
      <link:calculationArc order="300" xlink:arcrole="http://www.xbrl.org/2003/arcrole/summation-item" xlink:from="loc_us-gaapLongTermDebt" xlink:to="loc_urtLongTermDebtMaturitiesRepaymentsOfPrincipalAndScheduledAmortizationInInYearThree" xlink:type="arc" weight="1" />
      <link:loc xlink:type="locator" xlink:href="urt-20140331.xsd#urt_LongTermDebtMaturitiesRepaymentsOfPrincipalAndScheduledAmortizationInInYearFour" xlink:label="loc_urtLongTermDebtMaturitiesRepaymentsOfPrincipalAndScheduledAmortizationInInYearFour" />
      <link:calculationArc order="400" xlink:arcrole="http://www.xbrl.org/2003/arcrole/summation-item" xlink:from="loc_us-gaapLongTermDebt" xlink:to="loc_urtLongTermDebtMaturitiesRepaymentsOfPrincipalAndScheduledAmortizationInInYearFour" xlink:type="arc" weight="1" />
      <link:loc xlink:type="locator" xlink:href="urt-20140331.xsd#urt_LongTermDebtMaturitiesRepaymentsOfPrincipalAndScheduledAmortizationInInYearFive" xlink:label="loc_urtLongTermDebtMaturitiesRepaymentsOfPrincipalAndScheduledAmortizationInInYearFive" />
      <link:calculationArc order="500" xlink:arcrole="http://www.xbrl.org/2003/arcrole/summation-item" xlink:from="loc_us-gaapLongTermDebt" xlink:to="loc_urtLongTermDebtMaturitiesRepaymentsOfPrincipalAndScheduledAmortizationInInYearFive" xlink:type="arc" weight="1" />
    </link:calculationLink>
    <link:calculationLink xlink:type="extended" xlink:role="http://unitedrealtytrust.com/role/CapitalizationDetailsNarrative" xlink:title="00000026 - Disclosure - Capitalization (Details Narrative)" />
    <link:calculationLink xlink:type="extended" xlink:role="http://unitedrealtytrust.com/role/StockIncentivePlanDetailsNarrative" xlink:title="00000027 - Disclosure - Stock Incentive Plan (Details Narrative)" />
    <link:calculationLink xlink:type="extended" xlink:role="http://unitedrealtytrust.com/role/RelatedPartyArrangementsDetails" xlink:title="00000028 - Disclosure - Related Party Arrangements (Details)" />
    <link:calculationLink xlink:type="extended" xlink:role="http://unitedrealtytrust.com/role/SubsequentEventsDetailsNarrative" xlink:title="00000029 - Disclosure - Subsequent Events (Details Narrative)" />
</link:linkbase>
