<?xml version="1.0" encoding="US-ASCII" standalone="no"?>
<!--P3XBRL-->
<!--version 4.1.22 -->
<!--http://www.p3xbrl.com-->
<!--produced on 2012-11-14 @ 2:12 AM-->
<link:linkbase xmlns:cik1536256="http://www.unitedrealtytrust.com/20120930" xmlns:xbrldt="http://xbrl.org/2005/xbrldt" xmlns:xlink="http://www.w3.org/1999/xlink" xmlns:xsi="http://www.w3.org/2001/XMLSchema-instance" xsi:schemaLocation="http://www.xbrl.org/2003/linkbase http://www.xbrl.org/2003/xbrl-linkbase-2003-12-31.xsd" xmlns:link="http://www.xbrl.org/2003/linkbase">
  <link:roleRef roleURI="http://www.unitedrealtytrust.com/role/DocumentAndEntityInformation" xlink:href="cik1536256-20120930.xsd#cik1536256-dei" xlink:type="simple" />
  <link:roleRef roleURI="http://www.unitedrealtytrust.com/role/ConsolidatedBalanceSheets" xlink:href="cik1536256-20120930.xsd#cik1536256-cbs" xlink:type="simple" />
  <link:roleRef roleURI="http://www.unitedrealtytrust.com/role/ConsolidatedStatementOfOperations" xlink:href="cik1536256-20120930.xsd#cik1536256-csoo" xlink:type="simple" />
  <link:roleRef roleURI="http://www.unitedrealtytrust.com/role/ConsolidatedStatementOfStockholdersEquity" xlink:href="cik1536256-20120930.xsd#cik1536256-csose" xlink:type="simple" />
  <link:roleRef roleURI="http://www.unitedrealtytrust.com/role/ConsolidatedStatementOfCashFlows" xlink:href="cik1536256-20120930.xsd#cik1536256-csocf" xlink:type="simple" />
  <link:roleRef roleURI="http://www.unitedrealtytrust.com/role/ConsolidatedBalanceSheetsParenthetical" xlink:href="cik1536256-20120930.xsd#cik1536256-cbsp" xlink:type="simple" />
  <link:roleRef roleURI="http://www.unitedrealtytrust.com/role/Organization" xlink:href="cik1536256-20120930.xsd#cik1536256-o" xlink:type="simple" />
  <link:roleRef roleURI="http://www.unitedrealtytrust.com/role/SummaryOfSignificantAccountingPolicies" xlink:href="cik1536256-20120930.xsd#cik1536256-sosap" xlink:type="simple" />
  <link:roleRef roleURI="http://www.unitedrealtytrust.com/role/Capitalization" xlink:href="cik1536256-20120930.xsd#cik1536256-c" xlink:type="simple" />
  <link:roleRef roleURI="http://www.unitedrealtytrust.com/role/RelatedPartyArrangements" xlink:href="cik1536256-20120930.xsd#cik1536256-rpa" xlink:type="simple" />
  <link:roleRef roleURI="http://www.unitedrealtytrust.com/role/Distributions" xlink:href="cik1536256-20120930.xsd#cik1536256-d" xlink:type="simple" />
  <link:roleRef roleURI="http://www.unitedrealtytrust.com/role/EconomicDependency" xlink:href="cik1536256-20120930.xsd#cik1536256-ed" xlink:type="simple" />
  <link:roleRef roleURI="http://www.unitedrealtytrust.com/role/SummaryOfSignificantAccountingPoliciesPolicies" xlink:href="cik1536256-20120930.xsd#cik1536256-sosapp" xlink:type="simple" />
  <link:roleRef roleURI="http://www.unitedrealtytrust.com/role/SummaryOfSignificantAccountingPoliciesDetails" xlink:href="cik1536256-20120930.xsd#cik1536256-sosapd" xlink:type="simple" />
  <link:roleRef roleURI="http://www.unitedrealtytrust.com/role/CapitalizationDetails" xlink:href="cik1536256-20120930.xsd#_1536256-cd" xlink:type="simple" />
  <link:roleRef roleURI="http://www.unitedrealtytrust.com/role/RelatedPartyArrangementsDetails" xlink:href="cik1536256-20120930.xsd#cik1536256-rpad" xlink:type="simple" />
  <link:roleRef roleURI="http://www.unitedrealtytrust.com/role/OrganizationDetails" xlink:href="cik1536256-20120930.xsd#cik1536256-od" xlink:type="simple" />
  <link:roleRef roleURI="http://www.unitedrealtytrust.com/role/SubsequentEvents" xlink:href="cik1536256-20120930.xsd#cik1536256-se" xlink:type="simple" />
  <link:arcroleRef arcroleURI="http://xbrl.org/int/dim/arcrole/all" xlink:href="http://www.xbrl.org/2005/xbrldt-2005.xsd#all" xlink:type="simple" />
  <link:arcroleRef arcroleURI="http://xbrl.org/int/dim/arcrole/notAll" xlink:href="http://www.xbrl.org/2005/xbrldt-2005.xsd#notAll" xlink:type="simple" />
  <link:arcroleRef arcroleURI="http://xbrl.org/int/dim/arcrole/hypercube-dimension" xlink:href="http://www.xbrl.org/2005/xbrldt-2005.xsd#hypercube-dimension" xlink:type="simple" />
  <link:arcroleRef arcroleURI="http://xbrl.org/int/dim/arcrole/dimension-domain" xlink:href="http://www.xbrl.org/2005/xbrldt-2005.xsd#dimension-domain" xlink:type="simple" />
  <link:arcroleRef arcroleURI="http://xbrl.org/int/dim/arcrole/domain-member" xlink:href="http://www.xbrl.org/2005/xbrldt-2005.xsd#domain-member" xlink:type="simple" />
  <link:arcroleRef arcroleURI="http://xbrl.org/int/dim/arcrole/dimension-default" xlink:href="http://www.xbrl.org/2005/xbrldt-2005.xsd#dimension-default" xlink:type="simple" />
  <link:definitionLink xlink:title="005 - Statement - CONSOLIDATED STATEMENT OF STOCKHOLDER'S EQUITY" xlink:role="http://www.unitedrealtytrust.com/role/ConsolidatedStatementOfStockholdersEquity" xlink:type="extended">
    <link:loc xlink:label="loc_EquityComponentDomain.1773.7.6" xlink:href="http://xbrl.fasb.org/us-gaap/2012/elts/us-gaap-2012-01-31.xsd#us-gaap_EquityComponentDomain" xlink:type="locator" />
    <link:loc xlink:label="loc_AdditionalPaidInCapitalMember.461.7.6" xlink:href="http://xbrl.fasb.org/us-gaap/2012/elts/us-gaap-2012-01-31.xsd#us-gaap_AdditionalPaidInCapitalMember" xlink:type="locator" />
    <link:definitionArc xlink:from="loc_EquityComponentDomain.1773.7.6" xlink:to="loc_AdditionalPaidInCapitalMember.461.7.6" order="2.00" priority="0" use="optional" xlink:arcrole="http://xbrl.org/int/dim/arcrole/domain-member" xlink:type="arc" />
    <link:loc xlink:label="loc_RetainedEarningsMember.4458.7.6" xlink:href="http://xbrl.fasb.org/us-gaap/2012/elts/us-gaap-2012-01-31.xsd#us-gaap_RetainedEarningsMember" xlink:type="locator" />
    <link:definitionArc xlink:from="loc_EquityComponentDomain.1773.7.6" xlink:to="loc_RetainedEarningsMember.4458.7.6" order="3.00" priority="0" use="optional" xlink:arcrole="http://xbrl.org/int/dim/arcrole/domain-member" xlink:type="arc" />
    <link:loc xlink:label="loc_CommonStockMember.1033.7.6" xlink:href="http://xbrl.fasb.org/us-gaap/2012/elts/us-gaap-2012-01-31.xsd#us-gaap_CommonStockMember" xlink:type="locator" />
    <link:definitionArc xlink:from="loc_EquityComponentDomain.1773.7.6" xlink:to="loc_CommonStockMember.1033.7.6" order="1.50" priority="0" use="optional" xlink:arcrole="http://xbrl.org/int/dim/arcrole/domain-member" xlink:type="arc" />
    <link:loc xlink:label="loc_PreferredStockMember.3939.7.6" xlink:href="http://xbrl.fasb.org/us-gaap/2012/elts/us-gaap-2012-01-31.xsd#us-gaap_PreferredStockMember" xlink:type="locator" />
    <link:definitionArc xlink:from="loc_EquityComponentDomain.1773.7.6" xlink:to="loc_PreferredStockMember.3939.7.6" order="1.75" priority="0" use="optional" xlink:arcrole="http://xbrl.org/int/dim/arcrole/domain-member" xlink:type="arc" />
    <link:loc xlink:label="loc_StatementTable.4950.5.6" xlink:href="http://xbrl.fasb.org/us-gaap/2012/elts/us-gaap-2012-01-31.xsd#us-gaap_StatementTable" xlink:type="locator" />
    <link:loc xlink:label="loc_StatementEquityComponentsAxis.4957.5.6" xlink:href="http://xbrl.fasb.org/us-gaap/2012/elts/us-gaap-2012-01-31.xsd#us-gaap_StatementEquityComponentsAxis" xlink:type="locator" />
    <link:definitionArc xlink:from="loc_StatementTable.4950.5.6" xlink:to="loc_StatementEquityComponentsAxis.4957.5.6" order="1.00" priority="0" use="optional" xlink:arcrole="http://xbrl.org/int/dim/arcrole/hypercube-dimension" xlink:type="arc" />
    <link:loc xlink:label="loc_StatementLineItems.4952.9.6" xlink:href="http://xbrl.fasb.org/us-gaap/2012/elts/us-gaap-2012-01-31.xsd#us-gaap_StatementLineItems" xlink:type="locator" />
    <link:loc xlink:label="loc_StatementTable.4950.9.6" xlink:href="http://xbrl.fasb.org/us-gaap/2012/elts/us-gaap-2012-01-31.xsd#us-gaap_StatementTable" xlink:type="locator" />
    <link:definitionArc xlink:from="loc_StatementLineItems.4952.9.6" xlink:to="loc_StatementTable.4950.9.6" order="1.00" xbrldt:closed="true" xbrldt:contextElement="segment" priority="0" use="optional" xlink:arcrole="http://xbrl.org/int/dim/arcrole/all" xlink:type="arc" />
    <link:loc xlink:label="loc_StatementLineItems.4952.7.6" xlink:href="http://xbrl.fasb.org/us-gaap/2012/elts/us-gaap-2012-01-31.xsd#us-gaap_StatementLineItems" xlink:type="locator" />
    <link:loc xlink:label="loc_StockholdersEquity.16667.7.6" xlink:href="http://xbrl.fasb.org/us-gaap/2012/elts/us-gaap-2012-01-31.xsd#us-gaap_StockholdersEquity" xlink:type="locator" />
    <link:definitionArc xlink:from="loc_StatementLineItems.4952.7.6" xlink:to="loc_StockholdersEquity.16667.7.6" order="1.00" priority="0" use="optional" xlink:arcrole="http://xbrl.org/int/dim/arcrole/domain-member" xlink:type="arc" />
    <link:loc xlink:label="loc_SharesIssued.16409.7.6" xlink:href="http://xbrl.fasb.org/us-gaap/2012/elts/us-gaap-2012-01-31.xsd#us-gaap_SharesIssued" xlink:type="locator" />
    <link:definitionArc xlink:from="loc_StatementLineItems.4952.7.6" xlink:to="loc_SharesIssued.16409.7.6" order="2.00" priority="0" use="optional" xlink:arcrole="http://xbrl.org/int/dim/arcrole/domain-member" xlink:type="arc" />
    <link:loc xlink:label="loc_NetIncomeLoss.12771.7.6" xlink:href="http://xbrl.fasb.org/us-gaap/2012/elts/us-gaap-2012-01-31.xsd#us-gaap_NetIncomeLoss" xlink:type="locator" />
    <link:definitionArc xlink:from="loc_StatementLineItems.4952.7.6" xlink:to="loc_NetIncomeLoss.12771.7.6" order="4.00" priority="0" use="optional" xlink:arcrole="http://xbrl.org/int/dim/arcrole/domain-member" xlink:type="arc" />
    <link:loc xlink:label="loc_StockIssuedDuringPeriodValueNewIssues.16603.7.6" xlink:href="http://xbrl.fasb.org/us-gaap/2012/elts/us-gaap-2012-01-31.xsd#us-gaap_StockIssuedDuringPeriodValueNewIssues" xlink:type="locator" />
    <link:definitionArc xlink:from="loc_StatementLineItems.4952.7.6" xlink:to="loc_StockIssuedDuringPeriodValueNewIssues.16603.7.6" order="3.00" priority="0" use="optional" xlink:arcrole="http://xbrl.org/int/dim/arcrole/domain-member" xlink:type="arc" />
    <link:loc xlink:label="loc_StockIssuedDuringPeriodSharesNewIssues.16628.7.6" xlink:href="http://xbrl.fasb.org/us-gaap/2012/elts/us-gaap-2012-01-31.xsd#us-gaap_StockIssuedDuringPeriodSharesNewIssues" xlink:type="locator" />
    <link:definitionArc xlink:from="loc_StatementLineItems.4952.7.6" xlink:to="loc_StockIssuedDuringPeriodSharesNewIssues.16628.7.6" order="3.50" priority="0" use="optional" xlink:arcrole="http://xbrl.org/int/dim/arcrole/domain-member" xlink:type="arc" />
    <link:loc xlink:label="loc_StatementEquityComponentsAxis.4957.6.6" xlink:href="http://xbrl.fasb.org/us-gaap/2012/elts/us-gaap-2012-01-31.xsd#us-gaap_StatementEquityComponentsAxis" xlink:type="locator" />
    <link:loc xlink:label="loc_EquityComponentDomain.1773.6.6" xlink:href="http://xbrl.fasb.org/us-gaap/2012/elts/us-gaap-2012-01-31.xsd#us-gaap_EquityComponentDomain" xlink:type="locator" />
    <link:definitionArc xlink:from="loc_StatementEquityComponentsAxis.4957.6.6" xlink:to="loc_EquityComponentDomain.1773.6.6" order="1.00" priority="0" use="optional" xlink:arcrole="http://xbrl.org/int/dim/arcrole/dimension-domain" xlink:type="arc" />
    <link:loc xlink:label="loc_StatementEquityComponentsAxis.4957.8.6" xlink:href="http://xbrl.fasb.org/us-gaap/2012/elts/us-gaap-2012-01-31.xsd#us-gaap_StatementEquityComponentsAxis" xlink:type="locator" />
    <link:loc xlink:label="loc_EquityComponentDomain.1773.8.6" xlink:href="http://xbrl.fasb.org/us-gaap/2012/elts/us-gaap-2012-01-31.xsd#us-gaap_EquityComponentDomain" xlink:type="locator" />
    <link:definitionArc xlink:from="loc_StatementEquityComponentsAxis.4957.8.6" xlink:to="loc_EquityComponentDomain.1773.8.6" order="1.00" priority="0" use="optional" xlink:arcrole="http://xbrl.org/int/dim/arcrole/dimension-default" xlink:type="arc" />
  </link:definitionLink>
  <link:definitionLink xlink:title="40301 - Disclosure - Capitalization (Details)" xlink:role="http://www.unitedrealtytrust.com/role/CapitalizationDetails" xlink:type="extended">
    <link:loc xlink:label="loc_RelatedPartyDomain.4349.7.6" xlink:href="http://xbrl.fasb.org/us-gaap/2012/elts/us-gaap-2012-01-31.xsd#us-gaap_RelatedPartyDomain" xlink:type="locator" />
    <link:loc xlink:label="loc_UnitedRealtyAdvisorHoldingsLlcMember.26528.7.6" xlink:href="cik1536256-20120930.xsd#cik1536256_UnitedRealtyAdvisorHoldingsLlcMember" xlink:type="locator" />
    <link:definitionArc xlink:from="loc_RelatedPartyDomain.4349.7.6" xlink:to="loc_UnitedRealtyAdvisorHoldingsLlcMember.26528.7.6" order="1.00" priority="0" use="optional" xlink:arcrole="http://xbrl.org/int/dim/arcrole/domain-member" xlink:type="arc" />
    <link:loc xlink:label="loc_UnitedRealtyPartnersLlcMember.26682.7.6" xlink:href="cik1536256-20120930.xsd#cik1536256_UnitedRealtyPartnersLlcMember" xlink:type="locator" />
    <link:definitionArc xlink:from="loc_RelatedPartyDomain.4349.7.6" xlink:to="loc_UnitedRealtyPartnersLlcMember.26682.7.6" order="2.00" priority="0" use="optional" xlink:arcrole="http://xbrl.org/int/dim/arcrole/domain-member" xlink:type="arc" />
    <link:loc xlink:label="loc_RelatedPartyTransactionsByRelatedPartyAxis.4351.6.6" xlink:href="http://xbrl.fasb.org/us-gaap/2012/elts/us-gaap-2012-01-31.xsd#us-gaap_RelatedPartyTransactionsByRelatedPartyAxis" xlink:type="locator" />
    <link:loc xlink:label="loc_RelatedPartyDomain.4349.6.6" xlink:href="http://xbrl.fasb.org/us-gaap/2012/elts/us-gaap-2012-01-31.xsd#us-gaap_RelatedPartyDomain" xlink:type="locator" />
    <link:definitionArc xlink:from="loc_RelatedPartyTransactionsByRelatedPartyAxis.4351.6.6" xlink:to="loc_RelatedPartyDomain.4349.6.6" order="1.00" priority="0" use="optional" xlink:arcrole="http://xbrl.org/int/dim/arcrole/dimension-domain" xlink:type="arc" />
    <link:loc xlink:label="loc_RelatedPartyTransactionsByRelatedPartyAxis.4351.8.6" xlink:href="http://xbrl.fasb.org/us-gaap/2012/elts/us-gaap-2012-01-31.xsd#us-gaap_RelatedPartyTransactionsByRelatedPartyAxis" xlink:type="locator" />
    <link:loc xlink:label="loc_RelatedPartyDomain.4349.8.6" xlink:href="http://xbrl.fasb.org/us-gaap/2012/elts/us-gaap-2012-01-31.xsd#us-gaap_RelatedPartyDomain" xlink:type="locator" />
    <link:definitionArc xlink:from="loc_RelatedPartyTransactionsByRelatedPartyAxis.4351.8.6" xlink:to="loc_RelatedPartyDomain.4349.8.6" order="1.00" priority="0" use="optional" xlink:arcrole="http://xbrl.org/int/dim/arcrole/dimension-default" xlink:type="arc" />
    <link:loc xlink:label="loc_SaleOfStockNameOfTransactionDomain.4530.7.6" xlink:href="http://xbrl.fasb.org/us-gaap/2012/elts/us-gaap-2012-01-31.xsd#us-gaap_SaleOfStockNameOfTransactionDomain" xlink:type="locator" />
    <link:loc xlink:label="loc_DistributionReinvestmentProgramMember.26701.7.6" xlink:href="cik1536256-20120930.xsd#cik1536256_DistributionReinvestmentProgramMember" xlink:type="locator" />
    <link:definitionArc xlink:from="loc_SaleOfStockNameOfTransactionDomain.4530.7.6" xlink:to="loc_DistributionReinvestmentProgramMember.26701.7.6" order="1.00" priority="0" use="optional" xlink:arcrole="http://xbrl.org/int/dim/arcrole/domain-member" xlink:type="arc" />
    <link:loc xlink:label="loc_ScheduleOfCapitalizationLineItems.4594.9.6" xlink:href="http://xbrl.fasb.org/us-gaap/2012/elts/us-gaap-2012-01-31.xsd#us-gaap_ScheduleOfCapitalizationLineItems" xlink:type="locator" />
    <link:loc xlink:label="loc_ScheduleOfCapitalizationTable.4705.9.6" xlink:href="http://xbrl.fasb.org/us-gaap/2012/elts/us-gaap-2012-01-31.xsd#us-gaap_ScheduleOfCapitalizationTable" xlink:type="locator" />
    <link:definitionArc xlink:from="loc_ScheduleOfCapitalizationLineItems.4594.9.6" xlink:to="loc_ScheduleOfCapitalizationTable.4705.9.6" order="1.00" xbrldt:closed="true" xbrldt:contextElement="segment" priority="0" use="optional" xlink:arcrole="http://xbrl.org/int/dim/arcrole/all" xlink:type="arc" />
    <link:loc xlink:label="loc_ScheduleOfCapitalizationLineItems.4594.7.6" xlink:href="http://xbrl.fasb.org/us-gaap/2012/elts/us-gaap-2012-01-31.xsd#us-gaap_ScheduleOfCapitalizationLineItems" xlink:type="locator" />
    <link:loc xlink:label="loc_CommonStockSharesAuthorized.6879.7.6" xlink:href="http://xbrl.fasb.org/us-gaap/2012/elts/us-gaap-2012-01-31.xsd#us-gaap_CommonStockSharesAuthorized" xlink:type="locator" />
    <link:definitionArc xlink:from="loc_ScheduleOfCapitalizationLineItems.4594.7.6" xlink:to="loc_CommonStockSharesAuthorized.6879.7.6" order="1.00" priority="0" use="optional" xlink:arcrole="http://xbrl.org/int/dim/arcrole/domain-member" xlink:type="arc" />
    <link:loc xlink:label="loc_PreferredStockSharesAuthorized.14124.7.6" xlink:href="http://xbrl.fasb.org/us-gaap/2012/elts/us-gaap-2012-01-31.xsd#us-gaap_PreferredStockSharesAuthorized" xlink:type="locator" />
    <link:definitionArc xlink:from="loc_ScheduleOfCapitalizationLineItems.4594.7.6" xlink:to="loc_PreferredStockSharesAuthorized.14124.7.6" order="2.00" priority="0" use="optional" xlink:arcrole="http://xbrl.org/int/dim/arcrole/domain-member" xlink:type="arc" />
    <link:loc xlink:label="loc_CommonStockParOrStatedValuePerShare.6878.7.6" xlink:href="http://xbrl.fasb.org/us-gaap/2012/elts/us-gaap-2012-01-31.xsd#us-gaap_CommonStockParOrStatedValuePerShare" xlink:type="locator" />
    <link:definitionArc xlink:from="loc_ScheduleOfCapitalizationLineItems.4594.7.6" xlink:to="loc_CommonStockParOrStatedValuePerShare.6878.7.6" order="3.00" priority="0" use="optional" xlink:arcrole="http://xbrl.org/int/dim/arcrole/domain-member" xlink:type="arc" />
    <link:loc xlink:label="loc_PreferredStockPercentPayout.26665.7.6" xlink:href="cik1536256-20120930.xsd#cik1536256_PreferredStockPercentPayout" xlink:type="locator" />
    <link:definitionArc xlink:from="loc_ScheduleOfCapitalizationLineItems.4594.7.6" xlink:to="loc_PreferredStockPercentPayout.26665.7.6" order="6.00" priority="0" use="optional" xlink:arcrole="http://xbrl.org/int/dim/arcrole/domain-member" xlink:type="arc" />
    <link:loc xlink:label="loc_StockIssuedDuringPeriodSharesNewIssues.16628.7.6" xlink:href="http://xbrl.fasb.org/us-gaap/2012/elts/us-gaap-2012-01-31.xsd#us-gaap_StockIssuedDuringPeriodSharesNewIssues" xlink:type="locator" />
    <link:definitionArc xlink:from="loc_ScheduleOfCapitalizationLineItems.4594.7.6" xlink:to="loc_StockIssuedDuringPeriodSharesNewIssues.16628.7.6" order="4.00" priority="0" use="optional" xlink:arcrole="http://xbrl.org/int/dim/arcrole/domain-member" xlink:type="arc" />
    <link:loc xlink:label="loc_StockIssuedDuringPeriodValueNewIssues.16603.7.6" xlink:href="http://xbrl.fasb.org/us-gaap/2012/elts/us-gaap-2012-01-31.xsd#us-gaap_StockIssuedDuringPeriodValueNewIssues" xlink:type="locator" />
    <link:definitionArc xlink:from="loc_ScheduleOfCapitalizationLineItems.4594.7.6" xlink:to="loc_StockIssuedDuringPeriodValueNewIssues.16603.7.6" order="5.00" priority="0" use="optional" xlink:arcrole="http://xbrl.org/int/dim/arcrole/domain-member" xlink:type="arc" />
    <link:loc xlink:label="loc_CommonStockAuthorizedForOffering.26700.7.6" xlink:href="cik1536256-20120930.xsd#cik1536256_CommonStockAuthorizedForOffering" xlink:type="locator" />
    <link:definitionArc xlink:from="loc_ScheduleOfCapitalizationLineItems.4594.7.6" xlink:to="loc_CommonStockAuthorizedForOffering.26700.7.6" order="8.00" priority="0" use="optional" xlink:arcrole="http://xbrl.org/int/dim/arcrole/domain-member" xlink:type="arc" />
    <link:loc xlink:label="loc_UnitsIssuedToCompany.27266.7.6" xlink:href="cik1536256-20120930.xsd#cik1536256_UnitsIssuedToCompany" xlink:type="locator" />
    <link:definitionArc xlink:from="loc_ScheduleOfCapitalizationLineItems.4594.7.6" xlink:to="loc_UnitsIssuedToCompany.27266.7.6" order="9.00" priority="0" use="optional" xlink:arcrole="http://xbrl.org/int/dim/arcrole/domain-member" xlink:type="arc" />
    <link:loc xlink:label="loc_ScheduleOfCapitalizationTable.4705.5.6" xlink:href="http://xbrl.fasb.org/us-gaap/2012/elts/us-gaap-2012-01-31.xsd#us-gaap_ScheduleOfCapitalizationTable" xlink:type="locator" />
    <link:loc xlink:label="loc_SubsidiarySaleOfStockAxis.5016.5.6" xlink:href="http://xbrl.fasb.org/us-gaap/2012/elts/us-gaap-2012-01-31.xsd#us-gaap_SubsidiarySaleOfStockAxis" xlink:type="locator" />
    <link:definitionArc xlink:from="loc_ScheduleOfCapitalizationTable.4705.5.6" xlink:to="loc_SubsidiarySaleOfStockAxis.5016.5.6" order="1.50" priority="0" use="optional" xlink:arcrole="http://xbrl.org/int/dim/arcrole/hypercube-dimension" xlink:type="arc" />
    <link:loc xlink:label="loc_RelatedPartyTransactionsByRelatedPartyAxis.4351.5.6" xlink:href="http://xbrl.fasb.org/us-gaap/2012/elts/us-gaap-2012-01-31.xsd#us-gaap_RelatedPartyTransactionsByRelatedPartyAxis" xlink:type="locator" />
    <link:definitionArc xlink:from="loc_ScheduleOfCapitalizationTable.4705.5.6" xlink:to="loc_RelatedPartyTransactionsByRelatedPartyAxis.4351.5.6" order="1.75" priority="0" use="optional" xlink:arcrole="http://xbrl.org/int/dim/arcrole/hypercube-dimension" xlink:type="arc" />
    <link:loc xlink:label="loc_SubsidiarySaleOfStockAxis.5016.6.6" xlink:href="http://xbrl.fasb.org/us-gaap/2012/elts/us-gaap-2012-01-31.xsd#us-gaap_SubsidiarySaleOfStockAxis" xlink:type="locator" />
    <link:loc xlink:label="loc_SaleOfStockNameOfTransactionDomain.4530.6.6" xlink:href="http://xbrl.fasb.org/us-gaap/2012/elts/us-gaap-2012-01-31.xsd#us-gaap_SaleOfStockNameOfTransactionDomain" xlink:type="locator" />
    <link:definitionArc xlink:from="loc_SubsidiarySaleOfStockAxis.5016.6.6" xlink:to="loc_SaleOfStockNameOfTransactionDomain.4530.6.6" order="1.00" priority="0" use="optional" xlink:arcrole="http://xbrl.org/int/dim/arcrole/dimension-domain" xlink:type="arc" />
    <link:loc xlink:label="loc_SubsidiarySaleOfStockAxis.5016.8.6" xlink:href="http://xbrl.fasb.org/us-gaap/2012/elts/us-gaap-2012-01-31.xsd#us-gaap_SubsidiarySaleOfStockAxis" xlink:type="locator" />
    <link:loc xlink:label="loc_SaleOfStockNameOfTransactionDomain.4530.8.6" xlink:href="http://xbrl.fasb.org/us-gaap/2012/elts/us-gaap-2012-01-31.xsd#us-gaap_SaleOfStockNameOfTransactionDomain" xlink:type="locator" />
    <link:definitionArc xlink:from="loc_SubsidiarySaleOfStockAxis.5016.8.6" xlink:to="loc_SaleOfStockNameOfTransactionDomain.4530.8.6" order="1.00" priority="0" use="optional" xlink:arcrole="http://xbrl.org/int/dim/arcrole/dimension-default" xlink:type="arc" />
  </link:definitionLink>
  <link:definitionLink xlink:title="40401 - Disclosure - Related Party Arrangements (Details)" xlink:role="http://www.unitedrealtytrust.com/role/RelatedPartyArrangementsDetails" xlink:type="extended">
    <link:loc xlink:label="loc_RelatedPartyTransactionLineItems.4347.9.6" xlink:href="http://xbrl.fasb.org/us-gaap/2012/elts/us-gaap-2012-01-31.xsd#us-gaap_RelatedPartyTransactionLineItems" xlink:type="locator" />
    <link:loc xlink:label="loc_ScheduleOfRelatedPartyTransactionsByRelatedPartyTable.4689.9.6" xlink:href="http://xbrl.fasb.org/us-gaap/2012/elts/us-gaap-2012-01-31.xsd#us-gaap_ScheduleOfRelatedPartyTransactionsByRelatedPartyTable" xlink:type="locator" />
    <link:definitionArc xlink:from="loc_RelatedPartyTransactionLineItems.4347.9.6" xlink:to="loc_ScheduleOfRelatedPartyTransactionsByRelatedPartyTable.4689.9.6" order="1.00" xbrldt:closed="true" xbrldt:contextElement="segment" priority="0" use="optional" xlink:arcrole="http://xbrl.org/int/dim/arcrole/all" xlink:type="arc" />
    <link:loc xlink:label="loc_RelatedPartyTransactionLineItems.4347.7.6" xlink:href="http://xbrl.fasb.org/us-gaap/2012/elts/us-gaap-2012-01-31.xsd#us-gaap_RelatedPartyTransactionLineItems" xlink:type="locator" />
    <link:loc xlink:label="loc_CommonStockValueOutstanding.6877.7.6" xlink:href="http://xbrl.fasb.org/us-gaap/2012/elts/us-gaap-2012-01-31.xsd#us-gaap_CommonStockValueOutstanding" xlink:type="locator" />
    <link:definitionArc xlink:from="loc_RelatedPartyTransactionLineItems.4347.7.6" xlink:to="loc_CommonStockValueOutstanding.6877.7.6" order="1.00" priority="0" use="optional" xlink:arcrole="http://xbrl.org/int/dim/arcrole/domain-member" xlink:type="arc" />
    <link:loc xlink:label="loc_SellingCommissionPercentagePerShare.27189.7.6" xlink:href="cik1536256-20120930.xsd#cik1536256_SellingCommissionPercentagePerShare" xlink:type="locator" />
    <link:definitionArc xlink:from="loc_RelatedPartyTransactionLineItems.4347.7.6" xlink:to="loc_SellingCommissionPercentagePerShare.27189.7.6" order="4.00" priority="0" use="optional" xlink:arcrole="http://xbrl.org/int/dim/arcrole/domain-member" xlink:type="arc" />
    <link:loc xlink:label="loc_SellingCommissionPercentagePerShareInclusiveOfSellingCommission.27190.7.6" xlink:href="cik1536256-20120930.xsd#cik1536256_SellingCommissionPercentagePerShareInclusiveOfSellingCommission" xlink:type="locator" />
    <link:definitionArc xlink:from="loc_RelatedPartyTransactionLineItems.4347.7.6" xlink:to="loc_SellingCommissionPercentagePerShareInclusiveOfSellingCommission.27190.7.6" order="5.00" priority="0" use="optional" xlink:arcrole="http://xbrl.org/int/dim/arcrole/domain-member" xlink:type="arc" />
    <link:loc xlink:label="loc_SaleOfStockPricePerShare.15652.7.6" xlink:href="http://xbrl.fasb.org/us-gaap/2012/elts/us-gaap-2012-01-31.xsd#us-gaap_SaleOfStockPricePerShare" xlink:type="locator" />
    <link:definitionArc xlink:from="loc_RelatedPartyTransactionLineItems.4347.7.6" xlink:to="loc_SaleOfStockPricePerShare.15652.7.6" order="6.00" priority="0" use="optional" xlink:arcrole="http://xbrl.org/int/dim/arcrole/domain-member" xlink:type="arc" />
    <link:loc xlink:label="loc_CommonStockAuthorizedForOffering.26700.7.6" xlink:href="cik1536256-20120930.xsd#cik1536256_CommonStockAuthorizedForOffering" xlink:type="locator" />
    <link:definitionArc xlink:from="loc_RelatedPartyTransactionLineItems.4347.7.6" xlink:to="loc_CommonStockAuthorizedForOffering.26700.7.6" order="7.00" priority="0" use="optional" xlink:arcrole="http://xbrl.org/int/dim/arcrole/domain-member" xlink:type="arc" />
    <link:loc xlink:label="loc_FeesAndReimbursementObligationsPercentage.27236.7.6" xlink:href="cik1536256-20120930.xsd#cik1536256_FeesAndReimbursementObligationsPercentage" xlink:type="locator" />
    <link:definitionArc xlink:from="loc_RelatedPartyTransactionLineItems.4347.7.6" xlink:to="loc_FeesAndReimbursementObligationsPercentage.27236.7.6" order="7.00" priority="0" use="optional" xlink:arcrole="http://xbrl.org/int/dim/arcrole/domain-member" xlink:type="arc" />
    <link:loc xlink:label="loc_NoninterestExpenseDirectorsFees.12882.7.6" xlink:href="http://xbrl.fasb.org/us-gaap/2012/elts/us-gaap-2012-01-31.xsd#us-gaap_NoninterestExpenseDirectorsFees" xlink:type="locator" />
    <link:definitionArc xlink:from="loc_RelatedPartyTransactionLineItems.4347.7.6" xlink:to="loc_NoninterestExpenseDirectorsFees.12882.7.6" order="8.00" priority="0" use="optional" xlink:arcrole="http://xbrl.org/int/dim/arcrole/domain-member" xlink:type="arc" />
    <link:loc xlink:label="loc_NoninterestExpenseDirectorsFeesAdditionalAnnualAward.26705.7.6" xlink:href="cik1536256-20120930.xsd#cik1536256_NoninterestExpenseDirectorsFeesAdditionalAnnualAward" xlink:type="locator" />
    <link:definitionArc xlink:from="loc_RelatedPartyTransactionLineItems.4347.7.6" xlink:to="loc_NoninterestExpenseDirectorsFeesAdditionalAnnualAward.26705.7.6" order="9.00" priority="0" use="optional" xlink:arcrole="http://xbrl.org/int/dim/arcrole/domain-member" xlink:type="arc" />
    <link:loc xlink:label="loc_NoninterestExpenseDirectorsFeesAdditionalAmountForInPersonAttendance.26707.7.6" xlink:href="cik1536256-20120930.xsd#cik1536256_NoninterestExpenseDirectorsFeesAdditionalAmountForInPersonAttendance" xlink:type="locator" />
    <link:definitionArc xlink:from="loc_RelatedPartyTransactionLineItems.4347.7.6" xlink:to="loc_NoninterestExpenseDirectorsFeesAdditionalAmountForInPersonAttendance.26707.7.6" order="10.00" priority="0" use="optional" xlink:arcrole="http://xbrl.org/int/dim/arcrole/domain-member" xlink:type="arc" />
    <link:loc xlink:label="loc_NoninterestExpenseDirectorsFeesAdditionalAmountForRemoteAttendance.26709.7.6" xlink:href="cik1536256-20120930.xsd#cik1536256_NoninterestExpenseDirectorsFeesAdditionalAmountForRemoteAttendance" xlink:type="locator" />
    <link:definitionArc xlink:from="loc_RelatedPartyTransactionLineItems.4347.7.6" xlink:to="loc_NoninterestExpenseDirectorsFeesAdditionalAmountForRemoteAttendance.26709.7.6" order="11.00" priority="0" use="optional" xlink:arcrole="http://xbrl.org/int/dim/arcrole/domain-member" xlink:type="arc" />
    <link:loc xlink:label="loc_NoninterestExpenseDirectorsFeesAdditionalAmountForAttendanceMaximum.26710.7.6" xlink:href="cik1536256-20120930.xsd#cik1536256_NoninterestExpenseDirectorsFeesAdditionalAmountForAttendanceMaximum" xlink:type="locator" />
    <link:definitionArc xlink:from="loc_RelatedPartyTransactionLineItems.4347.7.6" xlink:to="loc_NoninterestExpenseDirectorsFeesAdditionalAmountForAttendanceMaximum.26710.7.6" order="12.00" priority="0" use="optional" xlink:arcrole="http://xbrl.org/int/dim/arcrole/domain-member" xlink:type="arc" />
    <link:loc xlink:label="loc_ConversionOfStockAmountConverted1.7072.7.6" xlink:href="http://xbrl.fasb.org/us-gaap/2012/elts/us-gaap-2012-01-31.xsd#us-gaap_ConversionOfStockAmountConverted1" xlink:type="locator" />
    <link:definitionArc xlink:from="loc_RelatedPartyTransactionLineItems.4347.7.6" xlink:to="loc_ConversionOfStockAmountConverted1.7072.7.6" order="13.00" priority="0" use="optional" xlink:arcrole="http://xbrl.org/int/dim/arcrole/domain-member" xlink:type="arc" />
    <link:loc xlink:label="loc_PreferredStockholdersPreferencePricePerShare.26712.7.6" xlink:href="cik1536256-20120930.xsd#cik1536256_PreferredStockholdersPreferencePricePerShare" xlink:type="locator" />
    <link:definitionArc xlink:from="loc_RelatedPartyTransactionLineItems.4347.7.6" xlink:to="loc_PreferredStockholdersPreferencePricePerShare.26712.7.6" order="14.00" priority="0" use="optional" xlink:arcrole="http://xbrl.org/int/dim/arcrole/domain-member" xlink:type="arc" />
    <link:loc xlink:label="loc_RelatedPartyDomain.4349.7.6" xlink:href="http://xbrl.fasb.org/us-gaap/2012/elts/us-gaap-2012-01-31.xsd#us-gaap_RelatedPartyDomain" xlink:type="locator" />
    <link:loc xlink:label="loc_UnitedRealtyAdvisorHoldingsLlcMember.26528.7.6" xlink:href="cik1536256-20120930.xsd#cik1536256_UnitedRealtyAdvisorHoldingsLlcMember" xlink:type="locator" />
    <link:definitionArc xlink:from="loc_RelatedPartyDomain.4349.7.6" xlink:to="loc_UnitedRealtyAdvisorHoldingsLlcMember.26528.7.6" order="1.00" priority="0" use="optional" xlink:arcrole="http://xbrl.org/int/dim/arcrole/domain-member" xlink:type="arc" />
    <link:loc xlink:label="loc_UnitedRealtyPartnersLlcMember.26682.7.6" xlink:href="cik1536256-20120930.xsd#cik1536256_UnitedRealtyPartnersLlcMember" xlink:type="locator" />
    <link:definitionArc xlink:from="loc_RelatedPartyDomain.4349.7.6" xlink:to="loc_UnitedRealtyPartnersLlcMember.26682.7.6" order="2.00" priority="0" use="optional" xlink:arcrole="http://xbrl.org/int/dim/arcrole/domain-member" xlink:type="arc" />
    <link:loc xlink:label="loc_RelatedPartyTransactionsByRelatedPartyAxis.4351.6.6" xlink:href="http://xbrl.fasb.org/us-gaap/2012/elts/us-gaap-2012-01-31.xsd#us-gaap_RelatedPartyTransactionsByRelatedPartyAxis" xlink:type="locator" />
    <link:loc xlink:label="loc_RelatedPartyDomain.4349.6.6" xlink:href="http://xbrl.fasb.org/us-gaap/2012/elts/us-gaap-2012-01-31.xsd#us-gaap_RelatedPartyDomain" xlink:type="locator" />
    <link:definitionArc xlink:from="loc_RelatedPartyTransactionsByRelatedPartyAxis.4351.6.6" xlink:to="loc_RelatedPartyDomain.4349.6.6" order="1.00" priority="0" use="optional" xlink:arcrole="http://xbrl.org/int/dim/arcrole/dimension-domain" xlink:type="arc" />
    <link:loc xlink:label="loc_RelatedPartyTransactionsByRelatedPartyAxis.4351.8.6" xlink:href="http://xbrl.fasb.org/us-gaap/2012/elts/us-gaap-2012-01-31.xsd#us-gaap_RelatedPartyTransactionsByRelatedPartyAxis" xlink:type="locator" />
    <link:loc xlink:label="loc_RelatedPartyDomain.4349.8.6" xlink:href="http://xbrl.fasb.org/us-gaap/2012/elts/us-gaap-2012-01-31.xsd#us-gaap_RelatedPartyDomain" xlink:type="locator" />
    <link:definitionArc xlink:from="loc_RelatedPartyTransactionsByRelatedPartyAxis.4351.8.6" xlink:to="loc_RelatedPartyDomain.4349.8.6" order="1.00" priority="0" use="optional" xlink:arcrole="http://xbrl.org/int/dim/arcrole/dimension-default" xlink:type="arc" />
    <link:loc xlink:label="loc_SaleOfStockNameOfTransactionDomain.4530.7.6" xlink:href="http://xbrl.fasb.org/us-gaap/2012/elts/us-gaap-2012-01-31.xsd#us-gaap_SaleOfStockNameOfTransactionDomain" xlink:type="locator" />
    <link:loc xlink:label="loc_PerSharePriceCommissionAndDealerManagerFeeMember.26656.7.6" xlink:href="cik1536256-20120930.xsd#cik1536256_PerSharePriceCommissionAndDealerManagerFeeMember" xlink:type="locator" />
    <link:definitionArc xlink:from="loc_SaleOfStockNameOfTransactionDomain.4530.7.6" xlink:to="loc_PerSharePriceCommissionAndDealerManagerFeeMember.26656.7.6" order="1.00" priority="0" use="optional" xlink:arcrole="http://xbrl.org/int/dim/arcrole/domain-member" xlink:type="arc" />
    <link:loc xlink:label="loc_PerSharePriceLessCommissionsAndFeesMember.26703.7.6" xlink:href="cik1536256-20120930.xsd#cik1536256_PerSharePriceLessCommissionsAndFeesMember" xlink:type="locator" />
    <link:definitionArc xlink:from="loc_SaleOfStockNameOfTransactionDomain.4530.7.6" xlink:to="loc_PerSharePriceLessCommissionsAndFeesMember.26703.7.6" order="2.00" priority="0" use="optional" xlink:arcrole="http://xbrl.org/int/dim/arcrole/domain-member" xlink:type="arc" />
    <link:loc xlink:label="loc_PerSharePriceRetentionByDealerManagerMember.26714.7.6" xlink:href="cik1536256-20120930.xsd#cik1536256_PerSharePriceRetentionByDealerManagerMember" xlink:type="locator" />
    <link:definitionArc xlink:from="loc_SaleOfStockNameOfTransactionDomain.4530.7.6" xlink:to="loc_PerSharePriceRetentionByDealerManagerMember.26714.7.6" order="3.00" priority="0" use="optional" xlink:arcrole="http://xbrl.org/int/dim/arcrole/domain-member" xlink:type="arc" />
    <link:loc xlink:label="loc_PerSharePriceAllocatedToMarketingFeeMember.26715.7.6" xlink:href="cik1536256-20120930.xsd#cik1536256_PerSharePriceAllocatedToMarketingFeeMember" xlink:type="locator" />
    <link:definitionArc xlink:from="loc_SaleOfStockNameOfTransactionDomain.4530.7.6" xlink:to="loc_PerSharePriceAllocatedToMarketingFeeMember.26715.7.6" order="4.00" priority="0" use="optional" xlink:arcrole="http://xbrl.org/int/dim/arcrole/domain-member" xlink:type="arc" />
    <link:loc xlink:label="loc_PerSharePriceAllocatedToBrokerDealerMember.26719.7.6" xlink:href="cik1536256-20120930.xsd#cik1536256_PerSharePriceAllocatedToBrokerDealerMember" xlink:type="locator" />
    <link:definitionArc xlink:from="loc_SaleOfStockNameOfTransactionDomain.4530.7.6" xlink:to="loc_PerSharePriceAllocatedToBrokerDealerMember.26719.7.6" order="5.00" priority="0" use="optional" xlink:arcrole="http://xbrl.org/int/dim/arcrole/domain-member" xlink:type="arc" />
    <link:loc xlink:label="loc_PerSharePriceDealerManagerFeeMember.26733.7.6" xlink:href="cik1536256-20120930.xsd#cik1536256_PerSharePriceDealerManagerFeeMember" xlink:type="locator" />
    <link:definitionArc xlink:from="loc_SaleOfStockNameOfTransactionDomain.4530.7.6" xlink:to="loc_PerSharePriceDealerManagerFeeMember.26733.7.6" order="1.50" priority="0" use="optional" xlink:arcrole="http://xbrl.org/int/dim/arcrole/domain-member" xlink:type="arc" />
    <link:loc xlink:label="loc_PurchasePriceOfPropertyOrAmountAdvancedForLoanMember.27200.7.6" xlink:href="cik1536256-20120930.xsd#cik1536256_PurchasePriceOfPropertyOrAmountAdvancedForLoanMember" xlink:type="locator" />
    <link:definitionArc xlink:from="loc_SaleOfStockNameOfTransactionDomain.4530.7.6" xlink:to="loc_PurchasePriceOfPropertyOrAmountAdvancedForLoanMember.27200.7.6" order="6.00" priority="0" use="optional" xlink:arcrole="http://xbrl.org/int/dim/arcrole/domain-member" xlink:type="arc" />
    <link:loc xlink:label="loc_CostOfConstructionOrDevelopmentMember.27208.7.6" xlink:href="cik1536256-20120930.xsd#cik1536256_CostOfConstructionOrDevelopmentMember" xlink:type="locator" />
    <link:definitionArc xlink:from="loc_SaleOfStockNameOfTransactionDomain.4530.7.6" xlink:to="loc_CostOfConstructionOrDevelopmentMember.27208.7.6" order="7.00" priority="0" use="optional" xlink:arcrole="http://xbrl.org/int/dim/arcrole/domain-member" xlink:type="arc" />
    <link:loc xlink:label="loc_CostOfConstructionOrDevelopmentNotExceedingCostOfTenantImprovementsMember.27209.7.6" xlink:href="cik1536256-20120930.xsd#cik1536256_CostOfConstructionOrDevelopmentNotExceedingCostOfTenantImprovementsMember" xlink:type="locator" />
    <link:definitionArc xlink:from="loc_SaleOfStockNameOfTransactionDomain.4530.7.6" xlink:to="loc_CostOfConstructionOrDevelopmentNotExceedingCostOfTenantImprovementsMember.27209.7.6" order="8.00" priority="0" use="optional" xlink:arcrole="http://xbrl.org/int/dim/arcrole/domain-member" xlink:type="arc" />
    <link:loc xlink:label="loc_MonthlyPaymentOfOneTwelfthPurchasePriceOfPropertyMember.27212.7.6" xlink:href="cik1536256-20120930.xsd#cik1536256_MonthlyPaymentOfOneTwelfthPurchasePriceOfPropertyMember" xlink:type="locator" />
    <link:definitionArc xlink:from="loc_SaleOfStockNameOfTransactionDomain.4530.7.6" xlink:to="loc_MonthlyPaymentOfOneTwelfthPurchasePriceOfPropertyMember.27212.7.6" order="9.00" priority="0" use="optional" xlink:arcrole="http://xbrl.org/int/dim/arcrole/domain-member" xlink:type="arc" />
    <link:loc xlink:label="loc_MonthlyPaymentOfOneTwelfthOfAverageDailyNavMember.27213.7.6" xlink:href="cik1536256-20120930.xsd#cik1536256_MonthlyPaymentOfOneTwelfthOfAverageDailyNavMember" xlink:type="locator" />
    <link:definitionArc xlink:from="loc_SaleOfStockNameOfTransactionDomain.4530.7.6" xlink:to="loc_MonthlyPaymentOfOneTwelfthOfAverageDailyNavMember.27213.7.6" order="10.00" priority="0" use="optional" xlink:arcrole="http://xbrl.org/int/dim/arcrole/domain-member" xlink:type="arc" />
    <link:loc xlink:label="loc_PercentPaidAtTimeOfLeaseExecutionMember.27217.7.6" xlink:href="cik1536256-20120930.xsd#cik1536256_PercentPaidAtTimeOfLeaseExecutionMember" xlink:type="locator" />
    <link:definitionArc xlink:from="loc_SaleOfStockNameOfTransactionDomain.4530.7.6" xlink:to="loc_PercentPaidAtTimeOfLeaseExecutionMember.27217.7.6" order="11.00" priority="0" use="optional" xlink:arcrole="http://xbrl.org/int/dim/arcrole/domain-member" xlink:type="arc" />
    <link:loc xlink:label="loc_PercentPaidAtTimeOfNewLeaseExecutionMember.27218.7.6" xlink:href="cik1536256-20120930.xsd#cik1536256_PercentPaidAtTimeOfNewLeaseExecutionMember" xlink:type="locator" />
    <link:definitionArc xlink:from="loc_SaleOfStockNameOfTransactionDomain.4530.7.6" xlink:to="loc_PercentPaidAtTimeOfNewLeaseExecutionMember.27218.7.6" order="12.00" priority="0" use="optional" xlink:arcrole="http://xbrl.org/int/dim/arcrole/domain-member" xlink:type="arc" />
    <link:loc xlink:label="loc_AverageInvestedAssetMember.27224.7.6" xlink:href="cik1536256-20120930.xsd#cik1536256_AverageInvestedAssetMember" xlink:type="locator" />
    <link:definitionArc xlink:from="loc_SaleOfStockNameOfTransactionDomain.4530.7.6" xlink:to="loc_AverageInvestedAssetMember.27224.7.6" order="13.00" priority="0" use="optional" xlink:arcrole="http://xbrl.org/int/dim/arcrole/domain-member" xlink:type="arc" />
    <link:loc xlink:label="loc_OtherIncomeMember.3706.7.6" xlink:href="http://xbrl.fasb.org/us-gaap/2012/elts/us-gaap-2012-01-31.xsd#us-gaap_OtherIncomeMember" xlink:type="locator" />
    <link:definitionArc xlink:from="loc_SaleOfStockNameOfTransactionDomain.4530.7.6" xlink:to="loc_OtherIncomeMember.3706.7.6" order="14.00" priority="0" use="optional" xlink:arcrole="http://xbrl.org/int/dim/arcrole/domain-member" xlink:type="arc" />
    <link:loc xlink:label="loc_SalePriceOfPropertyMember.27233.7.6" xlink:href="cik1536256-20120930.xsd#cik1536256_SalePriceOfPropertyMember" xlink:type="locator" />
    <link:definitionArc xlink:from="loc_SaleOfStockNameOfTransactionDomain.4530.7.6" xlink:to="loc_SalePriceOfPropertyMember.27233.7.6" order="15.00" priority="0" use="optional" xlink:arcrole="http://xbrl.org/int/dim/arcrole/domain-member" xlink:type="arc" />
    <link:loc xlink:label="loc_SalePriceOfPropertyReasonableCommissionMember.27235.7.6" xlink:href="cik1536256-20120930.xsd#cik1536256_SalePriceOfPropertyReasonableCommissionMember" xlink:type="locator" />
    <link:definitionArc xlink:from="loc_SaleOfStockNameOfTransactionDomain.4530.7.6" xlink:to="loc_SalePriceOfPropertyReasonableCommissionMember.27235.7.6" order="16.00" priority="0" use="optional" xlink:arcrole="http://xbrl.org/int/dim/arcrole/domain-member" xlink:type="arc" />
    <link:loc xlink:label="loc_PercentOfNetCashFlowsMember.27257.7.6" xlink:href="cik1536256-20120930.xsd#cik1536256_PercentOfNetCashFlowsMember" xlink:type="locator" />
    <link:definitionArc xlink:from="loc_SaleOfStockNameOfTransactionDomain.4530.7.6" xlink:to="loc_PercentOfNetCashFlowsMember.27257.7.6" order="17.00" priority="0" use="optional" xlink:arcrole="http://xbrl.org/int/dim/arcrole/domain-member" xlink:type="arc" />
    <link:loc xlink:label="loc_PercentOfPreTaxAnnualReturnMember.27258.7.6" xlink:href="cik1536256-20120930.xsd#cik1536256_PercentOfPreTaxAnnualReturnMember" xlink:type="locator" />
    <link:definitionArc xlink:from="loc_SaleOfStockNameOfTransactionDomain.4530.7.6" xlink:to="loc_PercentOfPreTaxAnnualReturnMember.27258.7.6" order="18.00" priority="0" use="optional" xlink:arcrole="http://xbrl.org/int/dim/arcrole/domain-member" xlink:type="arc" />
    <link:loc xlink:label="loc_ScheduleOfRelatedPartyTransactionsByRelatedPartyTable.4689.5.6" xlink:href="http://xbrl.fasb.org/us-gaap/2012/elts/us-gaap-2012-01-31.xsd#us-gaap_ScheduleOfRelatedPartyTransactionsByRelatedPartyTable" xlink:type="locator" />
    <link:loc xlink:label="loc_RelatedPartyTransactionsByRelatedPartyAxis.4351.5.6" xlink:href="http://xbrl.fasb.org/us-gaap/2012/elts/us-gaap-2012-01-31.xsd#us-gaap_RelatedPartyTransactionsByRelatedPartyAxis" xlink:type="locator" />
    <link:definitionArc xlink:from="loc_ScheduleOfRelatedPartyTransactionsByRelatedPartyTable.4689.5.6" xlink:to="loc_RelatedPartyTransactionsByRelatedPartyAxis.4351.5.6" order="1.00" priority="0" use="optional" xlink:arcrole="http://xbrl.org/int/dim/arcrole/hypercube-dimension" xlink:type="arc" />
    <link:loc xlink:label="loc_SubsidiarySaleOfStockAxis.5016.5.6" xlink:href="http://xbrl.fasb.org/us-gaap/2012/elts/us-gaap-2012-01-31.xsd#us-gaap_SubsidiarySaleOfStockAxis" xlink:type="locator" />
    <link:definitionArc xlink:from="loc_ScheduleOfRelatedPartyTransactionsByRelatedPartyTable.4689.5.6" xlink:to="loc_SubsidiarySaleOfStockAxis.5016.5.6" order="1.50" priority="0" use="optional" xlink:arcrole="http://xbrl.org/int/dim/arcrole/hypercube-dimension" xlink:type="arc" />
    <link:loc xlink:label="loc_RelatedPartyCommissionsAndFeesAxis.27240.5.6" xlink:href="cik1536256-20120930.xsd#cik1536256_RelatedPartyCommissionsAndFeesAxis" xlink:type="locator" />
    <link:definitionArc xlink:from="loc_ScheduleOfRelatedPartyTransactionsByRelatedPartyTable.4689.5.6" xlink:to="loc_RelatedPartyCommissionsAndFeesAxis.27240.5.6" order="1.25" priority="0" use="optional" xlink:arcrole="http://xbrl.org/int/dim/arcrole/hypercube-dimension" xlink:type="arc" />
    <link:loc xlink:label="loc_SubsidiarySaleOfStockAxis.5016.6.6" xlink:href="http://xbrl.fasb.org/us-gaap/2012/elts/us-gaap-2012-01-31.xsd#us-gaap_SubsidiarySaleOfStockAxis" xlink:type="locator" />
    <link:loc xlink:label="loc_SaleOfStockNameOfTransactionDomain.4530.6.6" xlink:href="http://xbrl.fasb.org/us-gaap/2012/elts/us-gaap-2012-01-31.xsd#us-gaap_SaleOfStockNameOfTransactionDomain" xlink:type="locator" />
    <link:definitionArc xlink:from="loc_SubsidiarySaleOfStockAxis.5016.6.6" xlink:to="loc_SaleOfStockNameOfTransactionDomain.4530.6.6" order="1.00" priority="0" use="optional" xlink:arcrole="http://xbrl.org/int/dim/arcrole/dimension-domain" xlink:type="arc" />
    <link:loc xlink:label="loc_SubsidiarySaleOfStockAxis.5016.8.6" xlink:href="http://xbrl.fasb.org/us-gaap/2012/elts/us-gaap-2012-01-31.xsd#us-gaap_SubsidiarySaleOfStockAxis" xlink:type="locator" />
    <link:loc xlink:label="loc_SaleOfStockNameOfTransactionDomain.4530.8.6" xlink:href="http://xbrl.fasb.org/us-gaap/2012/elts/us-gaap-2012-01-31.xsd#us-gaap_SaleOfStockNameOfTransactionDomain" xlink:type="locator" />
    <link:definitionArc xlink:from="loc_SubsidiarySaleOfStockAxis.5016.8.6" xlink:to="loc_SaleOfStockNameOfTransactionDomain.4530.8.6" order="1.00" priority="0" use="optional" xlink:arcrole="http://xbrl.org/int/dim/arcrole/dimension-default" xlink:type="arc" />
    <link:loc xlink:label="loc_RelatedPartyCommissionsAndFeesAxis.27240.6.6" xlink:href="cik1536256-20120930.xsd#cik1536256_RelatedPartyCommissionsAndFeesAxis" xlink:type="locator" />
    <link:loc xlink:label="loc_RelatedPartyCommissionsAndFeesDomain.27243.6.6" xlink:href="cik1536256-20120930.xsd#cik1536256_RelatedPartyCommissionsAndFeesDomain" xlink:type="locator" />
    <link:definitionArc xlink:from="loc_RelatedPartyCommissionsAndFeesAxis.27240.6.6" xlink:to="loc_RelatedPartyCommissionsAndFeesDomain.27243.6.6" order="1.00" priority="0" use="optional" xlink:arcrole="http://xbrl.org/int/dim/arcrole/dimension-domain" xlink:type="arc" />
    <link:loc xlink:label="loc_RelatedPartyCommissionsAndFeesAxis.27240.8.6" xlink:href="cik1536256-20120930.xsd#cik1536256_RelatedPartyCommissionsAndFeesAxis" xlink:type="locator" />
    <link:loc xlink:label="loc_RelatedPartyCommissionsAndFeesDomain.27243.8.6" xlink:href="cik1536256-20120930.xsd#cik1536256_RelatedPartyCommissionsAndFeesDomain" xlink:type="locator" />
    <link:definitionArc xlink:from="loc_RelatedPartyCommissionsAndFeesAxis.27240.8.6" xlink:to="loc_RelatedPartyCommissionsAndFeesDomain.27243.8.6" order="1.00" priority="0" use="optional" xlink:arcrole="http://xbrl.org/int/dim/arcrole/dimension-default" xlink:type="arc" />
    <link:loc xlink:label="loc_RelatedPartyCommissionsAndFeesDomain.27243.7.6" xlink:href="cik1536256-20120930.xsd#cik1536256_RelatedPartyCommissionsAndFeesDomain" xlink:type="locator" />
    <link:loc xlink:label="loc_SalesCommissionsAndFeesMember.4535.7.6" xlink:href="http://xbrl.fasb.org/us-gaap/2012/elts/us-gaap-2012-01-31.xsd#us-gaap_SalesCommissionsAndFeesMember" xlink:type="locator" />
    <link:definitionArc xlink:from="loc_RelatedPartyCommissionsAndFeesDomain.27243.7.6" xlink:to="loc_SalesCommissionsAndFeesMember.4535.7.6" order="1.00" priority="0" use="optional" xlink:arcrole="http://xbrl.org/int/dim/arcrole/domain-member" xlink:type="arc" />
    <link:loc xlink:label="loc_DealerManagerFeeMember.27245.7.6" xlink:href="cik1536256-20120930.xsd#cik1536256_DealerManagerFeeMember" xlink:type="locator" />
    <link:definitionArc xlink:from="loc_RelatedPartyCommissionsAndFeesDomain.27243.7.6" xlink:to="loc_DealerManagerFeeMember.27245.7.6" order="2.00" priority="0" use="optional" xlink:arcrole="http://xbrl.org/int/dim/arcrole/domain-member" xlink:type="arc" />
    <link:loc xlink:label="loc_OrganizationAndOfferingExpensesMember.27246.7.6" xlink:href="cik1536256-20120930.xsd#cik1536256_OrganizationAndOfferingExpensesMember" xlink:type="locator" />
    <link:definitionArc xlink:from="loc_RelatedPartyCommissionsAndFeesDomain.27243.7.6" xlink:to="loc_OrganizationAndOfferingExpensesMember.27246.7.6" order="3.00" priority="0" use="optional" xlink:arcrole="http://xbrl.org/int/dim/arcrole/domain-member" xlink:type="arc" />
    <link:loc xlink:label="loc_AcquisitionRelatedCostsMember.457.7.6" xlink:href="http://xbrl.fasb.org/us-gaap/2012/elts/us-gaap-2012-01-31.xsd#us-gaap_AcquisitionRelatedCostsMember" xlink:type="locator" />
    <link:definitionArc xlink:from="loc_RelatedPartyCommissionsAndFeesDomain.27243.7.6" xlink:to="loc_AcquisitionRelatedCostsMember.457.7.6" order="4.00" priority="0" use="optional" xlink:arcrole="http://xbrl.org/int/dim/arcrole/domain-member" xlink:type="arc" />
    <link:loc xlink:label="loc_AcquisitionExpensesMember.27247.7.6" xlink:href="cik1536256-20120930.xsd#cik1536256_AcquisitionExpensesMember" xlink:type="locator" />
    <link:definitionArc xlink:from="loc_RelatedPartyCommissionsAndFeesDomain.27243.7.6" xlink:to="loc_AcquisitionExpensesMember.27247.7.6" order="5.00" priority="0" use="optional" xlink:arcrole="http://xbrl.org/int/dim/arcrole/domain-member" xlink:type="arc" />
    <link:loc xlink:label="loc_ConstructionManagementFeeAndDevelopmentFeeMember.27249.7.6" xlink:href="cik1536256-20120930.xsd#cik1536256_ConstructionManagementFeeAndDevelopmentFeeMember" xlink:type="locator" />
    <link:definitionArc xlink:from="loc_RelatedPartyCommissionsAndFeesDomain.27243.7.6" xlink:to="loc_ConstructionManagementFeeAndDevelopmentFeeMember.27249.7.6" order="6.00" priority="0" use="optional" xlink:arcrole="http://xbrl.org/int/dim/arcrole/domain-member" xlink:type="arc" />
    <link:loc xlink:label="loc_AssetManagementMember.572.7.6" xlink:href="http://xbrl.fasb.org/us-gaap/2012/elts/us-gaap-2012-01-31.xsd#us-gaap_AssetManagementMember" xlink:type="locator" />
    <link:definitionArc xlink:from="loc_RelatedPartyCommissionsAndFeesDomain.27243.7.6" xlink:to="loc_AssetManagementMember.572.7.6" order="7.00" priority="0" use="optional" xlink:arcrole="http://xbrl.org/int/dim/arcrole/domain-member" xlink:type="arc" />
    <link:loc xlink:label="loc_PropertyManagementFeesMember.27252.7.6" xlink:href="cik1536256-20120930.xsd#cik1536256_PropertyManagementFeesMember" xlink:type="locator" />
    <link:definitionArc xlink:from="loc_RelatedPartyCommissionsAndFeesDomain.27243.7.6" xlink:to="loc_PropertyManagementFeesMember.27252.7.6" order="8.00" priority="0" use="optional" xlink:arcrole="http://xbrl.org/int/dim/arcrole/domain-member" xlink:type="arc" />
    <link:loc xlink:label="loc_LeasingArrangementMember.2912.7.6" xlink:href="http://xbrl.fasb.org/us-gaap/2012/elts/us-gaap-2012-01-31.xsd#us-gaap_LeasingArrangementMember" xlink:type="locator" />
    <link:definitionArc xlink:from="loc_RelatedPartyCommissionsAndFeesDomain.27243.7.6" xlink:to="loc_LeasingArrangementMember.2912.7.6" order="9.00" priority="0" use="optional" xlink:arcrole="http://xbrl.org/int/dim/arcrole/domain-member" xlink:type="arc" />
    <link:loc xlink:label="loc_OversightFeesMember.27253.7.6" xlink:href="cik1536256-20120930.xsd#cik1536256_OversightFeesMember" xlink:type="locator" />
    <link:definitionArc xlink:from="loc_RelatedPartyCommissionsAndFeesDomain.27243.7.6" xlink:to="loc_OversightFeesMember.27253.7.6" order="10.00" priority="0" use="optional" xlink:arcrole="http://xbrl.org/int/dim/arcrole/domain-member" xlink:type="arc" />
    <link:loc xlink:label="loc_OperatingExpenseMember.3528.7.6" xlink:href="http://xbrl.fasb.org/us-gaap/2012/elts/us-gaap-2012-01-31.xsd#us-gaap_OperatingExpenseMember" xlink:type="locator" />
    <link:definitionArc xlink:from="loc_RelatedPartyCommissionsAndFeesDomain.27243.7.6" xlink:to="loc_OperatingExpenseMember.3528.7.6" order="11.00" priority="0" use="optional" xlink:arcrole="http://xbrl.org/int/dim/arcrole/domain-member" xlink:type="arc" />
    <link:loc xlink:label="loc_FinancingCoordinationFeeMember.27254.7.6" xlink:href="cik1536256-20120930.xsd#cik1536256_FinancingCoordinationFeeMember" xlink:type="locator" />
    <link:definitionArc xlink:from="loc_RelatedPartyCommissionsAndFeesDomain.27243.7.6" xlink:to="loc_FinancingCoordinationFeeMember.27254.7.6" order="12.00" priority="0" use="optional" xlink:arcrole="http://xbrl.org/int/dim/arcrole/domain-member" xlink:type="arc" />
    <link:loc xlink:label="loc_RealEstateDispositionCommissionsMember.27255.7.6" xlink:href="cik1536256-20120930.xsd#cik1536256_RealEstateDispositionCommissionsMember" xlink:type="locator" />
    <link:definitionArc xlink:from="loc_RelatedPartyCommissionsAndFeesDomain.27243.7.6" xlink:to="loc_RealEstateDispositionCommissionsMember.27255.7.6" order="13.00" priority="0" use="optional" xlink:arcrole="http://xbrl.org/int/dim/arcrole/domain-member" xlink:type="arc" />
    <link:loc xlink:label="loc_SubordinatedShareOfAnnualCashFlowsMember.27256.7.6" xlink:href="cik1536256-20120930.xsd#cik1536256_SubordinatedShareOfAnnualCashFlowsMember" xlink:type="locator" />
    <link:definitionArc xlink:from="loc_RelatedPartyCommissionsAndFeesDomain.27243.7.6" xlink:to="loc_SubordinatedShareOfAnnualCashFlowsMember.27256.7.6" order="14.00" priority="0" use="optional" xlink:arcrole="http://xbrl.org/int/dim/arcrole/domain-member" xlink:type="arc" />
  </link:definitionLink>
  <link:definitionLink xlink:title="40101 - Disclosure - Organization (Details)" xlink:role="http://www.unitedrealtytrust.com/role/OrganizationDetails" xlink:type="extended">
    <link:loc xlink:label="loc_RangeAxis.4187.8.6" xlink:href="http://xbrl.fasb.org/us-gaap/2012/elts/us-gaap-2012-01-31.xsd#us-gaap_RangeAxis" xlink:type="locator" />
    <link:loc xlink:label="loc_RangeMember.4188.8.6" xlink:href="http://xbrl.fasb.org/us-gaap/2012/elts/us-gaap-2012-01-31.xsd#us-gaap_RangeMember" xlink:type="locator" />
    <link:definitionArc xlink:from="loc_RangeAxis.4187.8.6" xlink:to="loc_RangeMember.4188.8.6" order="1.00" priority="0" use="optional" xlink:arcrole="http://xbrl.org/int/dim/arcrole/dimension-default" xlink:type="arc" />
    <link:loc xlink:label="loc_RangeAxis.4187.6.6" xlink:href="http://xbrl.fasb.org/us-gaap/2012/elts/us-gaap-2012-01-31.xsd#us-gaap_RangeAxis" xlink:type="locator" />
    <link:loc xlink:label="loc_RangeMember.4188.6.6" xlink:href="http://xbrl.fasb.org/us-gaap/2012/elts/us-gaap-2012-01-31.xsd#us-gaap_RangeMember" xlink:type="locator" />
    <link:definitionArc xlink:from="loc_RangeAxis.4187.6.6" xlink:to="loc_RangeMember.4188.6.6" order="1.00" priority="0" use="optional" xlink:arcrole="http://xbrl.org/int/dim/arcrole/dimension-domain" xlink:type="arc" />
    <link:loc xlink:label="loc_RangeMember.4188.7.6" xlink:href="http://xbrl.fasb.org/us-gaap/2012/elts/us-gaap-2012-01-31.xsd#us-gaap_RangeMember" xlink:type="locator" />
    <link:loc xlink:label="loc_MinimumMember.3248.7.6" xlink:href="http://xbrl.fasb.org/us-gaap/2012/elts/us-gaap-2012-01-31.xsd#us-gaap_MinimumMember" xlink:type="locator" />
    <link:definitionArc xlink:from="loc_RangeMember.4188.7.6" xlink:to="loc_MinimumMember.3248.7.6" order="1.00" priority="0" use="optional" xlink:arcrole="http://xbrl.org/int/dim/arcrole/domain-member" xlink:type="arc" />
    <link:loc xlink:label="loc_MaximumMember.3241.7.6" xlink:href="http://xbrl.fasb.org/us-gaap/2012/elts/us-gaap-2012-01-31.xsd#us-gaap_MaximumMember" xlink:type="locator" />
    <link:definitionArc xlink:from="loc_RangeMember.4188.7.6" xlink:to="loc_MaximumMember.3241.7.6" order="2.00" priority="0" use="optional" xlink:arcrole="http://xbrl.org/int/dim/arcrole/domain-member" xlink:type="arc" />
    <link:loc xlink:label="loc_RelatedPartyDomain.4349.7.6" xlink:href="http://xbrl.fasb.org/us-gaap/2012/elts/us-gaap-2012-01-31.xsd#us-gaap_RelatedPartyDomain" xlink:type="locator" />
    <link:loc xlink:label="loc_UnitedRealtyAdvisorHoldingsLlcMember.26528.7.6" xlink:href="cik1536256-20120930.xsd#cik1536256_UnitedRealtyAdvisorHoldingsLlcMember" xlink:type="locator" />
    <link:definitionArc xlink:from="loc_RelatedPartyDomain.4349.7.6" xlink:to="loc_UnitedRealtyAdvisorHoldingsLlcMember.26528.7.6" order="1.00" priority="0" use="optional" xlink:arcrole="http://xbrl.org/int/dim/arcrole/domain-member" xlink:type="arc" />
    <link:loc xlink:label="loc_RelatedPartyTransactionsByRelatedPartyAxis.4351.6.6" xlink:href="http://xbrl.fasb.org/us-gaap/2012/elts/us-gaap-2012-01-31.xsd#us-gaap_RelatedPartyTransactionsByRelatedPartyAxis" xlink:type="locator" />
    <link:loc xlink:label="loc_RelatedPartyDomain.4349.6.6" xlink:href="http://xbrl.fasb.org/us-gaap/2012/elts/us-gaap-2012-01-31.xsd#us-gaap_RelatedPartyDomain" xlink:type="locator" />
    <link:definitionArc xlink:from="loc_RelatedPartyTransactionsByRelatedPartyAxis.4351.6.6" xlink:to="loc_RelatedPartyDomain.4349.6.6" order="1.00" priority="0" use="optional" xlink:arcrole="http://xbrl.org/int/dim/arcrole/dimension-domain" xlink:type="arc" />
    <link:loc xlink:label="loc_RelatedPartyTransactionsByRelatedPartyAxis.4351.8.6" xlink:href="http://xbrl.fasb.org/us-gaap/2012/elts/us-gaap-2012-01-31.xsd#us-gaap_RelatedPartyTransactionsByRelatedPartyAxis" xlink:type="locator" />
    <link:loc xlink:label="loc_RelatedPartyDomain.4349.8.6" xlink:href="http://xbrl.fasb.org/us-gaap/2012/elts/us-gaap-2012-01-31.xsd#us-gaap_RelatedPartyDomain" xlink:type="locator" />
    <link:definitionArc xlink:from="loc_RelatedPartyTransactionsByRelatedPartyAxis.4351.8.6" xlink:to="loc_RelatedPartyDomain.4349.8.6" order="1.00" priority="0" use="optional" xlink:arcrole="http://xbrl.org/int/dim/arcrole/dimension-default" xlink:type="arc" />
    <link:loc xlink:label="loc_SaleOfStockNameOfTransactionDomain.4530.7.6" xlink:href="http://xbrl.fasb.org/us-gaap/2012/elts/us-gaap-2012-01-31.xsd#us-gaap_SaleOfStockNameOfTransactionDomain" xlink:type="locator" />
    <link:loc xlink:label="loc_IPOMember.2850.7.6" xlink:href="http://xbrl.fasb.org/us-gaap/2012/elts/us-gaap-2012-01-31.xsd#us-gaap_IPOMember" xlink:type="locator" />
    <link:definitionArc xlink:from="loc_SaleOfStockNameOfTransactionDomain.4530.7.6" xlink:to="loc_IPOMember.2850.7.6" order="1.00" priority="0" use="optional" xlink:arcrole="http://xbrl.org/int/dim/arcrole/domain-member" xlink:type="arc" />
    <link:loc xlink:label="loc_DistributionReinvestmentProgramMember.26701.7.6" xlink:href="cik1536256-20120930.xsd#cik1536256_DistributionReinvestmentProgramMember" xlink:type="locator" />
    <link:definitionArc xlink:from="loc_SaleOfStockNameOfTransactionDomain.4530.7.6" xlink:to="loc_DistributionReinvestmentProgramMember.26701.7.6" order="2.00" priority="0" use="optional" xlink:arcrole="http://xbrl.org/int/dim/arcrole/domain-member" xlink:type="arc" />
    <link:loc xlink:label="loc_PerSharePriceLessCommissionsAndFeesMember.26703.7.6" xlink:href="cik1536256-20120930.xsd#cik1536256_PerSharePriceLessCommissionsAndFeesMember" xlink:type="locator" />
    <link:definitionArc xlink:from="loc_SaleOfStockNameOfTransactionDomain.4530.7.6" xlink:to="loc_PerSharePriceLessCommissionsAndFeesMember.26703.7.6" order="4.00" priority="0" use="optional" xlink:arcrole="http://xbrl.org/int/dim/arcrole/domain-member" xlink:type="arc" />
    <link:loc xlink:label="loc_PerSharePriceCommissionAndDealerManagerFeeMember.26656.7.6" xlink:href="cik1536256-20120930.xsd#cik1536256_PerSharePriceCommissionAndDealerManagerFeeMember" xlink:type="locator" />
    <link:definitionArc xlink:from="loc_SaleOfStockNameOfTransactionDomain.4530.7.6" xlink:to="loc_PerSharePriceCommissionAndDealerManagerFeeMember.26656.7.6" order="5.00" priority="0" use="optional" xlink:arcrole="http://xbrl.org/int/dim/arcrole/domain-member" xlink:type="arc" />
    <link:loc xlink:label="loc_SubsidiarySaleOfStockAxis.5016.6.6" xlink:href="http://xbrl.fasb.org/us-gaap/2012/elts/us-gaap-2012-01-31.xsd#us-gaap_SubsidiarySaleOfStockAxis" xlink:type="locator" />
    <link:loc xlink:label="loc_SaleOfStockNameOfTransactionDomain.4530.6.6" xlink:href="http://xbrl.fasb.org/us-gaap/2012/elts/us-gaap-2012-01-31.xsd#us-gaap_SaleOfStockNameOfTransactionDomain" xlink:type="locator" />
    <link:definitionArc xlink:from="loc_SubsidiarySaleOfStockAxis.5016.6.6" xlink:to="loc_SaleOfStockNameOfTransactionDomain.4530.6.6" order="1.00" priority="0" use="optional" xlink:arcrole="http://xbrl.org/int/dim/arcrole/dimension-domain" xlink:type="arc" />
    <link:loc xlink:label="loc_SubsidiarySaleOfStockAxis.5016.8.6" xlink:href="http://xbrl.fasb.org/us-gaap/2012/elts/us-gaap-2012-01-31.xsd#us-gaap_SubsidiarySaleOfStockAxis" xlink:type="locator" />
    <link:loc xlink:label="loc_SaleOfStockNameOfTransactionDomain.4530.8.6" xlink:href="http://xbrl.fasb.org/us-gaap/2012/elts/us-gaap-2012-01-31.xsd#us-gaap_SaleOfStockNameOfTransactionDomain" xlink:type="locator" />
    <link:definitionArc xlink:from="loc_SubsidiarySaleOfStockAxis.5016.8.6" xlink:to="loc_SaleOfStockNameOfTransactionDomain.4530.8.6" order="1.00" priority="0" use="optional" xlink:arcrole="http://xbrl.org/int/dim/arcrole/dimension-default" xlink:type="arc" />
    <link:loc xlink:label="loc_OrganizationTable.26527.5.6" xlink:href="cik1536256-20120930.xsd#cik1536256_OrganizationTable" xlink:type="locator" />
    <link:loc xlink:label="loc_RelatedPartyTransactionsByRelatedPartyAxis.4351.5.6" xlink:href="http://xbrl.fasb.org/us-gaap/2012/elts/us-gaap-2012-01-31.xsd#us-gaap_RelatedPartyTransactionsByRelatedPartyAxis" xlink:type="locator" />
    <link:definitionArc xlink:from="loc_OrganizationTable.26527.5.6" xlink:to="loc_RelatedPartyTransactionsByRelatedPartyAxis.4351.5.6" order="1.00" priority="0" use="optional" xlink:arcrole="http://xbrl.org/int/dim/arcrole/hypercube-dimension" xlink:type="arc" />
    <link:loc xlink:label="loc_SubsidiarySaleOfStockAxis.5016.5.6" xlink:href="http://xbrl.fasb.org/us-gaap/2012/elts/us-gaap-2012-01-31.xsd#us-gaap_SubsidiarySaleOfStockAxis" xlink:type="locator" />
    <link:definitionArc xlink:from="loc_OrganizationTable.26527.5.6" xlink:to="loc_SubsidiarySaleOfStockAxis.5016.5.6" order="2.00" priority="0" use="optional" xlink:arcrole="http://xbrl.org/int/dim/arcrole/hypercube-dimension" xlink:type="arc" />
    <link:loc xlink:label="loc_RangeAxis.4187.5.6" xlink:href="http://xbrl.fasb.org/us-gaap/2012/elts/us-gaap-2012-01-31.xsd#us-gaap_RangeAxis" xlink:type="locator" />
    <link:definitionArc xlink:from="loc_OrganizationTable.26527.5.6" xlink:to="loc_RangeAxis.4187.5.6" order="2.50" priority="0" use="optional" xlink:arcrole="http://xbrl.org/int/dim/arcrole/hypercube-dimension" xlink:type="arc" />
    <link:loc xlink:label="loc_OrganizationLineItems.26655.9.6" xlink:href="cik1536256-20120930.xsd#cik1536256_OrganizationLineItems" xlink:type="locator" />
    <link:loc xlink:label="loc_OrganizationTable.26527.9.6" xlink:href="cik1536256-20120930.xsd#cik1536256_OrganizationTable" xlink:type="locator" />
    <link:definitionArc xlink:from="loc_OrganizationLineItems.26655.9.6" xlink:to="loc_OrganizationTable.26527.9.6" order="1.00" xbrldt:closed="true" xbrldt:contextElement="segment" priority="0" use="optional" xlink:arcrole="http://xbrl.org/int/dim/arcrole/all" xlink:type="arc" />
    <link:loc xlink:label="loc_OrganizationLineItems.26655.7.6" xlink:href="cik1536256-20120930.xsd#cik1536256_OrganizationLineItems" xlink:type="locator" />
    <link:loc xlink:label="loc_StockIssuedDuringPeriodSharesNewIssues.16628.7.6" xlink:href="http://xbrl.fasb.org/us-gaap/2012/elts/us-gaap-2012-01-31.xsd#us-gaap_StockIssuedDuringPeriodSharesNewIssues" xlink:type="locator" />
    <link:definitionArc xlink:from="loc_OrganizationLineItems.26655.7.6" xlink:to="loc_StockIssuedDuringPeriodSharesNewIssues.16628.7.6" order="1.00" priority="0" use="optional" xlink:arcrole="http://xbrl.org/int/dim/arcrole/domain-member" xlink:type="arc" />
    <link:loc xlink:label="loc_StockIssuedDuringPeriodValueNewIssues.16603.7.6" xlink:href="http://xbrl.fasb.org/us-gaap/2012/elts/us-gaap-2012-01-31.xsd#us-gaap_StockIssuedDuringPeriodValueNewIssues" xlink:type="locator" />
    <link:definitionArc xlink:from="loc_OrganizationLineItems.26655.7.6" xlink:to="loc_StockIssuedDuringPeriodValueNewIssues.16603.7.6" order="2.00" priority="0" use="optional" xlink:arcrole="http://xbrl.org/int/dim/arcrole/domain-member" xlink:type="arc" />
    <link:loc xlink:label="loc_CommonStockAuthorizedForOffering.26700.7.6" xlink:href="cik1536256-20120930.xsd#cik1536256_CommonStockAuthorizedForOffering" xlink:type="locator" />
    <link:definitionArc xlink:from="loc_OrganizationLineItems.26655.7.6" xlink:to="loc_CommonStockAuthorizedForOffering.26700.7.6" order="3.00" priority="0" use="optional" xlink:arcrole="http://xbrl.org/int/dim/arcrole/domain-member" xlink:type="arc" />
    <link:loc xlink:label="loc_SaleOfStockPricePerShare.15652.7.6" xlink:href="http://xbrl.fasb.org/us-gaap/2012/elts/us-gaap-2012-01-31.xsd#us-gaap_SaleOfStockPricePerShare" xlink:type="locator" />
    <link:definitionArc xlink:from="loc_OrganizationLineItems.26655.7.6" xlink:to="loc_SaleOfStockPricePerShare.15652.7.6" order="5.00" priority="0" use="optional" xlink:arcrole="http://xbrl.org/int/dim/arcrole/domain-member" xlink:type="arc" />
    <link:loc xlink:label="loc_ProceedsFromSaleOfStockLevelForReducedFeeTreatment.26706.7.6" xlink:href="cik1536256-20120930.xsd#cik1536256_ProceedsFromSaleOfStockLevelForReducedFeeTreatment" xlink:type="locator" />
    <link:definitionArc xlink:from="loc_OrganizationLineItems.26655.7.6" xlink:to="loc_ProceedsFromSaleOfStockLevelForReducedFeeTreatment.26706.7.6" order="6.00" priority="0" use="optional" xlink:arcrole="http://xbrl.org/int/dim/arcrole/domain-member" xlink:type="arc" />
    <link:loc xlink:label="loc_TermsOfOfferingFloatingPriceTimingAndCalculation.26659.7.6" xlink:href="cik1536256-20120930.xsd#cik1536256_TermsOfOfferingFloatingPriceTimingAndCalculation" xlink:type="locator" />
    <link:definitionArc xlink:from="loc_OrganizationLineItems.26655.7.6" xlink:to="loc_TermsOfOfferingFloatingPriceTimingAndCalculation.26659.7.6" order="7.00" priority="0" use="optional" xlink:arcrole="http://xbrl.org/int/dim/arcrole/domain-member" xlink:type="arc" />
  </link:definitionLink>
</link:linkbase>
