<?xml version="1.0" encoding="US-ASCII" standalone="no"?>
<!--P3XBRL-->
<!--version 4.1.22 -->
<!--http://www.p3xbrl.com-->
<!--produced on 2012-11-14 @ 2:12 AM-->
<link:linkbase xmlns:cik1536256="http://www.unitedrealtytrust.com/20120930" xmlns:xbrldt="http://xbrl.org/2005/xbrldt" xmlns:xlink="http://www.w3.org/1999/xlink" xmlns:xsi="http://www.w3.org/2001/XMLSchema-instance" xsi:schemaLocation="http://www.xbrl.org/2003/linkbase http://www.xbrl.org/2003/xbrl-linkbase-2003-12-31.xsd" xmlns:link="http://www.xbrl.org/2003/linkbase">
  <link:roleRef roleURI="http://www.unitedrealtytrust.com/role/DocumentAndEntityInformation" xlink:href="cik1536256-20120930.xsd#cik1536256-dei" xlink:type="simple" />
  <link:roleRef roleURI="http://www.unitedrealtytrust.com/role/ConsolidatedBalanceSheets" xlink:href="cik1536256-20120930.xsd#cik1536256-cbs" xlink:type="simple" />
  <link:roleRef roleURI="http://www.unitedrealtytrust.com/role/ConsolidatedStatementOfOperations" xlink:href="cik1536256-20120930.xsd#cik1536256-csoo" xlink:type="simple" />
  <link:roleRef roleURI="http://www.unitedrealtytrust.com/role/ConsolidatedStatementOfStockholdersEquity" xlink:href="cik1536256-20120930.xsd#cik1536256-csose" xlink:type="simple" />
  <link:roleRef roleURI="http://www.unitedrealtytrust.com/role/ConsolidatedStatementOfCashFlows" xlink:href="cik1536256-20120930.xsd#cik1536256-csocf" xlink:type="simple" />
  <link:roleRef roleURI="http://www.unitedrealtytrust.com/role/ConsolidatedBalanceSheetsParenthetical" xlink:href="cik1536256-20120930.xsd#cik1536256-cbsp" xlink:type="simple" />
  <link:roleRef roleURI="http://www.unitedrealtytrust.com/role/Organization" xlink:href="cik1536256-20120930.xsd#cik1536256-o" xlink:type="simple" />
  <link:roleRef roleURI="http://www.unitedrealtytrust.com/role/SummaryOfSignificantAccountingPolicies" xlink:href="cik1536256-20120930.xsd#cik1536256-sosap" xlink:type="simple" />
  <link:roleRef roleURI="http://www.unitedrealtytrust.com/role/Capitalization" xlink:href="cik1536256-20120930.xsd#cik1536256-c" xlink:type="simple" />
  <link:roleRef roleURI="http://www.unitedrealtytrust.com/role/RelatedPartyArrangements" xlink:href="cik1536256-20120930.xsd#cik1536256-rpa" xlink:type="simple" />
  <link:roleRef roleURI="http://www.unitedrealtytrust.com/role/Distributions" xlink:href="cik1536256-20120930.xsd#cik1536256-d" xlink:type="simple" />
  <link:roleRef roleURI="http://www.unitedrealtytrust.com/role/EconomicDependency" xlink:href="cik1536256-20120930.xsd#cik1536256-ed" xlink:type="simple" />
  <link:roleRef roleURI="http://www.unitedrealtytrust.com/role/SummaryOfSignificantAccountingPoliciesPolicies" xlink:href="cik1536256-20120930.xsd#cik1536256-sosapp" xlink:type="simple" />
  <link:roleRef roleURI="http://www.unitedrealtytrust.com/role/SummaryOfSignificantAccountingPoliciesDetails" xlink:href="cik1536256-20120930.xsd#cik1536256-sosapd" xlink:type="simple" />
  <link:roleRef roleURI="http://www.unitedrealtytrust.com/role/CapitalizationDetails" xlink:href="cik1536256-20120930.xsd#_1536256-cd" xlink:type="simple" />
  <link:roleRef roleURI="http://www.unitedrealtytrust.com/role/RelatedPartyArrangementsDetails" xlink:href="cik1536256-20120930.xsd#cik1536256-rpad" xlink:type="simple" />
  <link:roleRef roleURI="http://www.unitedrealtytrust.com/role/OrganizationDetails" xlink:href="cik1536256-20120930.xsd#cik1536256-od" xlink:type="simple" />
  <link:roleRef roleURI="http://www.unitedrealtytrust.com/role/SubsequentEvents" xlink:href="cik1536256-20120930.xsd#cik1536256-se" xlink:type="simple" />
  <link:calculationLink xlink:title="002 - Statement - CONSOLIDATED BALANCE SHEETS" xlink:role="http://www.unitedrealtytrust.com/role/ConsolidatedBalanceSheets" xlink:type="extended">
    <link:loc xlink:label="loc_LiabilitiesAndStockholdersEquity.11731.14.6" xlink:href="http://xbrl.fasb.org/us-gaap/2012/elts/us-gaap-2012-01-31.xsd#us-gaap_LiabilitiesAndStockholdersEquity" xlink:type="locator" />
    <link:loc xlink:label="loc_Liabilities.11702.14.6" xlink:href="http://xbrl.fasb.org/us-gaap/2012/elts/us-gaap-2012-01-31.xsd#us-gaap_Liabilities" xlink:type="locator" />
    <link:calculationArc xlink:from="loc_LiabilitiesAndStockholdersEquity.11731.14.6" xlink:to="loc_Liabilities.11702.14.6" order="1.00" weight="1.00" priority="0" use="optional" xlink:arcrole="http://www.xbrl.org/2003/arcrole/summation-item" xlink:type="arc" />
    <link:loc xlink:label="loc_StockholdersEquity.16667.14.6" xlink:href="http://xbrl.fasb.org/us-gaap/2012/elts/us-gaap-2012-01-31.xsd#us-gaap_StockholdersEquity" xlink:type="locator" />
    <link:calculationArc xlink:from="loc_LiabilitiesAndStockholdersEquity.11731.14.6" xlink:to="loc_StockholdersEquity.16667.14.6" order="1.00" weight="1.00" priority="0" use="optional" xlink:arcrole="http://www.xbrl.org/2003/arcrole/summation-item" xlink:type="arc" />
    <link:loc xlink:label="loc_PreferredStockValue.14123.14.6" xlink:href="http://xbrl.fasb.org/us-gaap/2012/elts/us-gaap-2012-01-31.xsd#us-gaap_PreferredStockValue" xlink:type="locator" />
    <link:calculationArc xlink:from="loc_StockholdersEquity.16667.14.6" xlink:to="loc_PreferredStockValue.14123.14.6" order="1.00" weight="1.00" priority="0" use="optional" xlink:arcrole="http://www.xbrl.org/2003/arcrole/summation-item" xlink:type="arc" />
    <link:loc xlink:label="loc_CommonStockValue.6874.14.6" xlink:href="http://xbrl.fasb.org/us-gaap/2012/elts/us-gaap-2012-01-31.xsd#us-gaap_CommonStockValue" xlink:type="locator" />
    <link:calculationArc xlink:from="loc_StockholdersEquity.16667.14.6" xlink:to="loc_CommonStockValue.6874.14.6" order="1.00" weight="1.00" priority="0" use="optional" xlink:arcrole="http://www.xbrl.org/2003/arcrole/summation-item" xlink:type="arc" />
    <link:loc xlink:label="loc_AdditionalPaidInCapital.5620.14.6" xlink:href="http://xbrl.fasb.org/us-gaap/2012/elts/us-gaap-2012-01-31.xsd#us-gaap_AdditionalPaidInCapital" xlink:type="locator" />
    <link:calculationArc xlink:from="loc_StockholdersEquity.16667.14.6" xlink:to="loc_AdditionalPaidInCapital.5620.14.6" order="1.00" weight="1.00" priority="0" use="optional" xlink:arcrole="http://www.xbrl.org/2003/arcrole/summation-item" xlink:type="arc" />
  </link:calculationLink>
  <link:calculationLink xlink:title="006 - Statement - CONSOLIDATED STATEMENT OF CASH FLOWS" xlink:role="http://www.unitedrealtytrust.com/role/ConsolidatedStatementOfCashFlows" xlink:type="extended">
    <link:loc xlink:label="loc_NetCashProvidedByUsedInOperatingActivities.12778.14.6" xlink:href="http://xbrl.fasb.org/us-gaap/2012/elts/us-gaap-2012-01-31.xsd#us-gaap_NetCashProvidedByUsedInOperatingActivities" xlink:type="locator" />
    <link:loc xlink:label="loc_NetIncomeLoss.12771.14.6" xlink:href="http://xbrl.fasb.org/us-gaap/2012/elts/us-gaap-2012-01-31.xsd#us-gaap_NetIncomeLoss" xlink:type="locator" />
    <link:calculationArc xlink:from="loc_NetCashProvidedByUsedInOperatingActivities.12778.14.6" xlink:to="loc_NetIncomeLoss.12771.14.6" order="1.00" weight="1.00" priority="0" use="optional" xlink:arcrole="http://www.xbrl.org/2003/arcrole/summation-item" xlink:type="arc" />
  </link:calculationLink>
</link:linkbase>
