<?xml version="1.0" encoding="US-ASCII" standalone="no"?>
    <!-- Field: Doc-Info; Name: Generator; Value: GoFiler Complete; Version: 3.5d -->
    <!-- Field: Doc-Info; Name: VendorURI; Value: http://www.novaworks.co -->
    <!-- Field: Doc-Info; Name: Source; Value: P:\EDGARizer\Clients\United Realty Trust\XBRL\20130630\urp_06302013.xfr; Date: 2013/08/14T20:57:26 -->
    <!-- Field: Doc-Info; Name: Status; Value: 0x00000000 -->
<link:linkbase xmlns:xsi="http://www.w3.org/2001/XMLSchema-instance" xmlns:xlink="http://www.w3.org/1999/xlink" xmlns:link="http://www.xbrl.org/2003/linkbase" xmlns:xbrldt="http://xbrl.org/2005/xbrldt" xmlns:xbrli="http://www.xbrl.org/2003/instance" xsi:schemaLocation="http://www.xbrl.org/2003/linkbase http://www.xbrl.org/2003/xbrl-linkbase-2003-12-31.xsd">
    <link:roleRef roleURI="http://unitedrealtytrust.com/role/DocumentAndEntityInformation" xlink:href="urt-20130630.xsd#DocumentAndEntityInformation" xlink:type="simple" />
    <link:roleRef roleURI="http://unitedrealtytrust.com/role/ConsolidatedBalanceSheets" xlink:href="urt-20130630.xsd#ConsolidatedBalanceSheets" xlink:type="simple" />
    <link:roleRef roleURI="http://unitedrealtytrust.com/role/ConsolidatedBalanceSheetsParenthetical" xlink:href="urt-20130630.xsd#ConsolidatedBalanceSheetsParenthetical" xlink:type="simple" />
    <link:roleRef roleURI="http://unitedrealtytrust.com/role/ConsolidatedStatementsOfOperations" xlink:href="urt-20130630.xsd#ConsolidatedStatementsOfOperations" xlink:type="simple" />
    <link:roleRef roleURI="http://unitedrealtytrust.com/role/ConsolidatedStatementOfEquity" xlink:href="urt-20130630.xsd#ConsolidatedStatementOfEquity" xlink:type="simple" />
    <link:roleRef roleURI="http://unitedrealtytrust.com/role/ConsolidatedStatementOfCashFlow" xlink:href="urt-20130630.xsd#ConsolidatedStatementOfCashFlow" xlink:type="simple" />
    <link:roleRef roleURI="http://unitedrealtytrust.com/role/Organization" xlink:href="urt-20130630.xsd#Organization" xlink:type="simple" />
    <link:roleRef roleURI="http://unitedrealtytrust.com/role/SummaryOfSignificantAccountingPolicies" xlink:href="urt-20130630.xsd#SummaryOfSignificantAccountingPolicies" xlink:type="simple" />
    <link:roleRef roleURI="http://unitedrealtytrust.com/role/RealEstateInvestments" xlink:href="urt-20130630.xsd#RealEstateInvestments" xlink:type="simple" />
    <link:roleRef roleURI="http://unitedrealtytrust.com/role/MortgageNotesPayable" xlink:href="urt-20130630.xsd#MortgageNotesPayable" xlink:type="simple" />
    <link:roleRef roleURI="http://unitedrealtytrust.com/role/Capitalization" xlink:href="urt-20130630.xsd#Capitalization" xlink:type="simple" />
    <link:roleRef roleURI="http://unitedrealtytrust.com/role/StockIncentivePlan" xlink:href="urt-20130630.xsd#StockIncentivePlan" xlink:type="simple" />
    <link:roleRef roleURI="http://unitedrealtytrust.com/role/RelatedPartyArrangements" xlink:href="urt-20130630.xsd#RelatedPartyArrangements" xlink:type="simple" />
    <link:roleRef roleURI="http://unitedrealtytrust.com/role/DealerManager" xlink:href="urt-20130630.xsd#DealerManager" xlink:type="simple" />
    <link:roleRef roleURI="http://unitedrealtytrust.com/role/Distributions" xlink:href="urt-20130630.xsd#Distributions" xlink:type="simple" />
    <link:roleRef roleURI="http://unitedrealtytrust.com/role/EconomicDependency" xlink:href="urt-20130630.xsd#EconomicDependency" xlink:type="simple" />
    <link:roleRef roleURI="http://unitedrealtytrust.com/role/SubsequentEvents" xlink:href="urt-20130630.xsd#SubsequentEvents" xlink:type="simple" />
    <link:roleRef roleURI="http://unitedrealtytrust.com/role/SummaryOfSignificantAccountingPoliciesPolicies" xlink:href="urt-20130630.xsd#SummaryOfSignificantAccountingPoliciesPolicies" xlink:type="simple" />
    <link:roleRef roleURI="http://unitedrealtytrust.com/role/SummaryOfSignificantAccountingPoliciesTables" xlink:href="urt-20130630.xsd#SummaryOfSignificantAccountingPoliciesTables" xlink:type="simple" />
    <link:roleRef roleURI="http://unitedrealtytrust.com/role/RealEstateInvestmentsTables" xlink:href="urt-20130630.xsd#RealEstateInvestmentsTables" xlink:type="simple" />
    <link:roleRef roleURI="http://unitedrealtytrust.com/role/MortgageNotesPayableTables" xlink:href="urt-20130630.xsd#MortgageNotesPayableTables" xlink:type="simple" />
    <link:roleRef roleURI="http://unitedrealtytrust.com/role/RelatedPartyArrangementsTables" xlink:href="urt-20130630.xsd#RelatedPartyArrangementsTables" xlink:type="simple" />
    <link:roleRef roleURI="http://unitedrealtytrust.com/role/OrganizationDetailsNarrative" xlink:href="urt-20130630.xsd#OrganizationDetailsNarrative" xlink:type="simple" />
    <link:roleRef roleURI="http://unitedrealtytrust.com/role/SummaryOfSignificantAccountingPoliciesDetailsNarrative" xlink:href="urt-20130630.xsd#SummaryOfSignificantAccountingPoliciesDetailsNarrative" xlink:type="simple" />
    <link:roleRef roleURI="http://unitedrealtytrust.com/role/SummaryOfSignificantAccountingPoliciesDetails" xlink:href="urt-20130630.xsd#SummaryOfSignificantAccountingPoliciesDetails" xlink:type="simple" />
    <link:roleRef roleURI="http://unitedrealtytrust.com/role/SummaryOfSignificantAccountingPoliciesDetails1" xlink:href="urt-20130630.xsd#SummaryOfSignificantAccountingPoliciesDetails1" xlink:type="simple" />
    <link:roleRef roleURI="http://unitedrealtytrust.com/role/RealEstateInvestmentsDetailsNarrative" xlink:href="urt-20130630.xsd#RealEstateInvestmentsDetailsNarrative" xlink:type="simple" />
    <link:roleRef roleURI="http://unitedrealtytrust.com/role/RealEstateInvestmentsDetailsNarrative1" xlink:href="urt-20130630.xsd#RealEstateInvestmentsDetailsNarrative1" xlink:type="simple" />
    <link:roleRef roleURI="http://unitedrealtytrust.com/role/RealEstateInvestmentsDetails" xlink:href="urt-20130630.xsd#RealEstateInvestmentsDetails" xlink:type="simple" />
    <link:roleRef roleURI="http://unitedrealtytrust.com/role/RealEstateInvestmentsDetails1" xlink:href="urt-20130630.xsd#RealEstateInvestmentsDetails1" xlink:type="simple" />
    <link:roleRef roleURI="http://unitedrealtytrust.com/role/MortgageNotesPayableDetailsNarrative" xlink:href="urt-20130630.xsd#MortgageNotesPayableDetailsNarrative" xlink:type="simple" />
    <link:roleRef roleURI="http://unitedrealtytrust.com/role/MortgageNotesPayableDetails" xlink:href="urt-20130630.xsd#MortgageNotesPayableDetails" xlink:type="simple" />
    <link:roleRef roleURI="http://unitedrealtytrust.com/role/CapitalizationDetailsNarrative" xlink:href="urt-20130630.xsd#CapitalizationDetailsNarrative" xlink:type="simple" />
    <link:roleRef roleURI="http://unitedrealtytrust.com/role/StockIncentivePlanDetailsNarrative" xlink:href="urt-20130630.xsd#StockIncentivePlanDetailsNarrative" xlink:type="simple" />
    <link:roleRef roleURI="http://unitedrealtytrust.com/role/RelatedPartyArrangementsDetails" xlink:href="urt-20130630.xsd#RelatedPartyArrangementsDetails" xlink:type="simple" />
    <link:roleRef roleURI="http://unitedrealtytrust.com/role/DealerManagerDetailsNarrative" xlink:href="urt-20130630.xsd#DealerManagerDetailsNarrative" xlink:type="simple" />
    <link:roleRef roleURI="http://unitedrealtytrust.com/role/SubsequentEventsDetailsNarrative" xlink:href="urt-20130630.xsd#SubsequentEventsDetailsNarrative" xlink:type="simple" />
    <link:arcroleRef xlink:type="simple" xlink:href="http://www.xbrl.org/2005/xbrldt-2005.xsd#hypercube-dimension" arcroleURI="http://xbrl.org/int/dim/arcrole/hypercube-dimension" />
    <link:arcroleRef xlink:type="simple" xlink:href="http://www.xbrl.org/2005/xbrldt-2005.xsd#dimension-domain" arcroleURI="http://xbrl.org/int/dim/arcrole/dimension-domain" />
    <link:arcroleRef xlink:type="simple" xlink:href="http://www.xbrl.org/2005/xbrldt-2005.xsd#domain-member" arcroleURI="http://xbrl.org/int/dim/arcrole/domain-member" />
    <link:arcroleRef xlink:type="simple" xlink:href="http://www.xbrl.org/2005/xbrldt-2005.xsd#all" arcroleURI="http://xbrl.org/int/dim/arcrole/all" />
    <link:arcroleRef xlink:type="simple" xlink:href="http://www.xbrl.org/2005/xbrldt-2005.xsd#notAll" arcroleURI="http://xbrl.org/int/dim/arcrole/notAll" />
    <link:arcroleRef xlink:type="simple" xlink:href="http://www.xbrl.org/2005/xbrldt-2005.xsd#dimension-default" arcroleURI="http://xbrl.org/int/dim/arcrole/dimension-default" />
    <link:definitionLink xlink:type="extended" xlink:role="http://unitedrealtytrust.com/role/DocumentAndEntityInformation" xlink:title="0001 - Document - Document and Entity Information" />
    <link:definitionLink xlink:type="extended" xlink:role="http://unitedrealtytrust.com/role/ConsolidatedBalanceSheets" xlink:title="0002 - Statement - CONSOLIDATED BALANCE SHEETS (Unaudited)" />
    <link:definitionLink xlink:type="extended" xlink:role="http://unitedrealtytrust.com/role/ConsolidatedBalanceSheetsParenthetical" xlink:title="0003 - Statement - CONSOLIDATED BALANCE SHEETS (Parenthetical)" />
    <link:definitionLink xlink:type="extended" xlink:role="http://unitedrealtytrust.com/role/ConsolidatedStatementsOfOperations" xlink:title="0004 - Statement - CONSOLIDATED STATEMENTS OF OPERATIONS (Unaudited)" />
    <link:definitionLink xlink:type="extended" xlink:role="http://unitedrealtytrust.com/role/ConsolidatedStatementOfEquity" xlink:title="0005 - Statement - CONSOLIDATED STATEMENT OF EQUITY (Unaudited)">
      <link:loc xlink:type="locator" xlink:href="http://xbrl.fasb.org/us-gaap/2013/elts/us-gaap-2013-01-31.xsd#us-gaap_StatementLineItems" xlink:label="loc_us-gaapStatementLineItems" />
      <link:loc xlink:type="locator" xlink:href="http://xbrl.fasb.org/us-gaap/2013/elts/us-gaap-2013-01-31.xsd#us-gaap_StatementTable" xlink:label="loc_us-gaapStatementTable" />
      <link:definitionArc xlink:arcrole="http://xbrl.org/int/dim/arcrole/all" xbrldt:contextElement="segment" xlink:from="loc_us-gaapStatementLineItems" xlink:to="loc_us-gaapStatementTable" xlink:type="arc" order="10" xbrldt:closed="true" />
      <link:loc xlink:type="locator" xlink:href="http://xbrl.fasb.org/us-gaap/2013/elts/us-gaap-2013-01-31.xsd#us-gaap_StatementEquityComponentsAxis" xlink:label="loc_us-gaapStatementEquityComponentsAxis" />
      <link:definitionArc xlink:arcrole="http://xbrl.org/int/dim/arcrole/hypercube-dimension" xlink:from="loc_us-gaapStatementTable" xlink:to="loc_us-gaapStatementEquityComponentsAxis" xlink:type="arc" order="1" />
      <link:loc xlink:type="locator" xlink:href="http://xbrl.fasb.org/us-gaap/2013/elts/us-gaap-2013-01-31.xsd#us-gaap_EquityComponentDomain" xlink:label="loc_us-gaapEquityComponentDomain" />
      <link:definitionArc xlink:arcrole="http://xbrl.org/int/dim/arcrole/dimension-domain" xlink:from="loc_us-gaapStatementEquityComponentsAxis" xlink:to="loc_us-gaapEquityComponentDomain" xlink:type="arc" order="20" />
      <link:loc xlink:type="locator" xlink:href="http://xbrl.fasb.org/us-gaap/2013/elts/us-gaap-2013-01-31.xsd#us-gaap_EquityComponentDomain" xlink:label="loc_us-gaapEquityComponentDomain_10" />
      <link:definitionArc xlink:arcrole="http://xbrl.org/int/dim/arcrole/dimension-default" xbrldt:contextElement="segment" xlink:from="loc_us-gaapStatementEquityComponentsAxis" xlink:to="loc_us-gaapEquityComponentDomain_10" xlink:type="arc" order="30" />
      <link:loc xlink:type="locator" xlink:href="http://xbrl.fasb.org/us-gaap/2013/elts/us-gaap-2013-01-31.xsd#us-gaap_PreferredStockMember" xlink:label="loc_us-gaapPreferredStockMember_0" />
      <link:definitionArc xlink:arcrole="http://xbrl.org/int/dim/arcrole/domain-member" xlink:from="loc_us-gaapEquityComponentDomain" xlink:to="loc_us-gaapPreferredStockMember_0" xlink:type="arc" order="1" />
      <link:loc xlink:type="locator" xlink:href="http://xbrl.fasb.org/us-gaap/2013/elts/us-gaap-2013-01-31.xsd#us-gaap_CommonStockMember" xlink:label="loc_us-gaapCommonStockMember_10" />
      <link:definitionArc xlink:arcrole="http://xbrl.org/int/dim/arcrole/domain-member" xlink:from="loc_us-gaapEquityComponentDomain" xlink:to="loc_us-gaapCommonStockMember_10" xlink:type="arc" order="11" />
      <link:loc xlink:type="locator" xlink:href="http://xbrl.fasb.org/us-gaap/2013/elts/us-gaap-2013-01-31.xsd#us-gaap_AdditionalPaidInCapitalMember" xlink:label="loc_us-gaapAdditionalPaidInCapitalMember_20" />
      <link:definitionArc xlink:arcrole="http://xbrl.org/int/dim/arcrole/domain-member" xlink:from="loc_us-gaapEquityComponentDomain" xlink:to="loc_us-gaapAdditionalPaidInCapitalMember_20" xlink:type="arc" order="21" />
      <link:loc xlink:type="locator" xlink:href="http://xbrl.fasb.org/us-gaap/2013/elts/us-gaap-2013-01-31.xsd#us-gaap_RetainedEarningsMember" xlink:label="loc_us-gaapRetainedEarningsMember_30" />
      <link:definitionArc xlink:arcrole="http://xbrl.org/int/dim/arcrole/domain-member" xlink:from="loc_us-gaapEquityComponentDomain" xlink:to="loc_us-gaapRetainedEarningsMember_30" xlink:type="arc" order="31" />
      <link:loc xlink:type="locator" xlink:href="http://xbrl.fasb.org/us-gaap/2013/elts/us-gaap-2013-01-31.xsd#us-gaap_NoncontrollingInterestMember" xlink:label="loc_us-gaapNoncontrollingInterestMember_40" />
      <link:definitionArc xlink:arcrole="http://xbrl.org/int/dim/arcrole/domain-member" xlink:from="loc_us-gaapEquityComponentDomain" xlink:to="loc_us-gaapNoncontrollingInterestMember_40" xlink:type="arc" order="41" />
      <link:loc xlink:type="locator" xlink:href="http://xbrl.fasb.org/us-gaap/2013/elts/us-gaap-2013-01-31.xsd#us-gaap_StockholdersEquityIncludingPortionAttributableToNoncontrollingInterest" xlink:label="loc_us-gaapStockholdersEquityIncludingPortionAttributableToNoncontrollingInterest_70" />
      <link:definitionArc xlink:arcrole="http://xbrl.org/int/dim/arcrole/domain-member" xlink:from="loc_us-gaapStatementLineItems" xlink:to="loc_us-gaapStockholdersEquityIncludingPortionAttributableToNoncontrollingInterest_70" xlink:type="arc" order="1" />
      <link:loc xlink:type="locator" xlink:href="http://xbrl.fasb.org/us-gaap/2013/elts/us-gaap-2013-01-31.xsd#us-gaap_SharesOutstanding" xlink:label="loc_us-gaapSharesOutstanding_70" />
      <link:definitionArc xlink:arcrole="http://xbrl.org/int/dim/arcrole/domain-member" xlink:from="loc_us-gaapStatementLineItems" xlink:to="loc_us-gaapSharesOutstanding_70" xlink:type="arc" order="2" />
      <link:loc xlink:type="locator" xlink:href="http://xbrl.fasb.org/us-gaap/2013/elts/us-gaap-2013-01-31.xsd#us-gaap_StockIssuedDuringPeriodValueNewIssues" xlink:label="loc_us-gaapStockIssuedDuringPeriodValueNewIssues_70" />
      <link:definitionArc xlink:arcrole="http://xbrl.org/int/dim/arcrole/domain-member" xlink:from="loc_us-gaapStatementLineItems" xlink:to="loc_us-gaapStockIssuedDuringPeriodValueNewIssues_70" xlink:type="arc" order="3" />
      <link:loc xlink:type="locator" xlink:href="http://xbrl.fasb.org/us-gaap/2013/elts/us-gaap-2013-01-31.xsd#us-gaap_StockIssuedDuringPeriodSharesNewIssues" xlink:label="loc_us-gaapStockIssuedDuringPeriodSharesNewIssues_70" />
      <link:definitionArc xlink:arcrole="http://xbrl.org/int/dim/arcrole/domain-member" xlink:from="loc_us-gaapStatementLineItems" xlink:to="loc_us-gaapStockIssuedDuringPeriodSharesNewIssues_70" xlink:type="arc" order="4" />
      <link:loc xlink:type="locator" xlink:href="http://xbrl.fasb.org/us-gaap/2013/elts/us-gaap-2013-01-31.xsd#us-gaap_NoncontrollingInterestIncreaseFromSaleOfParentEquityInterest" xlink:label="loc_us-gaapNoncontrollingInterestIncreaseFromSaleOfParentEquityInterest_70" />
      <link:definitionArc xlink:arcrole="http://xbrl.org/int/dim/arcrole/domain-member" xlink:from="loc_us-gaapStatementLineItems" xlink:to="loc_us-gaapNoncontrollingInterestIncreaseFromSaleOfParentEquityInterest_70" xlink:type="arc" order="5" />
      <link:loc xlink:type="locator" xlink:href="http://xbrl.fasb.org/us-gaap/2013/elts/us-gaap-2013-01-31.xsd#us-gaap_MinorityInterestDecreaseFromDistributionsToNoncontrollingInterestHolders" xlink:label="loc_us-gaapMinorityInterestDecreaseFromDistributionsToNoncontrollingInterestHolders_70" />
      <link:definitionArc xlink:arcrole="http://xbrl.org/int/dim/arcrole/domain-member" xlink:from="loc_us-gaapStatementLineItems" xlink:to="loc_us-gaapMinorityInterestDecreaseFromDistributionsToNoncontrollingInterestHolders_70" xlink:type="arc" order="6" />
      <link:loc xlink:type="locator" xlink:href="http://xbrl.fasb.org/us-gaap/2013/elts/us-gaap-2013-01-31.xsd#us-gaap_AdjustmentsToAdditionalPaidInCapitalShareBasedCompensationRestrictedStockUnitsRequisiteServicePeriodRecognition" xlink:label="loc_us-gaapAdjustmentsToAdditionalPaidInCapitalShareBasedCompensationRestrictedStockUnitsRequisiteServicePeriodRecognition_70" />
      <link:definitionArc xlink:arcrole="http://xbrl.org/int/dim/arcrole/domain-member" xlink:from="loc_us-gaapStatementLineItems" xlink:to="loc_us-gaapAdjustmentsToAdditionalPaidInCapitalShareBasedCompensationRestrictedStockUnitsRequisiteServicePeriodRecognition_70" xlink:type="arc" order="7" />
      <link:loc xlink:type="locator" xlink:href="http://xbrl.fasb.org/us-gaap/2013/elts/us-gaap-2013-01-31.xsd#us-gaap_ShareBasedCompensationArrangementByShareBasedPaymentAwardOptionsGrantsInPeriod" xlink:label="loc_us-gaapShareBasedCompensationArrangementByShareBasedPaymentAwardOptionsGrantsInPeriod_70" />
      <link:definitionArc xlink:arcrole="http://xbrl.org/int/dim/arcrole/domain-member" xlink:from="loc_us-gaapStatementLineItems" xlink:to="loc_us-gaapShareBasedCompensationArrangementByShareBasedPaymentAwardOptionsGrantsInPeriod_70" xlink:type="arc" order="8" />
      <link:loc xlink:type="locator" xlink:href="http://xbrl.fasb.org/us-gaap/2013/elts/us-gaap-2013-01-31.xsd#us-gaap_StockIssuedDuringPeriodSharesShareBasedCompensation" xlink:label="loc_us-gaapStockIssuedDuringPeriodSharesShareBasedCompensation_70" />
      <link:definitionArc xlink:arcrole="http://xbrl.org/int/dim/arcrole/domain-member" xlink:from="loc_us-gaapStatementLineItems" xlink:to="loc_us-gaapStockIssuedDuringPeriodSharesShareBasedCompensation_70" xlink:type="arc" order="9" />
      <link:loc xlink:type="locator" xlink:href="http://xbrl.fasb.org/us-gaap/2013/elts/us-gaap-2013-01-31.xsd#us-gaap_AdjustmentsToAdditionalPaidInCapitalStockIssuedIssuanceCosts" xlink:label="loc_us-gaapAdjustmentsToAdditionalPaidInCapitalStockIssuedIssuanceCosts_70" />
      <link:definitionArc xlink:arcrole="http://xbrl.org/int/dim/arcrole/domain-member" xlink:from="loc_us-gaapStatementLineItems" xlink:to="loc_us-gaapAdjustmentsToAdditionalPaidInCapitalStockIssuedIssuanceCosts_70" xlink:type="arc" order="10" />
      <link:loc xlink:type="locator" xlink:href="http://xbrl.fasb.org/us-gaap/2013/elts/us-gaap-2013-01-31.xsd#us-gaap_Dividends" xlink:label="loc_us-gaapDividends_70" />
      <link:definitionArc xlink:arcrole="http://xbrl.org/int/dim/arcrole/domain-member" xlink:from="loc_us-gaapStatementLineItems" xlink:to="loc_us-gaapDividends_70" xlink:type="arc" order="11" />
      <link:loc xlink:type="locator" xlink:href="http://xbrl.fasb.org/us-gaap/2013/elts/us-gaap-2013-01-31.xsd#us-gaap_StockIssuedDuringPeriodValueDividendReinvestmentPlan" xlink:label="loc_us-gaapStockIssuedDuringPeriodValueDividendReinvestmentPlan_70" />
      <link:definitionArc xlink:arcrole="http://xbrl.org/int/dim/arcrole/domain-member" xlink:from="loc_us-gaapStatementLineItems" xlink:to="loc_us-gaapStockIssuedDuringPeriodValueDividendReinvestmentPlan_70" xlink:type="arc" order="12" />
      <link:loc xlink:type="locator" xlink:href="http://xbrl.fasb.org/us-gaap/2013/elts/us-gaap-2013-01-31.xsd#us-gaap_StockIssuedDuringPeriodSharesDividendReinvestmentPlan" xlink:label="loc_us-gaapStockIssuedDuringPeriodSharesDividendReinvestmentPlan_70" />
      <link:definitionArc xlink:arcrole="http://xbrl.org/int/dim/arcrole/domain-member" xlink:from="loc_us-gaapStatementLineItems" xlink:to="loc_us-gaapStockIssuedDuringPeriodSharesDividendReinvestmentPlan_70" xlink:type="arc" order="13" />
      <link:loc xlink:type="locator" xlink:href="http://xbrl.fasb.org/us-gaap/2013/elts/us-gaap-2013-01-31.xsd#us-gaap_ProfitLoss" xlink:label="loc_us-gaapProfitLoss_70" />
      <link:definitionArc xlink:arcrole="http://xbrl.org/int/dim/arcrole/domain-member" xlink:from="loc_us-gaapStatementLineItems" xlink:to="loc_us-gaapProfitLoss_70" xlink:type="arc" order="14" />
    </link:definitionLink>
    <link:definitionLink xlink:type="extended" xlink:role="http://unitedrealtytrust.com/role/ConsolidatedStatementOfCashFlow" xlink:title="0006 - Statement - CONSOLIDATED STATEMENT OF CASH FLOW (Unaudited)" />
    <link:definitionLink xlink:type="extended" xlink:role="http://unitedrealtytrust.com/role/Organization" xlink:title="0007 - Disclosure - Organization" />
    <link:definitionLink xlink:type="extended" xlink:role="http://unitedrealtytrust.com/role/SummaryOfSignificantAccountingPolicies" xlink:title="0008 - Disclosure - Summary of Significant Accounting Policies" />
    <link:definitionLink xlink:type="extended" xlink:role="http://unitedrealtytrust.com/role/RealEstateInvestments" xlink:title="0009 - Disclosure - Real Estate Investments" />
    <link:definitionLink xlink:type="extended" xlink:role="http://unitedrealtytrust.com/role/MortgageNotesPayable" xlink:title="0010 - Disclosure - Mortgage Notes Payable" />
    <link:definitionLink xlink:type="extended" xlink:role="http://unitedrealtytrust.com/role/Capitalization" xlink:title="0011 - Disclosure - Capitalization" />
    <link:definitionLink xlink:type="extended" xlink:role="http://unitedrealtytrust.com/role/StockIncentivePlan" xlink:title="0012 - Disclosure - Stock Incentive Plan" />
    <link:definitionLink xlink:type="extended" xlink:role="http://unitedrealtytrust.com/role/RelatedPartyArrangements" xlink:title="0013 - Disclosure - Related Party Arrangements" />
    <link:definitionLink xlink:type="extended" xlink:role="http://unitedrealtytrust.com/role/DealerManager" xlink:title="0014 - Disclosure - Dealer Manager" />
    <link:definitionLink xlink:type="extended" xlink:role="http://unitedrealtytrust.com/role/Distributions" xlink:title="0015 - Disclosure - Distributions" />
    <link:definitionLink xlink:type="extended" xlink:role="http://unitedrealtytrust.com/role/EconomicDependency" xlink:title="0016 - Disclosure - Economic Dependency" />
    <link:definitionLink xlink:type="extended" xlink:role="http://unitedrealtytrust.com/role/SubsequentEvents" xlink:title="0017 - Disclosure - Subsequent Events" />
    <link:definitionLink xlink:type="extended" xlink:role="http://unitedrealtytrust.com/role/SummaryOfSignificantAccountingPoliciesPolicies" xlink:title="0018 - Disclosure - Summary of Significant Accounting Policies (Policies)" />
    <link:definitionLink xlink:type="extended" xlink:role="http://unitedrealtytrust.com/role/SummaryOfSignificantAccountingPoliciesTables" xlink:title="0019 - Disclosure - Summary of Significant Accounting Policies (Tables)" />
    <link:definitionLink xlink:type="extended" xlink:role="http://unitedrealtytrust.com/role/RealEstateInvestmentsTables" xlink:title="0020 - Disclosure - Real Estate Investments (Tables)" />
    <link:definitionLink xlink:type="extended" xlink:role="http://unitedrealtytrust.com/role/MortgageNotesPayableTables" xlink:title="0021 - Disclosure - Mortgage Notes Payable (Tables)" />
    <link:definitionLink xlink:type="extended" xlink:role="http://unitedrealtytrust.com/role/RelatedPartyArrangementsTables" xlink:title="0022 - Disclosure - Related Party Arrangements (Tables)" />
    <link:definitionLink xlink:type="extended" xlink:role="http://unitedrealtytrust.com/role/OrganizationDetailsNarrative" xlink:title="0023 - Disclosure - Organization (Details Narrative)">
      <link:loc xlink:type="locator" xlink:href="http://xbrl.fasb.org/us-gaap/2013/elts/us-gaap-2013-01-31.xsd#us-gaap_StatementLineItems" xlink:label="loc_us-gaapStatementLineItems" />
      <link:loc xlink:type="locator" xlink:href="http://xbrl.fasb.org/us-gaap/2013/elts/us-gaap-2013-01-31.xsd#us-gaap_StatementTable" xlink:label="loc_us-gaapStatementTable" />
      <link:definitionArc xlink:arcrole="http://xbrl.org/int/dim/arcrole/all" xbrldt:contextElement="segment" xlink:from="loc_us-gaapStatementLineItems" xlink:to="loc_us-gaapStatementTable" xlink:type="arc" order="10" xbrldt:closed="true" />
      <link:loc xlink:type="locator" xlink:href="http://xbrl.fasb.org/us-gaap/2013/elts/us-gaap-2013-01-31.xsd#us-gaap_StatementClassOfStockAxis" xlink:label="loc_us-gaapStatementClassOfStockAxis" />
      <link:definitionArc xlink:arcrole="http://xbrl.org/int/dim/arcrole/hypercube-dimension" xlink:from="loc_us-gaapStatementTable" xlink:to="loc_us-gaapStatementClassOfStockAxis" xlink:type="arc" order="1" />
      <link:loc xlink:type="locator" xlink:href="http://xbrl.fasb.org/us-gaap/2013/elts/us-gaap-2013-01-31.xsd#us-gaap_ClassOfStockDomain" xlink:label="loc_us-gaapClassOfStockDomain" />
      <link:definitionArc xlink:arcrole="http://xbrl.org/int/dim/arcrole/dimension-domain" xlink:from="loc_us-gaapStatementClassOfStockAxis" xlink:to="loc_us-gaapClassOfStockDomain" xlink:type="arc" order="20" />
      <link:loc xlink:type="locator" xlink:href="http://xbrl.fasb.org/us-gaap/2013/elts/us-gaap-2013-01-31.xsd#us-gaap_ClassOfStockDomain" xlink:label="loc_us-gaapClassOfStockDomain_10" />
      <link:definitionArc xlink:arcrole="http://xbrl.org/int/dim/arcrole/dimension-default" xbrldt:contextElement="segment" xlink:from="loc_us-gaapStatementClassOfStockAxis" xlink:to="loc_us-gaapClassOfStockDomain_10" xlink:type="arc" order="30" />
      <link:loc xlink:type="locator" xlink:href="http://xbrl.fasb.org/us-gaap/2013/elts/us-gaap-2013-01-31.xsd#us-gaap_PreferredStockMember" xlink:label="loc_us-gaapPreferredStockMember_10" />
      <link:definitionArc xlink:arcrole="http://xbrl.org/int/dim/arcrole/domain-member" xlink:from="loc_us-gaapClassOfStockDomain" xlink:to="loc_us-gaapPreferredStockMember_10" xlink:type="arc" order="11" />
      <link:loc xlink:type="locator" xlink:href="http://xbrl.fasb.org/us-gaap/2013/elts/us-gaap-2013-01-31.xsd#us-gaap_RelatedPartyTransactionsByRelatedPartyAxis" xlink:label="loc_us-gaapRelatedPartyTransactionsByRelatedPartyAxis" />
      <link:definitionArc xlink:arcrole="http://xbrl.org/int/dim/arcrole/hypercube-dimension" xlink:from="loc_us-gaapStatementTable" xlink:to="loc_us-gaapRelatedPartyTransactionsByRelatedPartyAxis" xlink:type="arc" order="2" />
      <link:loc xlink:type="locator" xlink:href="http://xbrl.fasb.org/us-gaap/2013/elts/us-gaap-2013-01-31.xsd#us-gaap_RelatedPartyDomain" xlink:label="loc_us-gaapRelatedPartyDomain" />
      <link:definitionArc xlink:arcrole="http://xbrl.org/int/dim/arcrole/dimension-domain" xlink:from="loc_us-gaapRelatedPartyTransactionsByRelatedPartyAxis" xlink:to="loc_us-gaapRelatedPartyDomain" xlink:type="arc" order="20" />
      <link:loc xlink:type="locator" xlink:href="http://xbrl.fasb.org/us-gaap/2013/elts/us-gaap-2013-01-31.xsd#us-gaap_RelatedPartyDomain" xlink:label="loc_us-gaapRelatedPartyDomain_10" />
      <link:definitionArc xlink:arcrole="http://xbrl.org/int/dim/arcrole/dimension-default" xbrldt:contextElement="segment" xlink:from="loc_us-gaapRelatedPartyTransactionsByRelatedPartyAxis" xlink:to="loc_us-gaapRelatedPartyDomain_10" xlink:type="arc" order="30" />
      <link:loc xlink:type="locator" xlink:href="urt-20130630.xsd#urt_UnitedRealtyAdvisorHoldingsLLCMember" xlink:label="loc_urtUnitedRealtyAdvisorHoldingsLLCMember_10" />
      <link:definitionArc xlink:arcrole="http://xbrl.org/int/dim/arcrole/domain-member" xlink:from="loc_us-gaapRelatedPartyDomain" xlink:to="loc_urtUnitedRealtyAdvisorHoldingsLLCMember_10" xlink:type="arc" order="12" />
      <link:loc xlink:type="locator" xlink:href="http://xbrl.fasb.org/us-gaap/2013/elts/us-gaap-2013-01-31.xsd#us-gaap_SubsidiarySaleOfStockAxis" xlink:label="loc_us-gaapSubsidiarySaleOfStockAxis" />
      <link:definitionArc xlink:arcrole="http://xbrl.org/int/dim/arcrole/hypercube-dimension" xlink:from="loc_us-gaapStatementTable" xlink:to="loc_us-gaapSubsidiarySaleOfStockAxis" xlink:type="arc" order="3" />
      <link:loc xlink:type="locator" xlink:href="http://xbrl.fasb.org/us-gaap/2013/elts/us-gaap-2013-01-31.xsd#us-gaap_SaleOfStockNameOfTransactionDomain" xlink:label="loc_us-gaapSaleOfStockNameOfTransactionDomain" />
      <link:definitionArc xlink:arcrole="http://xbrl.org/int/dim/arcrole/dimension-domain" xlink:from="loc_us-gaapSubsidiarySaleOfStockAxis" xlink:to="loc_us-gaapSaleOfStockNameOfTransactionDomain" xlink:type="arc" order="20" />
      <link:loc xlink:type="locator" xlink:href="http://xbrl.fasb.org/us-gaap/2013/elts/us-gaap-2013-01-31.xsd#us-gaap_SaleOfStockNameOfTransactionDomain" xlink:label="loc_us-gaapSaleOfStockNameOfTransactionDomain_10" />
      <link:definitionArc xlink:arcrole="http://xbrl.org/int/dim/arcrole/dimension-default" xbrldt:contextElement="segment" xlink:from="loc_us-gaapSubsidiarySaleOfStockAxis" xlink:to="loc_us-gaapSaleOfStockNameOfTransactionDomain_10" xlink:type="arc" order="30" />
      <link:loc xlink:type="locator" xlink:href="http://xbrl.fasb.org/us-gaap/2013/elts/us-gaap-2013-01-31.xsd#us-gaap_IPOMember" xlink:label="loc_us-gaapIPOMember_20" />
      <link:definitionArc xlink:arcrole="http://xbrl.org/int/dim/arcrole/domain-member" xlink:from="loc_us-gaapSaleOfStockNameOfTransactionDomain" xlink:to="loc_us-gaapIPOMember_20" xlink:type="arc" order="21" />
      <link:loc xlink:type="locator" xlink:href="urt-20130630.xsd#urt_DistributionReinvestmentProgramMember" xlink:label="loc_urtDistributionReinvestmentProgramMember_30" />
      <link:definitionArc xlink:arcrole="http://xbrl.org/int/dim/arcrole/domain-member" xlink:from="loc_us-gaapSaleOfStockNameOfTransactionDomain" xlink:to="loc_urtDistributionReinvestmentProgramMember_30" xlink:type="arc" order="31" />
      <link:loc xlink:type="locator" xlink:href="http://xbrl.fasb.org/us-gaap/2013/elts/us-gaap-2013-01-31.xsd#us-gaap_CommonStockParOrStatedValuePerShare" xlink:label="loc_us-gaapCommonStockParOrStatedValuePerShare_50" />
      <link:definitionArc xlink:arcrole="http://xbrl.org/int/dim/arcrole/domain-member" xlink:from="loc_us-gaapStatementLineItems" xlink:to="loc_us-gaapCommonStockParOrStatedValuePerShare_50" xlink:type="arc" order="0" />
      <link:loc xlink:type="locator" xlink:href="http://xbrl.fasb.org/us-gaap/2013/elts/us-gaap-2013-01-31.xsd#us-gaap_StockIssuedDuringPeriodValueNewIssues" xlink:label="loc_us-gaapStockIssuedDuringPeriodValueNewIssues_50" />
      <link:definitionArc xlink:arcrole="http://xbrl.org/int/dim/arcrole/domain-member" xlink:from="loc_us-gaapStatementLineItems" xlink:to="loc_us-gaapStockIssuedDuringPeriodValueNewIssues_50" xlink:type="arc" order="1" />
      <link:loc xlink:type="locator" xlink:href="http://xbrl.fasb.org/us-gaap/2013/elts/us-gaap-2013-01-31.xsd#us-gaap_StockIssuedDuringPeriodSharesNewIssues" xlink:label="loc_us-gaapStockIssuedDuringPeriodSharesNewIssues_50" />
      <link:definitionArc xlink:arcrole="http://xbrl.org/int/dim/arcrole/domain-member" xlink:from="loc_us-gaapStatementLineItems" xlink:to="loc_us-gaapStockIssuedDuringPeriodSharesNewIssues_50" xlink:type="arc" order="2" />
      <link:loc xlink:type="locator" xlink:href="http://xbrl.fasb.org/us-gaap/2013/elts/us-gaap-2013-01-31.xsd#us-gaap_CommonStockSharesAuthorized" xlink:label="loc_us-gaapCommonStockSharesAuthorized_50" />
      <link:definitionArc xlink:arcrole="http://xbrl.org/int/dim/arcrole/domain-member" xlink:from="loc_us-gaapStatementLineItems" xlink:to="loc_us-gaapCommonStockSharesAuthorized_50" xlink:type="arc" order="3" />
    </link:definitionLink>
    <link:definitionLink xlink:type="extended" xlink:role="http://unitedrealtytrust.com/role/SummaryOfSignificantAccountingPoliciesDetailsNarrative" xlink:title="0024 - Disclosure - Summary of Significant Accounting Policies (Details Narrative)">
      <link:loc xlink:type="locator" xlink:href="http://xbrl.fasb.org/us-gaap/2013/elts/us-gaap-2013-01-31.xsd#us-gaap_PropertyPlantAndEquipmentLineItems" xlink:label="loc_us-gaapPropertyPlantAndEquipmentLineItems" />
      <link:loc xlink:type="locator" xlink:href="http://xbrl.fasb.org/us-gaap/2013/elts/us-gaap-2013-01-31.xsd#us-gaap_ScheduleOfPropertyPlantAndEquipmentTable" xlink:label="loc_us-gaapScheduleOfPropertyPlantAndEquipmentTable" />
      <link:definitionArc xlink:arcrole="http://xbrl.org/int/dim/arcrole/all" xbrldt:contextElement="segment" xlink:from="loc_us-gaapPropertyPlantAndEquipmentLineItems" xlink:to="loc_us-gaapScheduleOfPropertyPlantAndEquipmentTable" xlink:type="arc" order="10" xbrldt:closed="true" />
      <link:loc xlink:type="locator" xlink:href="http://xbrl.fasb.org/us-gaap/2013/elts/us-gaap-2013-01-31.xsd#us-gaap_PropertyPlantAndEquipmentByTypeAxis" xlink:label="loc_us-gaapPropertyPlantAndEquipmentByTypeAxis" />
      <link:definitionArc xlink:arcrole="http://xbrl.org/int/dim/arcrole/hypercube-dimension" xlink:from="loc_us-gaapScheduleOfPropertyPlantAndEquipmentTable" xlink:to="loc_us-gaapPropertyPlantAndEquipmentByTypeAxis" xlink:type="arc" order="1" />
      <link:loc xlink:type="locator" xlink:href="http://xbrl.fasb.org/us-gaap/2013/elts/us-gaap-2013-01-31.xsd#us-gaap_PropertyPlantAndEquipmentTypeDomain" xlink:label="loc_us-gaapPropertyPlantAndEquipmentTypeDomain" />
      <link:definitionArc xlink:arcrole="http://xbrl.org/int/dim/arcrole/dimension-domain" xlink:from="loc_us-gaapPropertyPlantAndEquipmentByTypeAxis" xlink:to="loc_us-gaapPropertyPlantAndEquipmentTypeDomain" xlink:type="arc" order="20" />
      <link:loc xlink:type="locator" xlink:href="http://xbrl.fasb.org/us-gaap/2013/elts/us-gaap-2013-01-31.xsd#us-gaap_PropertyPlantAndEquipmentTypeDomain" xlink:label="loc_us-gaapPropertyPlantAndEquipmentTypeDomain_10" />
      <link:definitionArc xlink:arcrole="http://xbrl.org/int/dim/arcrole/dimension-default" xbrldt:contextElement="segment" xlink:from="loc_us-gaapPropertyPlantAndEquipmentByTypeAxis" xlink:to="loc_us-gaapPropertyPlantAndEquipmentTypeDomain_10" xlink:type="arc" order="30" />
      <link:loc xlink:type="locator" xlink:href="http://xbrl.fasb.org/us-gaap/2013/elts/us-gaap-2013-01-31.xsd#us-gaap_LandImprovementsMember" xlink:label="loc_us-gaapLandImprovementsMember_0" />
      <link:definitionArc xlink:arcrole="http://xbrl.org/int/dim/arcrole/domain-member" xlink:from="loc_us-gaapPropertyPlantAndEquipmentTypeDomain" xlink:to="loc_us-gaapLandImprovementsMember_0" xlink:type="arc" order="1" />
      <link:loc xlink:type="locator" xlink:href="http://xbrl.fasb.org/us-gaap/2013/elts/us-gaap-2013-01-31.xsd#us-gaap_BuildingAndBuildingImprovementsMember" xlink:label="loc_us-gaapBuildingAndBuildingImprovementsMember_10" />
      <link:definitionArc xlink:arcrole="http://xbrl.org/int/dim/arcrole/domain-member" xlink:from="loc_us-gaapPropertyPlantAndEquipmentTypeDomain" xlink:to="loc_us-gaapBuildingAndBuildingImprovementsMember_10" xlink:type="arc" order="11" />
      <link:loc xlink:type="locator" xlink:href="http://xbrl.fasb.org/us-gaap/2013/elts/us-gaap-2013-01-31.xsd#us-gaap_FurnitureAndFixturesMember" xlink:label="loc_us-gaapFurnitureAndFixturesMember_20" />
      <link:definitionArc xlink:arcrole="http://xbrl.org/int/dim/arcrole/domain-member" xlink:from="loc_us-gaapPropertyPlantAndEquipmentTypeDomain" xlink:to="loc_us-gaapFurnitureAndFixturesMember_20" xlink:type="arc" order="21" />
      <link:loc xlink:type="locator" xlink:href="http://xbrl.fasb.org/us-gaap/2013/elts/us-gaap-2013-01-31.xsd#us-gaap_RangeAxis" xlink:label="loc_us-gaapRangeAxis" />
      <link:definitionArc xlink:arcrole="http://xbrl.org/int/dim/arcrole/hypercube-dimension" xlink:from="loc_us-gaapScheduleOfPropertyPlantAndEquipmentTable" xlink:to="loc_us-gaapRangeAxis" xlink:type="arc" order="2" />
      <link:loc xlink:type="locator" xlink:href="http://xbrl.fasb.org/us-gaap/2013/elts/us-gaap-2013-01-31.xsd#us-gaap_RangeMember" xlink:label="loc_us-gaapRangeMember" />
      <link:definitionArc xlink:arcrole="http://xbrl.org/int/dim/arcrole/dimension-domain" xlink:from="loc_us-gaapRangeAxis" xlink:to="loc_us-gaapRangeMember" xlink:type="arc" order="20" />
      <link:loc xlink:type="locator" xlink:href="http://xbrl.fasb.org/us-gaap/2013/elts/us-gaap-2013-01-31.xsd#us-gaap_RangeMember" xlink:label="loc_us-gaapRangeMember_10" />
      <link:definitionArc xlink:arcrole="http://xbrl.org/int/dim/arcrole/dimension-default" xbrldt:contextElement="segment" xlink:from="loc_us-gaapRangeAxis" xlink:to="loc_us-gaapRangeMember_10" xlink:type="arc" order="30" />
      <link:loc xlink:type="locator" xlink:href="http://xbrl.fasb.org/us-gaap/2013/elts/us-gaap-2013-01-31.xsd#us-gaap_MaximumMember" xlink:label="loc_us-gaapMaximumMember_10" />
      <link:definitionArc xlink:arcrole="http://xbrl.org/int/dim/arcrole/domain-member" xlink:from="loc_us-gaapRangeMember" xlink:to="loc_us-gaapMaximumMember_10" xlink:type="arc" order="12" />
      <link:loc xlink:type="locator" xlink:href="http://xbrl.fasb.org/us-gaap/2013/elts/us-gaap-2013-01-31.xsd#us-gaap_MinimumMember" xlink:label="loc_us-gaapMinimumMember_30" />
      <link:definitionArc xlink:arcrole="http://xbrl.org/int/dim/arcrole/domain-member" xlink:from="loc_us-gaapRangeMember" xlink:to="loc_us-gaapMinimumMember_30" xlink:type="arc" order="32" />
      <link:loc xlink:type="locator" xlink:href="http://xbrl.fasb.org/us-gaap/2013/elts/us-gaap-2013-01-31.xsd#us-gaap_PropertyPlantAndEquipmentUsefulLife" xlink:label="loc_us-gaapPropertyPlantAndEquipmentUsefulLife_90" />
      <link:definitionArc xlink:arcrole="http://xbrl.org/int/dim/arcrole/domain-member" xlink:from="loc_us-gaapPropertyPlantAndEquipmentLineItems" xlink:to="loc_us-gaapPropertyPlantAndEquipmentUsefulLife_90" xlink:type="arc" order="1" />
      <link:loc xlink:type="locator" xlink:href="http://xbrl.fasb.org/us-gaap/2013/elts/us-gaap-2013-01-31.xsd#us-gaap_DeferredCosts" xlink:label="loc_us-gaapDeferredCosts_90" />
      <link:definitionArc xlink:arcrole="http://xbrl.org/int/dim/arcrole/domain-member" xlink:from="loc_us-gaapPropertyPlantAndEquipmentLineItems" xlink:to="loc_us-gaapDeferredCosts_90" xlink:type="arc" order="2" />
      <link:loc xlink:type="locator" xlink:href="urt-20130630.xsd#urt_MaximumPercentageOfOrganizationAndOfferingCostReimburse" xlink:label="loc_urtMaximumPercentageOfOrganizationAndOfferingCostReimburse_90" />
      <link:definitionArc xlink:arcrole="http://xbrl.org/int/dim/arcrole/domain-member" xlink:from="loc_us-gaapPropertyPlantAndEquipmentLineItems" xlink:to="loc_urtMaximumPercentageOfOrganizationAndOfferingCostReimburse_90" xlink:type="arc" order="3" />
      <link:loc xlink:type="locator" xlink:href="urt-20130630.xsd#urt_PaymentOfOfferingCosts" xlink:label="loc_urtPaymentOfOfferingCosts_90" />
      <link:definitionArc xlink:arcrole="http://xbrl.org/int/dim/arcrole/domain-member" xlink:from="loc_us-gaapPropertyPlantAndEquipmentLineItems" xlink:to="loc_urtPaymentOfOfferingCosts_90" xlink:type="arc" order="4" />
      <link:loc xlink:type="locator" xlink:href="http://xbrl.fasb.org/us-gaap/2013/elts/us-gaap-2013-01-31.xsd#us-gaap_DeferredOfferingCosts" xlink:label="loc_us-gaapDeferredOfferingCosts_90" />
      <link:definitionArc xlink:arcrole="http://xbrl.org/int/dim/arcrole/domain-member" xlink:from="loc_us-gaapPropertyPlantAndEquipmentLineItems" xlink:to="loc_us-gaapDeferredOfferingCosts_90" xlink:type="arc" order="5" />
    </link:definitionLink>
    <link:definitionLink xlink:type="extended" xlink:role="http://unitedrealtytrust.com/role/SummaryOfSignificantAccountingPoliciesDetails" xlink:title="0025 - Disclosure - Summary of Significant Accounting Policies (Details)" />
    <link:definitionLink xlink:type="extended" xlink:role="http://unitedrealtytrust.com/role/SummaryOfSignificantAccountingPoliciesDetails1" xlink:title="0026 - Disclosure - Summary of Significant Accounting Policies (Details 1)" />
    <link:definitionLink xlink:type="extended" xlink:role="http://unitedrealtytrust.com/role/RealEstateInvestmentsDetailsNarrative" xlink:title="0027 - Disclosure - Real Estate Investments (Details Narrative)">
      <link:loc xlink:type="locator" xlink:href="http://xbrl.fasb.org/us-gaap/2013/elts/us-gaap-2013-01-31.xsd#us-gaap_BusinessAcquisitionLineItems" xlink:label="loc_us-gaapBusinessAcquisitionLineItems" />
      <link:loc xlink:type="locator" xlink:href="http://xbrl.fasb.org/us-gaap/2013/elts/us-gaap-2013-01-31.xsd#us-gaap_ScheduleOfBusinessAcquisitionsByAcquisitionTable" xlink:label="loc_us-gaapScheduleOfBusinessAcquisitionsByAcquisitionTable" />
      <link:definitionArc xlink:arcrole="http://xbrl.org/int/dim/arcrole/all" xbrldt:contextElement="segment" xlink:from="loc_us-gaapBusinessAcquisitionLineItems" xlink:to="loc_us-gaapScheduleOfBusinessAcquisitionsByAcquisitionTable" xlink:type="arc" order="10" xbrldt:closed="true" />
      <link:loc xlink:type="locator" xlink:href="http://xbrl.fasb.org/us-gaap/2013/elts/us-gaap-2013-01-31.xsd#us-gaap_BusinessAcquisitionAxis" xlink:label="loc_us-gaapBusinessAcquisitionAxis" />
      <link:definitionArc xlink:arcrole="http://xbrl.org/int/dim/arcrole/hypercube-dimension" xlink:from="loc_us-gaapScheduleOfBusinessAcquisitionsByAcquisitionTable" xlink:to="loc_us-gaapBusinessAcquisitionAxis" xlink:type="arc" order="1" />
      <link:loc xlink:type="locator" xlink:href="http://xbrl.fasb.org/us-gaap/2013/elts/us-gaap-2013-01-31.xsd#us-gaap_BusinessAcquisitionAcquireeDomain" xlink:label="loc_us-gaapBusinessAcquisitionAcquireeDomain" />
      <link:definitionArc xlink:arcrole="http://xbrl.org/int/dim/arcrole/dimension-domain" xlink:from="loc_us-gaapBusinessAcquisitionAxis" xlink:to="loc_us-gaapBusinessAcquisitionAcquireeDomain" xlink:type="arc" order="20" />
      <link:loc xlink:type="locator" xlink:href="http://xbrl.fasb.org/us-gaap/2013/elts/us-gaap-2013-01-31.xsd#us-gaap_BusinessAcquisitionAcquireeDomain" xlink:label="loc_us-gaapBusinessAcquisitionAcquireeDomain_10" />
      <link:definitionArc xlink:arcrole="http://xbrl.org/int/dim/arcrole/dimension-default" xbrldt:contextElement="segment" xlink:from="loc_us-gaapBusinessAcquisitionAxis" xlink:to="loc_us-gaapBusinessAcquisitionAcquireeDomain_10" xlink:type="arc" order="30" />
      <link:loc xlink:type="locator" xlink:href="urt-20130630.xsd#urt_TildenHouseMember" xlink:label="loc_urtTildenHouseMember_0" />
      <link:definitionArc xlink:arcrole="http://xbrl.org/int/dim/arcrole/domain-member" xlink:from="loc_us-gaapBusinessAcquisitionAcquireeDomain" xlink:to="loc_urtTildenHouseMember_0" xlink:type="arc" order="1" />
      <link:loc xlink:type="locator" xlink:href="http://xbrl.fasb.org/us-gaap/2013/elts/us-gaap-2013-01-31.xsd#us-gaap_BusinessCombinationConsiderationTransferred1" xlink:label="loc_us-gaapBusinessCombinationConsiderationTransferred1_40" />
      <link:definitionArc xlink:arcrole="http://xbrl.org/int/dim/arcrole/domain-member" xlink:from="loc_us-gaapBusinessAcquisitionLineItems" xlink:to="loc_us-gaapBusinessCombinationConsiderationTransferred1_40" xlink:type="arc" order="0" />
      <link:loc xlink:type="locator" xlink:href="http://xbrl.fasb.org/us-gaap/2013/elts/us-gaap-2013-01-31.xsd#us-gaap_BusinessCombinationRecognizedIdentifiableAssetsAcquiredAndLiabilitiesAssumedNoncurrentLiabilitiesLongTermDebt" xlink:label="loc_us-gaapBusinessCombinationRecognizedIdentifiableAssetsAcquiredAndLiabilitiesAssumedNoncurrentLiabilitiesLongTermDebt_40" />
      <link:definitionArc xlink:arcrole="http://xbrl.org/int/dim/arcrole/domain-member" xlink:from="loc_us-gaapBusinessAcquisitionLineItems" xlink:to="loc_us-gaapBusinessCombinationRecognizedIdentifiableAssetsAcquiredAndLiabilitiesAssumedNoncurrentLiabilitiesLongTermDebt_40" xlink:type="arc" order="1" />
      <link:loc xlink:type="locator" xlink:href="http://xbrl.fasb.org/us-gaap/2013/elts/us-gaap-2013-01-31.xsd#us-gaap_BusinessCombinationConsiderationTransferredEquityInterestsIssuedAndIssuable" xlink:label="loc_us-gaapBusinessCombinationConsiderationTransferredEquityInterestsIssuedAndIssuable_40" />
      <link:definitionArc xlink:arcrole="http://xbrl.org/int/dim/arcrole/domain-member" xlink:from="loc_us-gaapBusinessAcquisitionLineItems" xlink:to="loc_us-gaapBusinessCombinationConsiderationTransferredEquityInterestsIssuedAndIssuable_40" xlink:type="arc" order="2" />
      <link:loc xlink:type="locator" xlink:href="urt-20130630.xsd#urt_BusinessCombinationConsiderationPublicOfferingAmountAndBrokerageCommissionsAndClosingCosts" xlink:label="loc_urtBusinessCombinationConsiderationPublicOfferingAmountAndBrokerageCommissionsAndClosingCosts_40" />
      <link:definitionArc xlink:arcrole="http://xbrl.org/int/dim/arcrole/domain-member" xlink:from="loc_us-gaapBusinessAcquisitionLineItems" xlink:to="loc_urtBusinessCombinationConsiderationPublicOfferingAmountAndBrokerageCommissionsAndClosingCosts_40" xlink:type="arc" order="3" />
      <link:loc xlink:type="locator" xlink:href="http://xbrl.fasb.org/us-gaap/2013/elts/us-gaap-2013-01-31.xsd#us-gaap_BusinessAcquisitionCostOfAcquiredEntityTransactionCosts" xlink:label="loc_us-gaapBusinessAcquisitionCostOfAcquiredEntityTransactionCosts_40" />
      <link:definitionArc xlink:arcrole="http://xbrl.org/int/dim/arcrole/domain-member" xlink:from="loc_us-gaapBusinessAcquisitionLineItems" xlink:to="loc_us-gaapBusinessAcquisitionCostOfAcquiredEntityTransactionCosts_40" xlink:type="arc" order="4" />
      <link:loc xlink:type="locator" xlink:href="urt-20130630.xsd#urt_NumberOfApartments" xlink:label="loc_urtNumberOfApartments_40" />
      <link:definitionArc xlink:arcrole="http://xbrl.org/int/dim/arcrole/domain-member" xlink:from="loc_us-gaapBusinessAcquisitionLineItems" xlink:to="loc_urtNumberOfApartments_40" xlink:type="arc" order="5" />
    </link:definitionLink>
    <link:definitionLink xlink:type="extended" xlink:role="http://unitedrealtytrust.com/role/RealEstateInvestmentsDetailsNarrative1" xlink:title="0028 - Disclosure - Real Estate Investments (Details Narrative 1)">
      <link:loc xlink:type="locator" xlink:href="http://xbrl.fasb.org/us-gaap/2013/elts/us-gaap-2013-01-31.xsd#us-gaap_AccountsNotesAndLoansReceivableLineItems" xlink:label="loc_us-gaapAccountsNotesAndLoansReceivableLineItems" />
      <link:loc xlink:type="locator" xlink:href="http://xbrl.fasb.org/us-gaap/2013/elts/us-gaap-2013-01-31.xsd#us-gaap_ScheduleOfAccountsNotesLoansAndFinancingReceivableTable" xlink:label="loc_us-gaapScheduleOfAccountsNotesLoansAndFinancingReceivableTable" />
      <link:definitionArc xlink:arcrole="http://xbrl.org/int/dim/arcrole/all" xbrldt:contextElement="segment" xlink:from="loc_us-gaapAccountsNotesAndLoansReceivableLineItems" xlink:to="loc_us-gaapScheduleOfAccountsNotesLoansAndFinancingReceivableTable" xlink:type="arc" order="10" xbrldt:closed="true" />
      <link:loc xlink:type="locator" xlink:href="http://xbrl.fasb.org/us-gaap/2013/elts/us-gaap-2013-01-31.xsd#us-gaap_AccountsNotesLoansAndFinancingReceivableByReceivableTypeAxis" xlink:label="loc_us-gaapAccountsNotesLoansAndFinancingReceivableByReceivableTypeAxis" />
      <link:definitionArc xlink:arcrole="http://xbrl.org/int/dim/arcrole/hypercube-dimension" xlink:from="loc_us-gaapScheduleOfAccountsNotesLoansAndFinancingReceivableTable" xlink:to="loc_us-gaapAccountsNotesLoansAndFinancingReceivableByReceivableTypeAxis" xlink:type="arc" order="1" />
      <link:loc xlink:type="locator" xlink:href="http://xbrl.fasb.org/us-gaap/2013/elts/us-gaap-2013-01-31.xsd#us-gaap_ReceivableTypeDomain" xlink:label="loc_us-gaapReceivableTypeDomain" />
      <link:definitionArc xlink:arcrole="http://xbrl.org/int/dim/arcrole/dimension-domain" xlink:from="loc_us-gaapAccountsNotesLoansAndFinancingReceivableByReceivableTypeAxis" xlink:to="loc_us-gaapReceivableTypeDomain" xlink:type="arc" order="20" />
      <link:loc xlink:type="locator" xlink:href="http://xbrl.fasb.org/us-gaap/2013/elts/us-gaap-2013-01-31.xsd#us-gaap_ReceivableTypeDomain" xlink:label="loc_us-gaapReceivableTypeDomain_10" />
      <link:definitionArc xlink:arcrole="http://xbrl.org/int/dim/arcrole/dimension-default" xbrldt:contextElement="segment" xlink:from="loc_us-gaapAccountsNotesLoansAndFinancingReceivableByReceivableTypeAxis" xlink:to="loc_us-gaapReceivableTypeDomain_10" xlink:type="arc" order="30" />
      <link:loc xlink:type="locator" xlink:href="http://xbrl.fasb.org/us-gaap/2013/elts/us-gaap-2013-01-31.xsd#us-gaap_MortgageReceivablesMember" xlink:label="loc_us-gaapMortgageReceivablesMember_0" />
      <link:definitionArc xlink:arcrole="http://xbrl.org/int/dim/arcrole/domain-member" xlink:from="loc_us-gaapReceivableTypeDomain" xlink:to="loc_us-gaapMortgageReceivablesMember_0" xlink:type="arc" order="1" />
      <link:loc xlink:type="locator" xlink:href="http://xbrl.fasb.org/us-gaap/2013/elts/us-gaap-2013-01-31.xsd#us-gaap_NotesReceivableMember" xlink:label="loc_us-gaapNotesReceivableMember_30" />
      <link:definitionArc xlink:arcrole="http://xbrl.org/int/dim/arcrole/domain-member" xlink:from="loc_us-gaapReceivableTypeDomain" xlink:to="loc_us-gaapNotesReceivableMember_30" xlink:type="arc" order="31" />
      <link:loc xlink:type="locator" xlink:href="http://xbrl.fasb.org/us-gaap/2013/elts/us-gaap-2013-01-31.xsd#us-gaap_RelatedPartyTransactionsByRelatedPartyAxis" xlink:label="loc_us-gaapRelatedPartyTransactionsByRelatedPartyAxis" />
      <link:definitionArc xlink:arcrole="http://xbrl.org/int/dim/arcrole/hypercube-dimension" xlink:from="loc_us-gaapScheduleOfAccountsNotesLoansAndFinancingReceivableTable" xlink:to="loc_us-gaapRelatedPartyTransactionsByRelatedPartyAxis" xlink:type="arc" order="2" />
      <link:loc xlink:type="locator" xlink:href="http://xbrl.fasb.org/us-gaap/2013/elts/us-gaap-2013-01-31.xsd#us-gaap_RelatedPartyDomain" xlink:label="loc_us-gaapRelatedPartyDomain" />
      <link:definitionArc xlink:arcrole="http://xbrl.org/int/dim/arcrole/dimension-domain" xlink:from="loc_us-gaapRelatedPartyTransactionsByRelatedPartyAxis" xlink:to="loc_us-gaapRelatedPartyDomain" xlink:type="arc" order="20" />
      <link:loc xlink:type="locator" xlink:href="http://xbrl.fasb.org/us-gaap/2013/elts/us-gaap-2013-01-31.xsd#us-gaap_RelatedPartyDomain" xlink:label="loc_us-gaapRelatedPartyDomain_10" />
      <link:definitionArc xlink:arcrole="http://xbrl.org/int/dim/arcrole/dimension-default" xbrldt:contextElement="segment" xlink:from="loc_us-gaapRelatedPartyTransactionsByRelatedPartyAxis" xlink:to="loc_us-gaapRelatedPartyDomain_10" xlink:type="arc" order="30" />
      <link:loc xlink:type="locator" xlink:href="http://xbrl.fasb.org/us-gaap/2013/elts/us-gaap-2013-01-31.xsd#us-gaap_AffiliatedEntityMember" xlink:label="loc_us-gaapAffiliatedEntityMember_10" />
      <link:definitionArc xlink:arcrole="http://xbrl.org/int/dim/arcrole/domain-member" xlink:from="loc_us-gaapRelatedPartyDomain" xlink:to="loc_us-gaapAffiliatedEntityMember_10" xlink:type="arc" order="12" />
      <link:loc xlink:type="locator" xlink:href="http://xbrl.fasb.org/us-gaap/2013/elts/us-gaap-2013-01-31.xsd#us-gaap_EquityMethodInvestmentOwnershipPercentage" xlink:label="loc_us-gaapEquityMethodInvestmentOwnershipPercentage_60" />
      <link:definitionArc xlink:arcrole="http://xbrl.org/int/dim/arcrole/domain-member" xlink:from="loc_us-gaapAccountsNotesAndLoansReceivableLineItems" xlink:to="loc_us-gaapEquityMethodInvestmentOwnershipPercentage_60" xlink:type="arc" order="1" />
      <link:loc xlink:type="locator" xlink:href="http://xbrl.fasb.org/us-gaap/2013/elts/us-gaap-2013-01-31.xsd#us-gaap_RealEstateInvestmentsJointVentures" xlink:label="loc_us-gaapRealEstateInvestmentsJointVentures_60" />
      <link:definitionArc xlink:arcrole="http://xbrl.org/int/dim/arcrole/domain-member" xlink:from="loc_us-gaapAccountsNotesAndLoansReceivableLineItems" xlink:to="loc_us-gaapRealEstateInvestmentsJointVentures_60" xlink:type="arc" order="2" />
      <link:loc xlink:type="locator" xlink:href="http://xbrl.fasb.org/us-gaap/2013/elts/us-gaap-2013-01-31.xsd#us-gaap_NotesReceivableNet" xlink:label="loc_us-gaapNotesReceivableNet_60" />
      <link:definitionArc xlink:arcrole="http://xbrl.org/int/dim/arcrole/domain-member" xlink:from="loc_us-gaapAccountsNotesAndLoansReceivableLineItems" xlink:to="loc_us-gaapNotesReceivableNet_60" xlink:type="arc" order="3" />
    </link:definitionLink>
    <link:definitionLink xlink:type="extended" xlink:role="http://unitedrealtytrust.com/role/RealEstateInvestmentsDetails" xlink:title="0029 - Disclosure - Real Estate Investments (Details)" />
    <link:definitionLink xlink:type="extended" xlink:role="http://unitedrealtytrust.com/role/RealEstateInvestmentsDetails1" xlink:title="0030 - Disclosure - Real Estate Investments (Details 1)" />
    <link:definitionLink xlink:type="extended" xlink:role="http://unitedrealtytrust.com/role/MortgageNotesPayableDetailsNarrative" xlink:title="0031 - Disclosure - Mortgage Notes Payable (Details Narrative)">
      <link:loc xlink:type="locator" xlink:href="http://xbrl.fasb.org/us-gaap/2013/elts/us-gaap-2013-01-31.xsd#us-gaap_DebtInstrumentLineItems" xlink:label="loc_us-gaapDebtInstrumentLineItems" />
      <link:loc xlink:type="locator" xlink:href="http://xbrl.fasb.org/us-gaap/2013/elts/us-gaap-2013-01-31.xsd#us-gaap_DebtInstrumentTable" xlink:label="loc_us-gaapDebtInstrumentTable" />
      <link:definitionArc xlink:arcrole="http://xbrl.org/int/dim/arcrole/all" xbrldt:contextElement="segment" xlink:from="loc_us-gaapDebtInstrumentLineItems" xlink:to="loc_us-gaapDebtInstrumentTable" xlink:type="arc" order="10" xbrldt:closed="true" />
      <link:loc xlink:type="locator" xlink:href="http://xbrl.fasb.org/us-gaap/2013/elts/us-gaap-2013-01-31.xsd#us-gaap_DebtInstrumentAxis" xlink:label="loc_us-gaapDebtInstrumentAxis" />
      <link:definitionArc xlink:arcrole="http://xbrl.org/int/dim/arcrole/hypercube-dimension" xlink:from="loc_us-gaapDebtInstrumentTable" xlink:to="loc_us-gaapDebtInstrumentAxis" xlink:type="arc" order="1" />
      <link:loc xlink:type="locator" xlink:href="http://xbrl.fasb.org/us-gaap/2013/elts/us-gaap-2013-01-31.xsd#us-gaap_DebtInstrumentNameDomain" xlink:label="loc_us-gaapDebtInstrumentNameDomain" />
      <link:definitionArc xlink:arcrole="http://xbrl.org/int/dim/arcrole/dimension-domain" xlink:from="loc_us-gaapDebtInstrumentAxis" xlink:to="loc_us-gaapDebtInstrumentNameDomain" xlink:type="arc" order="20" />
      <link:loc xlink:type="locator" xlink:href="http://xbrl.fasb.org/us-gaap/2013/elts/us-gaap-2013-01-31.xsd#us-gaap_DebtInstrumentNameDomain" xlink:label="loc_us-gaapDebtInstrumentNameDomain_10" />
      <link:definitionArc xlink:arcrole="http://xbrl.org/int/dim/arcrole/dimension-default" xbrldt:contextElement="segment" xlink:from="loc_us-gaapDebtInstrumentAxis" xlink:to="loc_us-gaapDebtInstrumentNameDomain_10" xlink:type="arc" order="30" />
      <link:loc xlink:type="locator" xlink:href="http://xbrl.fasb.org/us-gaap/2013/elts/us-gaap-2013-01-31.xsd#us-gaap_NotesPayableToBanksMember" xlink:label="loc_us-gaapNotesPayableToBanksMember_0" />
      <link:definitionArc xlink:arcrole="http://xbrl.org/int/dim/arcrole/domain-member" xlink:from="loc_us-gaapDebtInstrumentNameDomain" xlink:to="loc_us-gaapNotesPayableToBanksMember_0" xlink:type="arc" order="1" />
      <link:loc xlink:type="locator" xlink:href="http://xbrl.fasb.org/us-gaap/2013/elts/us-gaap-2013-01-31.xsd#us-gaap_LongTermDebt" xlink:label="loc_us-gaapLongTermDebt_30" />
      <link:definitionArc xlink:arcrole="http://xbrl.org/int/dim/arcrole/domain-member" xlink:from="loc_us-gaapDebtInstrumentLineItems" xlink:to="loc_us-gaapLongTermDebt_30" xlink:type="arc" order="0" />
      <link:loc xlink:type="locator" xlink:href="http://xbrl.fasb.org/us-gaap/2013/elts/us-gaap-2013-01-31.xsd#us-gaap_MortgageLoanOnRealEstateFinalMaturityDate" xlink:label="loc_us-gaapMortgageLoanOnRealEstateFinalMaturityDate_30" />
      <link:definitionArc xlink:arcrole="http://xbrl.org/int/dim/arcrole/domain-member" xlink:from="loc_us-gaapDebtInstrumentLineItems" xlink:to="loc_us-gaapMortgageLoanOnRealEstateFinalMaturityDate_30" xlink:type="arc" order="1" />
      <link:loc xlink:type="locator" xlink:href="urt-20130630.xsd#urt_MortgageLoanOnRealEstateOptionToExtendedFinalMaturityDate" xlink:label="loc_urtMortgageLoanOnRealEstateOptionToExtendedFinalMaturityDate_30" />
      <link:definitionArc xlink:arcrole="http://xbrl.org/int/dim/arcrole/domain-member" xlink:from="loc_us-gaapDebtInstrumentLineItems" xlink:to="loc_urtMortgageLoanOnRealEstateOptionToExtendedFinalMaturityDate_30" xlink:type="arc" order="2" />
      <link:loc xlink:type="locator" xlink:href="http://xbrl.fasb.org/us-gaap/2013/elts/us-gaap-2013-01-31.xsd#us-gaap_MortgageLoansOnRealEstateInterestRate" xlink:label="loc_us-gaapMortgageLoansOnRealEstateInterestRate_30" />
      <link:definitionArc xlink:arcrole="http://xbrl.org/int/dim/arcrole/domain-member" xlink:from="loc_us-gaapDebtInstrumentLineItems" xlink:to="loc_us-gaapMortgageLoansOnRealEstateInterestRate_30" xlink:type="arc" order="3" />
    </link:definitionLink>
    <link:definitionLink xlink:type="extended" xlink:role="http://unitedrealtytrust.com/role/MortgageNotesPayableDetails" xlink:title="0032 - Disclosure - Mortgage Notes Payable (Details)">
      <link:loc xlink:type="locator" xlink:href="http://xbrl.fasb.org/us-gaap/2013/elts/us-gaap-2013-01-31.xsd#us-gaap_DebtInstrumentLineItems" xlink:label="loc_us-gaapDebtInstrumentLineItems" />
      <link:loc xlink:type="locator" xlink:href="http://xbrl.fasb.org/us-gaap/2013/elts/us-gaap-2013-01-31.xsd#us-gaap_DebtInstrumentTable" xlink:label="loc_us-gaapDebtInstrumentTable" />
      <link:definitionArc xlink:arcrole="http://xbrl.org/int/dim/arcrole/all" xbrldt:contextElement="segment" xlink:from="loc_us-gaapDebtInstrumentLineItems" xlink:to="loc_us-gaapDebtInstrumentTable" xlink:type="arc" order="10" xbrldt:closed="true" />
      <link:loc xlink:type="locator" xlink:href="http://xbrl.fasb.org/us-gaap/2013/elts/us-gaap-2013-01-31.xsd#us-gaap_DebtInstrumentAxis" xlink:label="loc_us-gaapDebtInstrumentAxis" />
      <link:definitionArc xlink:arcrole="http://xbrl.org/int/dim/arcrole/hypercube-dimension" xlink:from="loc_us-gaapDebtInstrumentTable" xlink:to="loc_us-gaapDebtInstrumentAxis" xlink:type="arc" order="1" />
      <link:loc xlink:type="locator" xlink:href="http://xbrl.fasb.org/us-gaap/2013/elts/us-gaap-2013-01-31.xsd#us-gaap_DebtInstrumentNameDomain" xlink:label="loc_us-gaapDebtInstrumentNameDomain" />
      <link:definitionArc xlink:arcrole="http://xbrl.org/int/dim/arcrole/dimension-domain" xlink:from="loc_us-gaapDebtInstrumentAxis" xlink:to="loc_us-gaapDebtInstrumentNameDomain" xlink:type="arc" order="20" />
      <link:loc xlink:type="locator" xlink:href="http://xbrl.fasb.org/us-gaap/2013/elts/us-gaap-2013-01-31.xsd#us-gaap_DebtInstrumentNameDomain" xlink:label="loc_us-gaapDebtInstrumentNameDomain_10" />
      <link:definitionArc xlink:arcrole="http://xbrl.org/int/dim/arcrole/dimension-default" xbrldt:contextElement="segment" xlink:from="loc_us-gaapDebtInstrumentAxis" xlink:to="loc_us-gaapDebtInstrumentNameDomain_10" xlink:type="arc" order="30" />
      <link:loc xlink:type="locator" xlink:href="http://xbrl.fasb.org/us-gaap/2013/elts/us-gaap-2013-01-31.xsd#us-gaap_NotesPayableToBanksMember" xlink:label="loc_us-gaapNotesPayableToBanksMember_0" />
      <link:definitionArc xlink:arcrole="http://xbrl.org/int/dim/arcrole/domain-member" xlink:from="loc_us-gaapDebtInstrumentNameDomain" xlink:to="loc_us-gaapNotesPayableToBanksMember_0" xlink:type="arc" order="1" />
      <link:loc xlink:type="locator" xlink:href="http://xbrl.fasb.org/us-gaap/2013/elts/us-gaap-2013-01-31.xsd#us-gaap_LongTermDebtByMaturityAbstract" xlink:label="loc_us-gaapLongTermDebtByMaturityAbstract_20" />
      <link:definitionArc xlink:arcrole="http://xbrl.org/int/dim/arcrole/domain-member" xlink:from="loc_us-gaapDebtInstrumentLineItems" xlink:to="loc_us-gaapLongTermDebtByMaturityAbstract_20" xlink:type="arc" order="0" />
      <link:loc xlink:type="locator" xlink:href="http://xbrl.fasb.org/us-gaap/2013/elts/us-gaap-2013-01-31.xsd#us-gaap_LongTermDebtMaturitiesRepaymentsOfPrincipalInNextTwelveMonths" xlink:label="loc_us-gaapLongTermDebtMaturitiesRepaymentsOfPrincipalInNextTwelveMonths_20" />
      <link:definitionArc xlink:arcrole="http://xbrl.org/int/dim/arcrole/domain-member" xlink:from="loc_us-gaapLongTermDebtByMaturityAbstract_20" xlink:to="loc_us-gaapLongTermDebtMaturitiesRepaymentsOfPrincipalInNextTwelveMonths_20" xlink:type="arc" order="1" />
      <link:loc xlink:type="locator" xlink:href="http://xbrl.fasb.org/us-gaap/2013/elts/us-gaap-2013-01-31.xsd#us-gaap_LongTermDebtMaturitiesRepaymentsOfPrincipalInYearTwo" xlink:label="loc_us-gaapLongTermDebtMaturitiesRepaymentsOfPrincipalInYearTwo_20" />
      <link:definitionArc xlink:arcrole="http://xbrl.org/int/dim/arcrole/domain-member" xlink:from="loc_us-gaapLongTermDebtByMaturityAbstract_20" xlink:to="loc_us-gaapLongTermDebtMaturitiesRepaymentsOfPrincipalInYearTwo_20" xlink:type="arc" order="2" />
      <link:loc xlink:type="locator" xlink:href="http://xbrl.fasb.org/us-gaap/2013/elts/us-gaap-2013-01-31.xsd#us-gaap_LongTermDebtMaturitiesRepaymentsOfPrincipalInYearThree" xlink:label="loc_us-gaapLongTermDebtMaturitiesRepaymentsOfPrincipalInYearThree_20" />
      <link:definitionArc xlink:arcrole="http://xbrl.org/int/dim/arcrole/domain-member" xlink:from="loc_us-gaapLongTermDebtByMaturityAbstract_20" xlink:to="loc_us-gaapLongTermDebtMaturitiesRepaymentsOfPrincipalInYearThree_20" xlink:type="arc" order="3" />
      <link:loc xlink:type="locator" xlink:href="http://xbrl.fasb.org/us-gaap/2013/elts/us-gaap-2013-01-31.xsd#us-gaap_LongTermDebtMaturitiesRepaymentsOfPrincipalInYearFour" xlink:label="loc_us-gaapLongTermDebtMaturitiesRepaymentsOfPrincipalInYearFour_20" />
      <link:definitionArc xlink:arcrole="http://xbrl.org/int/dim/arcrole/domain-member" xlink:from="loc_us-gaapLongTermDebtByMaturityAbstract_20" xlink:to="loc_us-gaapLongTermDebtMaturitiesRepaymentsOfPrincipalInYearFour_20" xlink:type="arc" order="4" />
      <link:loc xlink:type="locator" xlink:href="http://xbrl.fasb.org/us-gaap/2013/elts/us-gaap-2013-01-31.xsd#us-gaap_LongTermDebtMaturitiesRepaymentsOfPrincipalInYearFive" xlink:label="loc_us-gaapLongTermDebtMaturitiesRepaymentsOfPrincipalInYearFive_20" />
      <link:definitionArc xlink:arcrole="http://xbrl.org/int/dim/arcrole/domain-member" xlink:from="loc_us-gaapLongTermDebtByMaturityAbstract_20" xlink:to="loc_us-gaapLongTermDebtMaturitiesRepaymentsOfPrincipalInYearFive_20" xlink:type="arc" order="5" />
      <link:loc xlink:type="locator" xlink:href="http://xbrl.fasb.org/us-gaap/2013/elts/us-gaap-2013-01-31.xsd#us-gaap_LongTermDebtMaturitiesRepaymentsOfPrincipalAfterYearFive" xlink:label="loc_us-gaapLongTermDebtMaturitiesRepaymentsOfPrincipalAfterYearFive_20" />
      <link:definitionArc xlink:arcrole="http://xbrl.org/int/dim/arcrole/domain-member" xlink:from="loc_us-gaapLongTermDebtByMaturityAbstract_20" xlink:to="loc_us-gaapLongTermDebtMaturitiesRepaymentsOfPrincipalAfterYearFive_20" xlink:type="arc" order="6" />
      <link:loc xlink:type="locator" xlink:href="urt-20130630.xsd#urt_LongTermDebtMaturitiesRepaymentsOfPrincipalTotal" xlink:label="loc_urtLongTermDebtMaturitiesRepaymentsOfPrincipalTotal_20" />
      <link:definitionArc xlink:arcrole="http://xbrl.org/int/dim/arcrole/domain-member" xlink:from="loc_us-gaapLongTermDebtByMaturityAbstract_20" xlink:to="loc_urtLongTermDebtMaturitiesRepaymentsOfPrincipalTotal_20" xlink:type="arc" order="7" />
      <link:loc xlink:type="locator" xlink:href="urt-20130630.xsd#urt_LongTermDebtScheduledAmortizationAbstract" xlink:label="loc_urtLongTermDebtScheduledAmortizationAbstract_20" />
      <link:definitionArc xlink:arcrole="http://xbrl.org/int/dim/arcrole/domain-member" xlink:from="loc_us-gaapDebtInstrumentLineItems" xlink:to="loc_urtLongTermDebtScheduledAmortizationAbstract_20" xlink:type="arc" order="9" />
      <link:loc xlink:type="locator" xlink:href="urt-20130630.xsd#urt_LongTermDebtMaturitiesAmortizationOfPrincipalInNextTwelveMonths" xlink:label="loc_urtLongTermDebtMaturitiesAmortizationOfPrincipalInNextTwelveMonths_20" />
      <link:definitionArc xlink:arcrole="http://xbrl.org/int/dim/arcrole/domain-member" xlink:from="loc_urtLongTermDebtScheduledAmortizationAbstract_20" xlink:to="loc_urtLongTermDebtMaturitiesAmortizationOfPrincipalInNextTwelveMonths_20" xlink:type="arc" order="10" />
      <link:loc xlink:type="locator" xlink:href="urt-20130630.xsd#urt_LongTermDebtMaturitiesAmortizationOfPrincipalYearTwo" xlink:label="loc_urtLongTermDebtMaturitiesAmortizationOfPrincipalYearTwo_20" />
      <link:definitionArc xlink:arcrole="http://xbrl.org/int/dim/arcrole/domain-member" xlink:from="loc_urtLongTermDebtScheduledAmortizationAbstract_20" xlink:to="loc_urtLongTermDebtMaturitiesAmortizationOfPrincipalYearTwo_20" xlink:type="arc" order="11" />
      <link:loc xlink:type="locator" xlink:href="urt-20130630.xsd#urt_LongTermDebtMaturitiesAmortizationOfPrincipalYearThree" xlink:label="loc_urtLongTermDebtMaturitiesAmortizationOfPrincipalYearThree_20" />
      <link:definitionArc xlink:arcrole="http://xbrl.org/int/dim/arcrole/domain-member" xlink:from="loc_urtLongTermDebtScheduledAmortizationAbstract_20" xlink:to="loc_urtLongTermDebtMaturitiesAmortizationOfPrincipalYearThree_20" xlink:type="arc" order="12" />
      <link:loc xlink:type="locator" xlink:href="urt-20130630.xsd#urt_LongTermDebtMaturitiesAmortizationOfPrincipalYearFour" xlink:label="loc_urtLongTermDebtMaturitiesAmortizationOfPrincipalYearFour_20" />
      <link:definitionArc xlink:arcrole="http://xbrl.org/int/dim/arcrole/domain-member" xlink:from="loc_urtLongTermDebtScheduledAmortizationAbstract_20" xlink:to="loc_urtLongTermDebtMaturitiesAmortizationOfPrincipalYearFour_20" xlink:type="arc" order="13" />
      <link:loc xlink:type="locator" xlink:href="urt-20130630.xsd#urt_LongTermDebtMaturitiesAmortizationOfPrincipalYearFive" xlink:label="loc_urtLongTermDebtMaturitiesAmortizationOfPrincipalYearFive_20" />
      <link:definitionArc xlink:arcrole="http://xbrl.org/int/dim/arcrole/domain-member" xlink:from="loc_urtLongTermDebtScheduledAmortizationAbstract_20" xlink:to="loc_urtLongTermDebtMaturitiesAmortizationOfPrincipalYearFive_20" xlink:type="arc" order="14" />
      <link:loc xlink:type="locator" xlink:href="urt-20130630.xsd#urt_LongTermDebtMaturitiesAmortizationOfPrincipalAfterYearFive" xlink:label="loc_urtLongTermDebtMaturitiesAmortizationOfPrincipalAfterYearFive_20" />
      <link:definitionArc xlink:arcrole="http://xbrl.org/int/dim/arcrole/domain-member" xlink:from="loc_urtLongTermDebtScheduledAmortizationAbstract_20" xlink:to="loc_urtLongTermDebtMaturitiesAmortizationOfPrincipalAfterYearFive_20" xlink:type="arc" order="15" />
      <link:loc xlink:type="locator" xlink:href="urt-20130630.xsd#urt_AmortizationOfMortgageNotesPayable" xlink:label="loc_urtAmortizationOfMortgageNotesPayable_20" />
      <link:definitionArc xlink:arcrole="http://xbrl.org/int/dim/arcrole/domain-member" xlink:from="loc_urtLongTermDebtScheduledAmortizationAbstract_20" xlink:to="loc_urtAmortizationOfMortgageNotesPayable_20" xlink:type="arc" order="16" />
      <link:loc xlink:type="locator" xlink:href="urt-20130630.xsd#urt_LongTermDebtAndScheduledAmortizationAbstract" xlink:label="loc_urtLongTermDebtAndScheduledAmortizationAbstract_20" />
      <link:definitionArc xlink:arcrole="http://xbrl.org/int/dim/arcrole/domain-member" xlink:from="loc_us-gaapDebtInstrumentLineItems" xlink:to="loc_urtLongTermDebtAndScheduledAmortizationAbstract_20" xlink:type="arc" order="19" />
      <link:loc xlink:type="locator" xlink:href="urt-20130630.xsd#urt_LongTermDebtMaturitiesRepaymentsOfPrincipalAndScheduledAmortizationInNextTwelveMonths" xlink:label="loc_urtLongTermDebtMaturitiesRepaymentsOfPrincipalAndScheduledAmortizationInNextTwelveMonths_20" />
      <link:definitionArc xlink:arcrole="http://xbrl.org/int/dim/arcrole/domain-member" xlink:from="loc_urtLongTermDebtAndScheduledAmortizationAbstract_20" xlink:to="loc_urtLongTermDebtMaturitiesRepaymentsOfPrincipalAndScheduledAmortizationInNextTwelveMonths_20" xlink:type="arc" order="20" />
      <link:loc xlink:type="locator" xlink:href="urt-20130630.xsd#urt_LongTermDebtMaturitiesRepaymentsOfPrincipalAndScheduledAmortizationInInYearTwo" xlink:label="loc_urtLongTermDebtMaturitiesRepaymentsOfPrincipalAndScheduledAmortizationInInYearTwo_20" />
      <link:definitionArc xlink:arcrole="http://xbrl.org/int/dim/arcrole/domain-member" xlink:from="loc_urtLongTermDebtAndScheduledAmortizationAbstract_20" xlink:to="loc_urtLongTermDebtMaturitiesRepaymentsOfPrincipalAndScheduledAmortizationInInYearTwo_20" xlink:type="arc" order="21" />
      <link:loc xlink:type="locator" xlink:href="urt-20130630.xsd#urt_LongTermDebtMaturitiesRepaymentsOfPrincipalAndScheduledAmortizationInInYearThree" xlink:label="loc_urtLongTermDebtMaturitiesRepaymentsOfPrincipalAndScheduledAmortizationInInYearThree_20" />
      <link:definitionArc xlink:arcrole="http://xbrl.org/int/dim/arcrole/domain-member" xlink:from="loc_urtLongTermDebtAndScheduledAmortizationAbstract_20" xlink:to="loc_urtLongTermDebtMaturitiesRepaymentsOfPrincipalAndScheduledAmortizationInInYearThree_20" xlink:type="arc" order="22" />
      <link:loc xlink:type="locator" xlink:href="urt-20130630.xsd#urt_LongTermDebtMaturitiesRepaymentsOfPrincipalAndScheduledAmortizationInInYearFour" xlink:label="loc_urtLongTermDebtMaturitiesRepaymentsOfPrincipalAndScheduledAmortizationInInYearFour_20" />
      <link:definitionArc xlink:arcrole="http://xbrl.org/int/dim/arcrole/domain-member" xlink:from="loc_urtLongTermDebtAndScheduledAmortizationAbstract_20" xlink:to="loc_urtLongTermDebtMaturitiesRepaymentsOfPrincipalAndScheduledAmortizationInInYearFour_20" xlink:type="arc" order="23" />
      <link:loc xlink:type="locator" xlink:href="urt-20130630.xsd#urt_LongTermDebtMaturitiesRepaymentsOfPrincipalAndScheduledAmortizationInInYearFive" xlink:label="loc_urtLongTermDebtMaturitiesRepaymentsOfPrincipalAndScheduledAmortizationInInYearFive_20" />
      <link:definitionArc xlink:arcrole="http://xbrl.org/int/dim/arcrole/domain-member" xlink:from="loc_urtLongTermDebtAndScheduledAmortizationAbstract_20" xlink:to="loc_urtLongTermDebtMaturitiesRepaymentsOfPrincipalAndScheduledAmortizationInInYearFive_20" xlink:type="arc" order="24" />
      <link:loc xlink:type="locator" xlink:href="urt-20130630.xsd#urt_LongTermDebtMaturitiesRepaymentsOfPrincipalAndScheduledAmortizationInAfterYearFive" xlink:label="loc_urtLongTermDebtMaturitiesRepaymentsOfPrincipalAndScheduledAmortizationInAfterYearFive_20" />
      <link:definitionArc xlink:arcrole="http://xbrl.org/int/dim/arcrole/domain-member" xlink:from="loc_urtLongTermDebtAndScheduledAmortizationAbstract_20" xlink:to="loc_urtLongTermDebtMaturitiesRepaymentsOfPrincipalAndScheduledAmortizationInAfterYearFive_20" xlink:type="arc" order="25" />
      <link:loc xlink:type="locator" xlink:href="http://xbrl.fasb.org/us-gaap/2013/elts/us-gaap-2013-01-31.xsd#us-gaap_LongTermDebt" xlink:label="loc_us-gaapLongTermDebt_20" />
      <link:definitionArc xlink:arcrole="http://xbrl.org/int/dim/arcrole/domain-member" xlink:from="loc_urtLongTermDebtAndScheduledAmortizationAbstract_20" xlink:to="loc_us-gaapLongTermDebt_20" xlink:type="arc" order="26" />
    </link:definitionLink>
    <link:definitionLink xlink:type="extended" xlink:role="http://unitedrealtytrust.com/role/CapitalizationDetailsNarrative" xlink:title="0033 - Disclosure - Capitalization (Details Narrative)">
      <link:loc xlink:type="locator" xlink:href="http://xbrl.fasb.org/us-gaap/2013/elts/us-gaap-2013-01-31.xsd#us-gaap_ClassOfStockLineItems" xlink:label="loc_us-gaapClassOfStockLineItems" />
      <link:loc xlink:type="locator" xlink:href="http://xbrl.fasb.org/us-gaap/2013/elts/us-gaap-2013-01-31.xsd#us-gaap_ScheduleOfStockByClassTable" xlink:label="loc_us-gaapScheduleOfStockByClassTable" />
      <link:definitionArc xlink:arcrole="http://xbrl.org/int/dim/arcrole/all" xbrldt:contextElement="segment" xlink:from="loc_us-gaapClassOfStockLineItems" xlink:to="loc_us-gaapScheduleOfStockByClassTable" xlink:type="arc" order="10" xbrldt:closed="true" />
      <link:loc xlink:type="locator" xlink:href="http://xbrl.fasb.org/us-gaap/2013/elts/us-gaap-2013-01-31.xsd#us-gaap_StatementClassOfStockAxis" xlink:label="loc_us-gaapStatementClassOfStockAxis" />
      <link:definitionArc xlink:arcrole="http://xbrl.org/int/dim/arcrole/hypercube-dimension" xlink:from="loc_us-gaapScheduleOfStockByClassTable" xlink:to="loc_us-gaapStatementClassOfStockAxis" xlink:type="arc" order="1" />
      <link:loc xlink:type="locator" xlink:href="http://xbrl.fasb.org/us-gaap/2013/elts/us-gaap-2013-01-31.xsd#us-gaap_ClassOfStockDomain" xlink:label="loc_us-gaapClassOfStockDomain" />
      <link:definitionArc xlink:arcrole="http://xbrl.org/int/dim/arcrole/dimension-domain" xlink:from="loc_us-gaapStatementClassOfStockAxis" xlink:to="loc_us-gaapClassOfStockDomain" xlink:type="arc" order="20" />
      <link:loc xlink:type="locator" xlink:href="http://xbrl.fasb.org/us-gaap/2013/elts/us-gaap-2013-01-31.xsd#us-gaap_ClassOfStockDomain" xlink:label="loc_us-gaapClassOfStockDomain_10" />
      <link:definitionArc xlink:arcrole="http://xbrl.org/int/dim/arcrole/dimension-default" xbrldt:contextElement="segment" xlink:from="loc_us-gaapStatementClassOfStockAxis" xlink:to="loc_us-gaapClassOfStockDomain_10" xlink:type="arc" order="30" />
      <link:loc xlink:type="locator" xlink:href="http://xbrl.fasb.org/us-gaap/2013/elts/us-gaap-2013-01-31.xsd#us-gaap_CommonStockMember" xlink:label="loc_us-gaapCommonStockMember_10" />
      <link:definitionArc xlink:arcrole="http://xbrl.org/int/dim/arcrole/domain-member" xlink:from="loc_us-gaapClassOfStockDomain" xlink:to="loc_us-gaapCommonStockMember_10" xlink:type="arc" order="11" />
      <link:loc xlink:type="locator" xlink:href="http://xbrl.fasb.org/us-gaap/2013/elts/us-gaap-2013-01-31.xsd#us-gaap_PreferredStockMember" xlink:label="loc_us-gaapPreferredStockMember_20" />
      <link:definitionArc xlink:arcrole="http://xbrl.org/int/dim/arcrole/domain-member" xlink:from="loc_us-gaapClassOfStockDomain" xlink:to="loc_us-gaapPreferredStockMember_20" xlink:type="arc" order="21" />
      <link:loc xlink:type="locator" xlink:href="urt-20130630.xsd#urt_SponsorPreferredSharesMember" xlink:label="loc_urtSponsorPreferredSharesMember_30" />
      <link:definitionArc xlink:arcrole="http://xbrl.org/int/dim/arcrole/domain-member" xlink:from="loc_us-gaapClassOfStockDomain" xlink:to="loc_urtSponsorPreferredSharesMember_30" xlink:type="arc" order="31" />
      <link:loc xlink:type="locator" xlink:href="http://xbrl.fasb.org/us-gaap/2013/elts/us-gaap-2013-01-31.xsd#us-gaap_RelatedPartyTransactionsByRelatedPartyAxis" xlink:label="loc_us-gaapRelatedPartyTransactionsByRelatedPartyAxis" />
      <link:definitionArc xlink:arcrole="http://xbrl.org/int/dim/arcrole/hypercube-dimension" xlink:from="loc_us-gaapScheduleOfStockByClassTable" xlink:to="loc_us-gaapRelatedPartyTransactionsByRelatedPartyAxis" xlink:type="arc" order="2" />
      <link:loc xlink:type="locator" xlink:href="http://xbrl.fasb.org/us-gaap/2013/elts/us-gaap-2013-01-31.xsd#us-gaap_RelatedPartyDomain" xlink:label="loc_us-gaapRelatedPartyDomain" />
      <link:definitionArc xlink:arcrole="http://xbrl.org/int/dim/arcrole/dimension-domain" xlink:from="loc_us-gaapRelatedPartyTransactionsByRelatedPartyAxis" xlink:to="loc_us-gaapRelatedPartyDomain" xlink:type="arc" order="20" />
      <link:loc xlink:type="locator" xlink:href="http://xbrl.fasb.org/us-gaap/2013/elts/us-gaap-2013-01-31.xsd#us-gaap_RelatedPartyDomain" xlink:label="loc_us-gaapRelatedPartyDomain_10" />
      <link:definitionArc xlink:arcrole="http://xbrl.org/int/dim/arcrole/dimension-default" xbrldt:contextElement="segment" xlink:from="loc_us-gaapRelatedPartyTransactionsByRelatedPartyAxis" xlink:to="loc_us-gaapRelatedPartyDomain_10" xlink:type="arc" order="30" />
      <link:loc xlink:type="locator" xlink:href="urt-20130630.xsd#urt_UnitedRealtyAdvisorHoldingsLLCMember" xlink:label="loc_urtUnitedRealtyAdvisorHoldingsLLCMember_10" />
      <link:definitionArc xlink:arcrole="http://xbrl.org/int/dim/arcrole/domain-member" xlink:from="loc_us-gaapRelatedPartyDomain" xlink:to="loc_urtUnitedRealtyAdvisorHoldingsLLCMember_10" xlink:type="arc" order="12" />
      <link:loc xlink:type="locator" xlink:href="http://xbrl.fasb.org/us-gaap/2013/elts/us-gaap-2013-01-31.xsd#us-gaap_CommonStockSharesAuthorized" xlink:label="loc_us-gaapCommonStockSharesAuthorized_60" />
      <link:definitionArc xlink:arcrole="http://xbrl.org/int/dim/arcrole/domain-member" xlink:from="loc_us-gaapClassOfStockLineItems" xlink:to="loc_us-gaapCommonStockSharesAuthorized_60" xlink:type="arc" order="0" />
      <link:loc xlink:type="locator" xlink:href="http://xbrl.fasb.org/us-gaap/2013/elts/us-gaap-2013-01-31.xsd#us-gaap_PreferredStockSharesAuthorized" xlink:label="loc_us-gaapPreferredStockSharesAuthorized_60" />
      <link:definitionArc xlink:arcrole="http://xbrl.org/int/dim/arcrole/domain-member" xlink:from="loc_us-gaapClassOfStockLineItems" xlink:to="loc_us-gaapPreferredStockSharesAuthorized_60" xlink:type="arc" order="1" />
      <link:loc xlink:type="locator" xlink:href="http://xbrl.fasb.org/us-gaap/2013/elts/us-gaap-2013-01-31.xsd#us-gaap_CommonStockParOrStatedValuePerShare" xlink:label="loc_us-gaapCommonStockParOrStatedValuePerShare_60" />
      <link:definitionArc xlink:arcrole="http://xbrl.org/int/dim/arcrole/domain-member" xlink:from="loc_us-gaapClassOfStockLineItems" xlink:to="loc_us-gaapCommonStockParOrStatedValuePerShare_60" xlink:type="arc" order="2" />
      <link:loc xlink:type="locator" xlink:href="http://xbrl.fasb.org/us-gaap/2013/elts/us-gaap-2013-01-31.xsd#us-gaap_PreferredStockParOrStatedValuePerShare" xlink:label="loc_us-gaapPreferredStockParOrStatedValuePerShare_60" />
      <link:definitionArc xlink:arcrole="http://xbrl.org/int/dim/arcrole/domain-member" xlink:from="loc_us-gaapClassOfStockLineItems" xlink:to="loc_us-gaapPreferredStockParOrStatedValuePerShare_60" xlink:type="arc" order="3" />
      <link:loc xlink:type="locator" xlink:href="http://xbrl.fasb.org/us-gaap/2013/elts/us-gaap-2013-01-31.xsd#us-gaap_StockIssuedDuringPeriodValueNewIssues" xlink:label="loc_us-gaapStockIssuedDuringPeriodValueNewIssues_60" />
      <link:definitionArc xlink:arcrole="http://xbrl.org/int/dim/arcrole/domain-member" xlink:from="loc_us-gaapClassOfStockLineItems" xlink:to="loc_us-gaapStockIssuedDuringPeriodValueNewIssues_60" xlink:type="arc" order="4" />
      <link:loc xlink:type="locator" xlink:href="http://xbrl.fasb.org/us-gaap/2013/elts/us-gaap-2013-01-31.xsd#us-gaap_StockIssuedDuringPeriodSharesNewIssues" xlink:label="loc_us-gaapStockIssuedDuringPeriodSharesNewIssues_60" />
      <link:definitionArc xlink:arcrole="http://xbrl.org/int/dim/arcrole/domain-member" xlink:from="loc_us-gaapClassOfStockLineItems" xlink:to="loc_us-gaapStockIssuedDuringPeriodSharesNewIssues_60" xlink:type="arc" order="5" />
      <link:loc xlink:type="locator" xlink:href="http://xbrl.fasb.org/us-gaap/2013/elts/us-gaap-2013-01-31.xsd#us-gaap_StockIssuedDuringPeriodSharesConversionOfUnits" xlink:label="loc_us-gaapStockIssuedDuringPeriodSharesConversionOfUnits_60" />
      <link:definitionArc xlink:arcrole="http://xbrl.org/int/dim/arcrole/domain-member" xlink:from="loc_us-gaapClassOfStockLineItems" xlink:to="loc_us-gaapStockIssuedDuringPeriodSharesConversionOfUnits_60" xlink:type="arc" order="6" />
      <link:loc xlink:type="locator" xlink:href="urt-20130630.xsd#urt_PreferredStockLiquidationPreferencePercentage" xlink:label="loc_urtPreferredStockLiquidationPreferencePercentage_60" />
      <link:definitionArc xlink:arcrole="http://xbrl.org/int/dim/arcrole/domain-member" xlink:from="loc_us-gaapClassOfStockLineItems" xlink:to="loc_urtPreferredStockLiquidationPreferencePercentage_60" xlink:type="arc" order="7" />
      <link:loc xlink:type="locator" xlink:href="urt-20130630.xsd#urt_CommonStockLiquidationPreferencePercentage" xlink:label="loc_urtCommonStockLiquidationPreferencePercentage_60" />
      <link:definitionArc xlink:arcrole="http://xbrl.org/int/dim/arcrole/domain-member" xlink:from="loc_us-gaapClassOfStockLineItems" xlink:to="loc_urtCommonStockLiquidationPreferencePercentage_60" xlink:type="arc" order="8" />
    </link:definitionLink>
    <link:definitionLink xlink:type="extended" xlink:role="http://unitedrealtytrust.com/role/StockIncentivePlanDetailsNarrative" xlink:title="0034 - Disclosure - Stock Incentive Plan (Details Narrative)">
      <link:loc xlink:type="locator" xlink:href="http://xbrl.fasb.org/us-gaap/2013/elts/us-gaap-2013-01-31.xsd#us-gaap_ShareBasedCompensationArrangementByShareBasedPaymentAwardLineItems" xlink:label="loc_us-gaapShareBasedCompensationArrangementByShareBasedPaymentAwardLineItems" />
      <link:loc xlink:type="locator" xlink:href="http://xbrl.fasb.org/us-gaap/2013/elts/us-gaap-2013-01-31.xsd#us-gaap_ScheduleOfShareBasedCompensationArrangementsByShareBasedPaymentAwardTable" xlink:label="loc_us-gaapScheduleOfShareBasedCompensationArrangementsByShareBasedPaymentAwardTable" />
      <link:definitionArc xlink:arcrole="http://xbrl.org/int/dim/arcrole/all" xbrldt:contextElement="segment" xlink:from="loc_us-gaapShareBasedCompensationArrangementByShareBasedPaymentAwardLineItems" xlink:to="loc_us-gaapScheduleOfShareBasedCompensationArrangementsByShareBasedPaymentAwardTable" xlink:type="arc" order="10" xbrldt:closed="true" />
      <link:loc xlink:type="locator" xlink:href="http://xbrl.fasb.org/us-gaap/2013/elts/us-gaap-2013-01-31.xsd#us-gaap_AwardTypeAxis" xlink:label="loc_us-gaapAwardTypeAxis" />
      <link:definitionArc xlink:arcrole="http://xbrl.org/int/dim/arcrole/hypercube-dimension" xlink:from="loc_us-gaapScheduleOfShareBasedCompensationArrangementsByShareBasedPaymentAwardTable" xlink:to="loc_us-gaapAwardTypeAxis" xlink:type="arc" order="1" />
      <link:loc xlink:type="locator" xlink:href="http://xbrl.fasb.org/us-gaap/2013/elts/us-gaap-2013-01-31.xsd#us-gaap_ShareBasedCompensationArrangementsByShareBasedPaymentAwardAwardTypeAndPlanNameDomain" xlink:label="loc_us-gaapShareBasedCompensationArrangementsByShareBasedPaymentAwardAwardTypeAndPlanNameDomain" />
      <link:definitionArc xlink:arcrole="http://xbrl.org/int/dim/arcrole/dimension-domain" xlink:from="loc_us-gaapAwardTypeAxis" xlink:to="loc_us-gaapShareBasedCompensationArrangementsByShareBasedPaymentAwardAwardTypeAndPlanNameDomain" xlink:type="arc" order="20" />
      <link:loc xlink:type="locator" xlink:href="http://xbrl.fasb.org/us-gaap/2013/elts/us-gaap-2013-01-31.xsd#us-gaap_ShareBasedCompensationArrangementsByShareBasedPaymentAwardAwardTypeAndPlanNameDomain" xlink:label="loc_us-gaapShareBasedCompensationArrangementsByShareBasedPaymentAwardAwardTypeAndPlanNameDomain_10" />
      <link:definitionArc xlink:arcrole="http://xbrl.org/int/dim/arcrole/dimension-default" xbrldt:contextElement="segment" xlink:from="loc_us-gaapAwardTypeAxis" xlink:to="loc_us-gaapShareBasedCompensationArrangementsByShareBasedPaymentAwardAwardTypeAndPlanNameDomain_10" xlink:type="arc" order="30" />
      <link:loc xlink:type="locator" xlink:href="http://xbrl.fasb.org/us-gaap/2013/elts/us-gaap-2013-01-31.xsd#us-gaap_StockCompensationPlanMember" xlink:label="loc_us-gaapStockCompensationPlanMember_0" />
      <link:definitionArc xlink:arcrole="http://xbrl.org/int/dim/arcrole/domain-member" xlink:from="loc_us-gaapShareBasedCompensationArrangementsByShareBasedPaymentAwardAwardTypeAndPlanNameDomain" xlink:to="loc_us-gaapStockCompensationPlanMember_0" xlink:type="arc" order="1" />
      <link:loc xlink:type="locator" xlink:href="http://xbrl.fasb.org/us-gaap/2013/elts/us-gaap-2013-01-31.xsd#us-gaap_RelatedPartyTransactionsByRelatedPartyAxis" xlink:label="loc_us-gaapRelatedPartyTransactionsByRelatedPartyAxis" />
      <link:definitionArc xlink:arcrole="http://xbrl.org/int/dim/arcrole/hypercube-dimension" xlink:from="loc_us-gaapScheduleOfShareBasedCompensationArrangementsByShareBasedPaymentAwardTable" xlink:to="loc_us-gaapRelatedPartyTransactionsByRelatedPartyAxis" xlink:type="arc" order="2" />
      <link:loc xlink:type="locator" xlink:href="http://xbrl.fasb.org/us-gaap/2013/elts/us-gaap-2013-01-31.xsd#us-gaap_RelatedPartyDomain" xlink:label="loc_us-gaapRelatedPartyDomain" />
      <link:definitionArc xlink:arcrole="http://xbrl.org/int/dim/arcrole/dimension-domain" xlink:from="loc_us-gaapRelatedPartyTransactionsByRelatedPartyAxis" xlink:to="loc_us-gaapRelatedPartyDomain" xlink:type="arc" order="20" />
      <link:loc xlink:type="locator" xlink:href="http://xbrl.fasb.org/us-gaap/2013/elts/us-gaap-2013-01-31.xsd#us-gaap_RelatedPartyDomain" xlink:label="loc_us-gaapRelatedPartyDomain_10" />
      <link:definitionArc xlink:arcrole="http://xbrl.org/int/dim/arcrole/dimension-default" xbrldt:contextElement="segment" xlink:from="loc_us-gaapRelatedPartyTransactionsByRelatedPartyAxis" xlink:to="loc_us-gaapRelatedPartyDomain_10" xlink:type="arc" order="30" />
      <link:loc xlink:type="locator" xlink:href="http://xbrl.fasb.org/us-gaap/2013/elts/us-gaap-2013-01-31.xsd#us-gaap_DirectorMember" xlink:label="loc_us-gaapDirectorMember_30" />
      <link:definitionArc xlink:arcrole="http://xbrl.org/int/dim/arcrole/domain-member" xlink:from="loc_us-gaapRelatedPartyDomain" xlink:to="loc_us-gaapDirectorMember_30" xlink:type="arc" order="32" />
      <link:loc xlink:type="locator" xlink:href="http://xbrl.fasb.org/us-gaap/2013/elts/us-gaap-2013-01-31.xsd#us-gaap_AffiliatedEntityMember" xlink:label="loc_us-gaapAffiliatedEntityMember_40" />
      <link:definitionArc xlink:arcrole="http://xbrl.org/int/dim/arcrole/domain-member" xlink:from="loc_us-gaapRelatedPartyDomain" xlink:to="loc_us-gaapAffiliatedEntityMember_40" xlink:type="arc" order="41" />
      <link:loc xlink:type="locator" xlink:href="http://xbrl.fasb.org/us-gaap/2013/elts/us-gaap-2013-01-31.xsd#us-gaap_ShareBasedCompensationArrangementByShareBasedPaymentAwardPercentageOfOutstandingStockMaximum" xlink:label="loc_us-gaapShareBasedCompensationArrangementByShareBasedPaymentAwardPercentageOfOutstandingStockMaximum_60" />
      <link:definitionArc xlink:arcrole="http://xbrl.org/int/dim/arcrole/domain-member" xlink:from="loc_us-gaapShareBasedCompensationArrangementByShareBasedPaymentAwardLineItems" xlink:to="loc_us-gaapShareBasedCompensationArrangementByShareBasedPaymentAwardPercentageOfOutstandingStockMaximum_60" xlink:type="arc" order="0" />
      <link:loc xlink:type="locator" xlink:href="http://xbrl.fasb.org/us-gaap/2013/elts/us-gaap-2013-01-31.xsd#us-gaap_ShareBasedCompensationArrangementByShareBasedPaymentAwardNumberOfSharesAuthorized" xlink:label="loc_us-gaapShareBasedCompensationArrangementByShareBasedPaymentAwardNumberOfSharesAuthorized_60" />
      <link:definitionArc xlink:arcrole="http://xbrl.org/int/dim/arcrole/domain-member" xlink:from="loc_us-gaapShareBasedCompensationArrangementByShareBasedPaymentAwardLineItems" xlink:to="loc_us-gaapShareBasedCompensationArrangementByShareBasedPaymentAwardNumberOfSharesAuthorized_60" xlink:type="arc" order="1" />
      <link:loc xlink:type="locator" xlink:href="http://xbrl.fasb.org/us-gaap/2013/elts/us-gaap-2013-01-31.xsd#us-gaap_ShareBasedCompensationArrangementByShareBasedPaymentAwardEquityInstrumentsOtherThanOptionsGrantsInPeriod" xlink:label="loc_us-gaapShareBasedCompensationArrangementByShareBasedPaymentAwardEquityInstrumentsOtherThanOptionsGrantsInPeriod_60" />
      <link:definitionArc xlink:arcrole="http://xbrl.org/int/dim/arcrole/domain-member" xlink:from="loc_us-gaapShareBasedCompensationArrangementByShareBasedPaymentAwardLineItems" xlink:to="loc_us-gaapShareBasedCompensationArrangementByShareBasedPaymentAwardEquityInstrumentsOtherThanOptionsGrantsInPeriod_60" xlink:type="arc" order="2" />
      <link:loc xlink:type="locator" xlink:href="http://xbrl.fasb.org/us-gaap/2013/elts/us-gaap-2013-01-31.xsd#us-gaap_ShareBasedCompensationArrangementByShareBasedPaymentAwardEquityInstrumentsOtherThanOptionsVestedInPeriod" xlink:label="loc_us-gaapShareBasedCompensationArrangementByShareBasedPaymentAwardEquityInstrumentsOtherThanOptionsVestedInPeriod_60" />
      <link:definitionArc xlink:arcrole="http://xbrl.org/int/dim/arcrole/domain-member" xlink:from="loc_us-gaapShareBasedCompensationArrangementByShareBasedPaymentAwardLineItems" xlink:to="loc_us-gaapShareBasedCompensationArrangementByShareBasedPaymentAwardEquityInstrumentsOtherThanOptionsVestedInPeriod_60" xlink:type="arc" order="3" />
      <link:loc xlink:type="locator" xlink:href="http://xbrl.fasb.org/us-gaap/2013/elts/us-gaap-2013-01-31.xsd#us-gaap_ShareBasedCompensationArrangementByShareBasedPaymentAwardEquityInstrumentsOtherThanOptionsOutstandingWeightedAverageRemainingContractualTerms" xlink:label="loc_us-gaapShareBasedCompensationArrangementByShareBasedPaymentAwardEquityInstrumentsOtherThanOptionsOutstandingWeightedAverageRemainingContractualTerms_60" />
      <link:definitionArc xlink:arcrole="http://xbrl.org/int/dim/arcrole/domain-member" xlink:from="loc_us-gaapShareBasedCompensationArrangementByShareBasedPaymentAwardLineItems" xlink:to="loc_us-gaapShareBasedCompensationArrangementByShareBasedPaymentAwardEquityInstrumentsOtherThanOptionsOutstandingWeightedAverageRemainingContractualTerms_60" xlink:type="arc" order="4" />
    </link:definitionLink>
    <link:definitionLink xlink:type="extended" xlink:role="http://unitedrealtytrust.com/role/RelatedPartyArrangementsDetails" xlink:title="0035 - Disclosure - Related Party Arrangements (Details)" />
    <link:definitionLink xlink:type="extended" xlink:role="http://unitedrealtytrust.com/role/DealerManagerDetailsNarrative" xlink:title="0036 - Disclosure - Dealer Manager (Details Narrative)">
      <link:loc xlink:type="locator" xlink:href="http://xbrl.fasb.org/us-gaap/2013/elts/us-gaap-2013-01-31.xsd#us-gaap_StatementLineItems" xlink:label="loc_us-gaapStatementLineItems" />
      <link:loc xlink:type="locator" xlink:href="http://xbrl.fasb.org/us-gaap/2013/elts/us-gaap-2013-01-31.xsd#us-gaap_StatementTable" xlink:label="loc_us-gaapStatementTable" />
      <link:definitionArc xlink:arcrole="http://xbrl.org/int/dim/arcrole/all" xbrldt:contextElement="segment" xlink:from="loc_us-gaapStatementLineItems" xlink:to="loc_us-gaapStatementTable" xlink:type="arc" order="10" xbrldt:closed="true" />
      <link:loc xlink:type="locator" xlink:href="http://xbrl.sec.gov/dei/2013/dei-2013-01-31.xsd#dei_LegalEntityAxis" xlink:label="loc_deiLegalEntityAxis" />
      <link:definitionArc xlink:arcrole="http://xbrl.org/int/dim/arcrole/hypercube-dimension" xlink:from="loc_us-gaapStatementTable" xlink:to="loc_deiLegalEntityAxis" xlink:type="arc" order="1" />
      <link:loc xlink:type="locator" xlink:href="http://xbrl.sec.gov/dei/2013/dei-2013-01-31.xsd#dei_EntityDomain" xlink:label="loc_deiEntityDomain" />
      <link:definitionArc xlink:arcrole="http://xbrl.org/int/dim/arcrole/dimension-domain" xlink:from="loc_deiLegalEntityAxis" xlink:to="loc_deiEntityDomain" xlink:type="arc" order="20" />
      <link:loc xlink:type="locator" xlink:href="http://xbrl.sec.gov/dei/2013/dei-2013-01-31.xsd#dei_EntityDomain" xlink:label="loc_deiEntityDomain_10" />
      <link:definitionArc xlink:arcrole="http://xbrl.org/int/dim/arcrole/dimension-default" xbrldt:contextElement="segment" xlink:from="loc_deiLegalEntityAxis" xlink:to="loc_deiEntityDomain_10" xlink:type="arc" order="30" />
      <link:loc xlink:type="locator" xlink:href="urt-20130630.xsd#urt_AlliedBeaconPartnerIncMember" xlink:label="loc_urtAlliedBeaconPartnerIncMember_0" />
      <link:definitionArc xlink:arcrole="http://xbrl.org/int/dim/arcrole/domain-member" xlink:from="loc_deiEntityDomain" xlink:to="loc_urtAlliedBeaconPartnerIncMember_0" xlink:type="arc" order="1" />
      <link:loc xlink:type="locator" xlink:href="http://xbrl.fasb.org/us-gaap/2013/elts/us-gaap-2013-01-31.xsd#us-gaap_SubsidiarySaleOfStockAxis" xlink:label="loc_us-gaapSubsidiarySaleOfStockAxis" />
      <link:definitionArc xlink:arcrole="http://xbrl.org/int/dim/arcrole/hypercube-dimension" xlink:from="loc_us-gaapStatementTable" xlink:to="loc_us-gaapSubsidiarySaleOfStockAxis" xlink:type="arc" order="2" />
      <link:loc xlink:type="locator" xlink:href="http://xbrl.fasb.org/us-gaap/2013/elts/us-gaap-2013-01-31.xsd#us-gaap_SaleOfStockNameOfTransactionDomain" xlink:label="loc_us-gaapSaleOfStockNameOfTransactionDomain" />
      <link:definitionArc xlink:arcrole="http://xbrl.org/int/dim/arcrole/dimension-domain" xlink:from="loc_us-gaapSubsidiarySaleOfStockAxis" xlink:to="loc_us-gaapSaleOfStockNameOfTransactionDomain" xlink:type="arc" order="20" />
      <link:loc xlink:type="locator" xlink:href="http://xbrl.fasb.org/us-gaap/2013/elts/us-gaap-2013-01-31.xsd#us-gaap_SaleOfStockNameOfTransactionDomain" xlink:label="loc_us-gaapSaleOfStockNameOfTransactionDomain_10" />
      <link:definitionArc xlink:arcrole="http://xbrl.org/int/dim/arcrole/dimension-default" xbrldt:contextElement="segment" xlink:from="loc_us-gaapSubsidiarySaleOfStockAxis" xlink:to="loc_us-gaapSaleOfStockNameOfTransactionDomain_10" xlink:type="arc" order="30" />
      <link:loc xlink:type="locator" xlink:href="http://xbrl.fasb.org/us-gaap/2013/elts/us-gaap-2013-01-31.xsd#us-gaap_IPOMember" xlink:label="loc_us-gaapIPOMember_0" />
      <link:definitionArc xlink:arcrole="http://xbrl.org/int/dim/arcrole/domain-member" xlink:from="loc_us-gaapSaleOfStockNameOfTransactionDomain" xlink:to="loc_us-gaapIPOMember_0" xlink:type="arc" order="2" />
      <link:loc xlink:type="locator" xlink:href="http://xbrl.fasb.org/us-gaap/2013/elts/us-gaap-2013-01-31.xsd#us-gaap_MinimumNetCapitalRequiredForEntity1" xlink:label="loc_us-gaapMinimumNetCapitalRequiredForEntity1_20" />
      <link:definitionArc xlink:arcrole="http://xbrl.org/int/dim/arcrole/domain-member" xlink:from="loc_us-gaapStatementLineItems" xlink:to="loc_us-gaapMinimumNetCapitalRequiredForEntity1_20" xlink:type="arc" order="0" />
    </link:definitionLink>
    <link:definitionLink xlink:type="extended" xlink:role="http://unitedrealtytrust.com/role/SubsequentEventsDetailsNarrative" xlink:title="0037 - Disclosure - Subsequent Events (Details Narrative)">
      <link:loc xlink:type="locator" xlink:href="http://xbrl.fasb.org/us-gaap/2013/elts/us-gaap-2013-01-31.xsd#us-gaap_SubsequentEventLineItems" xlink:label="loc_us-gaapSubsequentEventLineItems" />
      <link:loc xlink:type="locator" xlink:href="http://xbrl.fasb.org/us-gaap/2013/elts/us-gaap-2013-01-31.xsd#us-gaap_SubsequentEventTable" xlink:label="loc_us-gaapSubsequentEventTable" />
      <link:definitionArc xlink:arcrole="http://xbrl.org/int/dim/arcrole/all" xbrldt:contextElement="segment" xlink:from="loc_us-gaapSubsequentEventLineItems" xlink:to="loc_us-gaapSubsequentEventTable" xlink:type="arc" order="10" xbrldt:closed="true" />
      <link:loc xlink:type="locator" xlink:href="http://xbrl.fasb.org/us-gaap/2013/elts/us-gaap-2013-01-31.xsd#us-gaap_SubsequentEventTypeAxis" xlink:label="loc_us-gaapSubsequentEventTypeAxis" />
      <link:definitionArc xlink:arcrole="http://xbrl.org/int/dim/arcrole/hypercube-dimension" xlink:from="loc_us-gaapSubsequentEventTable" xlink:to="loc_us-gaapSubsequentEventTypeAxis" xlink:type="arc" order="1" />
      <link:loc xlink:type="locator" xlink:href="http://xbrl.fasb.org/us-gaap/2013/elts/us-gaap-2013-01-31.xsd#us-gaap_SubsequentEventTypeDomain" xlink:label="loc_us-gaapSubsequentEventTypeDomain" />
      <link:definitionArc xlink:arcrole="http://xbrl.org/int/dim/arcrole/dimension-domain" xlink:from="loc_us-gaapSubsequentEventTypeAxis" xlink:to="loc_us-gaapSubsequentEventTypeDomain" xlink:type="arc" order="20" />
      <link:loc xlink:type="locator" xlink:href="http://xbrl.fasb.org/us-gaap/2013/elts/us-gaap-2013-01-31.xsd#us-gaap_SubsequentEventTypeDomain" xlink:label="loc_us-gaapSubsequentEventTypeDomain_10" />
      <link:definitionArc xlink:arcrole="http://xbrl.org/int/dim/arcrole/dimension-default" xbrldt:contextElement="segment" xlink:from="loc_us-gaapSubsequentEventTypeAxis" xlink:to="loc_us-gaapSubsequentEventTypeDomain_10" xlink:type="arc" order="30" />
      <link:loc xlink:type="locator" xlink:href="http://xbrl.fasb.org/us-gaap/2013/elts/us-gaap-2013-01-31.xsd#us-gaap_SubsequentEventMember" xlink:label="loc_us-gaapSubsequentEventMember_0" />
      <link:definitionArc xlink:arcrole="http://xbrl.org/int/dim/arcrole/domain-member" xlink:from="loc_us-gaapSubsequentEventTypeDomain" xlink:to="loc_us-gaapSubsequentEventMember_0" xlink:type="arc" order="1" />
      <link:loc xlink:type="locator" xlink:href="http://xbrl.fasb.org/us-gaap/2013/elts/us-gaap-2013-01-31.xsd#us-gaap_EquityMethodInvestmentOwnershipPercentage" xlink:label="loc_us-gaapEquityMethodInvestmentOwnershipPercentage_30" />
      <link:definitionArc xlink:arcrole="http://xbrl.org/int/dim/arcrole/domain-member" xlink:from="loc_us-gaapSubsequentEventLineItems" xlink:to="loc_us-gaapEquityMethodInvestmentOwnershipPercentage_30" xlink:type="arc" order="0" />
      <link:loc xlink:type="locator" xlink:href="http://xbrl.fasb.org/us-gaap/2013/elts/us-gaap-2013-01-31.xsd#us-gaap_RealEstateInvestmentsJointVentures" xlink:label="loc_us-gaapRealEstateInvestmentsJointVentures_30" />
      <link:definitionArc xlink:arcrole="http://xbrl.org/int/dim/arcrole/domain-member" xlink:from="loc_us-gaapSubsequentEventLineItems" xlink:to="loc_us-gaapRealEstateInvestmentsJointVentures_30" xlink:type="arc" order="1" />
      <link:loc xlink:type="locator" xlink:href="urt-20130630.xsd#urt_PropertyLeasedPercent" xlink:label="loc_urtPropertyLeasedPercent_30" />
      <link:definitionArc xlink:arcrole="http://xbrl.org/int/dim/arcrole/domain-member" xlink:from="loc_us-gaapSubsequentEventLineItems" xlink:to="loc_urtPropertyLeasedPercent_30" xlink:type="arc" order="2" />
      <link:loc xlink:type="locator" xlink:href="http://xbrl.fasb.org/us-gaap/2013/elts/us-gaap-2013-01-31.xsd#us-gaap_PartnersCapitalAccountSaleOfUnits" xlink:label="loc_us-gaapPartnersCapitalAccountSaleOfUnits_30" />
      <link:definitionArc xlink:arcrole="http://xbrl.org/int/dim/arcrole/domain-member" xlink:from="loc_us-gaapSubsequentEventLineItems" xlink:to="loc_us-gaapPartnersCapitalAccountSaleOfUnits_30" xlink:type="arc" order="3" />
      <link:loc xlink:type="locator" xlink:href="http://xbrl.fasb.org/us-gaap/2013/elts/us-gaap-2013-01-31.xsd#us-gaap_PartnersCapitalAccountUnitsSaleOfUnits" xlink:label="loc_us-gaapPartnersCapitalAccountUnitsSaleOfUnits_30" />
      <link:definitionArc xlink:arcrole="http://xbrl.org/int/dim/arcrole/domain-member" xlink:from="loc_us-gaapSubsequentEventLineItems" xlink:to="loc_us-gaapPartnersCapitalAccountUnitsSaleOfUnits_30" xlink:type="arc" order="4" />
      <link:loc xlink:type="locator" xlink:href="urt-20130630.xsd#urt_NumberOfApartments" xlink:label="loc_urtNumberOfApartments_30" />
      <link:definitionArc xlink:arcrole="http://xbrl.org/int/dim/arcrole/domain-member" xlink:from="loc_us-gaapSubsequentEventLineItems" xlink:to="loc_urtNumberOfApartments_30" xlink:type="arc" order="5" />
    </link:definitionLink>
</link:linkbase>
