<?xml version="1.0" encoding="US-ASCII" standalone="no"?>
    <!-- Field: Doc-Info; Name: Generator; Value: GoFiler Complete; Version: 3.5d -->
    <!-- Field: Doc-Info; Name: VendorURI; Value: http://www.novaworks.co -->
    <!-- Field: Doc-Info; Name: Source; Value: P:\EDGARizer\Clients\United Realty Trust\XBRL\20130630\urp_06302013.xfr; Date: 2013/08/14T20:57:26 -->
    <!-- Field: Doc-Info; Name: Status; Value: 0x00000000 -->
<link:linkbase xmlns:xsi="http://www.w3.org/2001/XMLSchema-instance" xmlns:xlink="http://www.w3.org/1999/xlink" xmlns:link="http://www.xbrl.org/2003/linkbase" xmlns:xbrli="http://www.xbrl.org/2003/instance" xsi:schemaLocation="http://www.xbrl.org/2003/linkbase http://www.xbrl.org/2003/xbrl-linkbase-2003-12-31.xsd">
    <link:roleRef roleURI="http://unitedrealtytrust.com/role/DocumentAndEntityInformation" xlink:href="urt-20130630.xsd#DocumentAndEntityInformation" xlink:type="simple" />
    <link:roleRef roleURI="http://unitedrealtytrust.com/role/ConsolidatedBalanceSheets" xlink:href="urt-20130630.xsd#ConsolidatedBalanceSheets" xlink:type="simple" />
    <link:roleRef roleURI="http://unitedrealtytrust.com/role/ConsolidatedBalanceSheetsParenthetical" xlink:href="urt-20130630.xsd#ConsolidatedBalanceSheetsParenthetical" xlink:type="simple" />
    <link:roleRef roleURI="http://unitedrealtytrust.com/role/ConsolidatedStatementsOfOperations" xlink:href="urt-20130630.xsd#ConsolidatedStatementsOfOperations" xlink:type="simple" />
    <link:roleRef roleURI="http://unitedrealtytrust.com/role/ConsolidatedStatementOfEquity" xlink:href="urt-20130630.xsd#ConsolidatedStatementOfEquity" xlink:type="simple" />
    <link:roleRef roleURI="http://unitedrealtytrust.com/role/ConsolidatedStatementOfCashFlow" xlink:href="urt-20130630.xsd#ConsolidatedStatementOfCashFlow" xlink:type="simple" />
    <link:roleRef roleURI="http://unitedrealtytrust.com/role/Organization" xlink:href="urt-20130630.xsd#Organization" xlink:type="simple" />
    <link:roleRef roleURI="http://unitedrealtytrust.com/role/SummaryOfSignificantAccountingPolicies" xlink:href="urt-20130630.xsd#SummaryOfSignificantAccountingPolicies" xlink:type="simple" />
    <link:roleRef roleURI="http://unitedrealtytrust.com/role/RealEstateInvestments" xlink:href="urt-20130630.xsd#RealEstateInvestments" xlink:type="simple" />
    <link:roleRef roleURI="http://unitedrealtytrust.com/role/MortgageNotesPayable" xlink:href="urt-20130630.xsd#MortgageNotesPayable" xlink:type="simple" />
    <link:roleRef roleURI="http://unitedrealtytrust.com/role/Capitalization" xlink:href="urt-20130630.xsd#Capitalization" xlink:type="simple" />
    <link:roleRef roleURI="http://unitedrealtytrust.com/role/StockIncentivePlan" xlink:href="urt-20130630.xsd#StockIncentivePlan" xlink:type="simple" />
    <link:roleRef roleURI="http://unitedrealtytrust.com/role/RelatedPartyArrangements" xlink:href="urt-20130630.xsd#RelatedPartyArrangements" xlink:type="simple" />
    <link:roleRef roleURI="http://unitedrealtytrust.com/role/DealerManager" xlink:href="urt-20130630.xsd#DealerManager" xlink:type="simple" />
    <link:roleRef roleURI="http://unitedrealtytrust.com/role/Distributions" xlink:href="urt-20130630.xsd#Distributions" xlink:type="simple" />
    <link:roleRef roleURI="http://unitedrealtytrust.com/role/EconomicDependency" xlink:href="urt-20130630.xsd#EconomicDependency" xlink:type="simple" />
    <link:roleRef roleURI="http://unitedrealtytrust.com/role/SubsequentEvents" xlink:href="urt-20130630.xsd#SubsequentEvents" xlink:type="simple" />
    <link:roleRef roleURI="http://unitedrealtytrust.com/role/SummaryOfSignificantAccountingPoliciesPolicies" xlink:href="urt-20130630.xsd#SummaryOfSignificantAccountingPoliciesPolicies" xlink:type="simple" />
    <link:roleRef roleURI="http://unitedrealtytrust.com/role/SummaryOfSignificantAccountingPoliciesTables" xlink:href="urt-20130630.xsd#SummaryOfSignificantAccountingPoliciesTables" xlink:type="simple" />
    <link:roleRef roleURI="http://unitedrealtytrust.com/role/RealEstateInvestmentsTables" xlink:href="urt-20130630.xsd#RealEstateInvestmentsTables" xlink:type="simple" />
    <link:roleRef roleURI="http://unitedrealtytrust.com/role/MortgageNotesPayableTables" xlink:href="urt-20130630.xsd#MortgageNotesPayableTables" xlink:type="simple" />
    <link:roleRef roleURI="http://unitedrealtytrust.com/role/RelatedPartyArrangementsTables" xlink:href="urt-20130630.xsd#RelatedPartyArrangementsTables" xlink:type="simple" />
    <link:roleRef roleURI="http://unitedrealtytrust.com/role/OrganizationDetailsNarrative" xlink:href="urt-20130630.xsd#OrganizationDetailsNarrative" xlink:type="simple" />
    <link:roleRef roleURI="http://unitedrealtytrust.com/role/SummaryOfSignificantAccountingPoliciesDetailsNarrative" xlink:href="urt-20130630.xsd#SummaryOfSignificantAccountingPoliciesDetailsNarrative" xlink:type="simple" />
    <link:roleRef roleURI="http://unitedrealtytrust.com/role/SummaryOfSignificantAccountingPoliciesDetails" xlink:href="urt-20130630.xsd#SummaryOfSignificantAccountingPoliciesDetails" xlink:type="simple" />
    <link:roleRef roleURI="http://unitedrealtytrust.com/role/SummaryOfSignificantAccountingPoliciesDetails1" xlink:href="urt-20130630.xsd#SummaryOfSignificantAccountingPoliciesDetails1" xlink:type="simple" />
    <link:roleRef roleURI="http://unitedrealtytrust.com/role/RealEstateInvestmentsDetailsNarrative" xlink:href="urt-20130630.xsd#RealEstateInvestmentsDetailsNarrative" xlink:type="simple" />
    <link:roleRef roleURI="http://unitedrealtytrust.com/role/RealEstateInvestmentsDetailsNarrative1" xlink:href="urt-20130630.xsd#RealEstateInvestmentsDetailsNarrative1" xlink:type="simple" />
    <link:roleRef roleURI="http://unitedrealtytrust.com/role/RealEstateInvestmentsDetails" xlink:href="urt-20130630.xsd#RealEstateInvestmentsDetails" xlink:type="simple" />
    <link:roleRef roleURI="http://unitedrealtytrust.com/role/RealEstateInvestmentsDetails1" xlink:href="urt-20130630.xsd#RealEstateInvestmentsDetails1" xlink:type="simple" />
    <link:roleRef roleURI="http://unitedrealtytrust.com/role/MortgageNotesPayableDetailsNarrative" xlink:href="urt-20130630.xsd#MortgageNotesPayableDetailsNarrative" xlink:type="simple" />
    <link:roleRef roleURI="http://unitedrealtytrust.com/role/MortgageNotesPayableDetails" xlink:href="urt-20130630.xsd#MortgageNotesPayableDetails" xlink:type="simple" />
    <link:roleRef roleURI="http://unitedrealtytrust.com/role/CapitalizationDetailsNarrative" xlink:href="urt-20130630.xsd#CapitalizationDetailsNarrative" xlink:type="simple" />
    <link:roleRef roleURI="http://unitedrealtytrust.com/role/StockIncentivePlanDetailsNarrative" xlink:href="urt-20130630.xsd#StockIncentivePlanDetailsNarrative" xlink:type="simple" />
    <link:roleRef roleURI="http://unitedrealtytrust.com/role/RelatedPartyArrangementsDetails" xlink:href="urt-20130630.xsd#RelatedPartyArrangementsDetails" xlink:type="simple" />
    <link:roleRef roleURI="http://unitedrealtytrust.com/role/DealerManagerDetailsNarrative" xlink:href="urt-20130630.xsd#DealerManagerDetailsNarrative" xlink:type="simple" />
    <link:roleRef roleURI="http://unitedrealtytrust.com/role/SubsequentEventsDetailsNarrative" xlink:href="urt-20130630.xsd#SubsequentEventsDetailsNarrative" xlink:type="simple" />
    <link:calculationLink xlink:type="extended" xlink:role="http://unitedrealtytrust.com/role/DocumentAndEntityInformation" xlink:title="0001 - Document - Document and Entity Information" />
    <link:calculationLink xlink:type="extended" xlink:role="http://unitedrealtytrust.com/role/ConsolidatedBalanceSheets" xlink:title="0002 - Statement - CONSOLIDATED BALANCE SHEETS (Unaudited)">
      <link:loc xlink:type="locator" xlink:href="http://xbrl.fasb.org/us-gaap/2013/elts/us-gaap-2013-01-31.xsd#us-gaap_RealEstateInvestmentPropertyAtCost" xlink:label="loc_us-gaapRealEstateInvestmentPropertyAtCost" />
      <link:loc xlink:type="locator" xlink:href="http://xbrl.fasb.org/us-gaap/2013/elts/us-gaap-2013-01-31.xsd#us-gaap_Land" xlink:label="loc_us-gaapLand" />
      <link:calculationArc order="100" xlink:arcrole="http://www.xbrl.org/2003/arcrole/summation-item" xlink:from="loc_us-gaapRealEstateInvestmentPropertyAtCost" xlink:to="loc_us-gaapLand" xlink:type="arc" weight="1" />
      <link:loc xlink:type="locator" xlink:href="http://xbrl.fasb.org/us-gaap/2013/elts/us-gaap-2013-01-31.xsd#us-gaap_InvestmentBuildingAndBuildingImprovements" xlink:label="loc_us-gaapInvestmentBuildingAndBuildingImprovements" />
      <link:calculationArc order="200" xlink:arcrole="http://www.xbrl.org/2003/arcrole/summation-item" xlink:from="loc_us-gaapRealEstateInvestmentPropertyAtCost" xlink:to="loc_us-gaapInvestmentBuildingAndBuildingImprovements" xlink:type="arc" weight="1" />
      <link:loc xlink:type="locator" xlink:href="http://xbrl.fasb.org/us-gaap/2013/elts/us-gaap-2013-01-31.xsd#us-gaap_RealEstateInvestmentPropertyNet" xlink:label="loc_us-gaapRealEstateInvestmentPropertyNet" />
      <link:calculationArc order="100" xlink:arcrole="http://www.xbrl.org/2003/arcrole/summation-item" xlink:from="loc_us-gaapRealEstateInvestmentPropertyNet" xlink:to="loc_us-gaapRealEstateInvestmentPropertyAtCost" xlink:type="arc" weight="1" />
      <link:loc xlink:type="locator" xlink:href="http://xbrl.fasb.org/us-gaap/2013/elts/us-gaap-2013-01-31.xsd#us-gaap_RealEstateInvestmentPropertyAccumulatedDepreciation" xlink:label="loc_us-gaapRealEstateInvestmentPropertyAccumulatedDepreciation" />
      <link:calculationArc order="200" xlink:arcrole="http://www.xbrl.org/2003/arcrole/summation-item" xlink:from="loc_us-gaapRealEstateInvestmentPropertyNet" xlink:to="loc_us-gaapRealEstateInvestmentPropertyAccumulatedDepreciation" xlink:type="arc" weight="-1" />
      <link:loc xlink:type="locator" xlink:href="http://xbrl.fasb.org/us-gaap/2013/elts/us-gaap-2013-01-31.xsd#us-gaap_RealEstateInvestments" xlink:label="loc_us-gaapRealEstateInvestments" />
      <link:calculationArc order="100" xlink:arcrole="http://www.xbrl.org/2003/arcrole/summation-item" xlink:from="loc_us-gaapRealEstateInvestments" xlink:to="loc_us-gaapRealEstateInvestmentPropertyNet" xlink:type="arc" weight="1" />
      <link:loc xlink:type="locator" xlink:href="http://xbrl.fasb.org/us-gaap/2013/elts/us-gaap-2013-01-31.xsd#us-gaap_MortgageLoansOnRealEstateCommercialAndConsumerNet" xlink:label="loc_us-gaapMortgageLoansOnRealEstateCommercialAndConsumerNet" />
      <link:calculationArc order="200" xlink:arcrole="http://www.xbrl.org/2003/arcrole/summation-item" xlink:from="loc_us-gaapRealEstateInvestments" xlink:to="loc_us-gaapMortgageLoansOnRealEstateCommercialAndConsumerNet" xlink:type="arc" weight="1" />
      <link:loc xlink:type="locator" xlink:href="http://xbrl.fasb.org/us-gaap/2013/elts/us-gaap-2013-01-31.xsd#us-gaap_Assets" xlink:label="loc_us-gaapAssets" />
      <link:calculationArc order="100" xlink:arcrole="http://www.xbrl.org/2003/arcrole/summation-item" xlink:from="loc_us-gaapAssets" xlink:to="loc_us-gaapRealEstateInvestments" xlink:type="arc" weight="1" />
      <link:loc xlink:type="locator" xlink:href="http://xbrl.fasb.org/us-gaap/2013/elts/us-gaap-2013-01-31.xsd#us-gaap_CashAndCashEquivalentsAtCarryingValue" xlink:label="loc_us-gaapCashAndCashEquivalentsAtCarryingValue" />
      <link:calculationArc order="200" xlink:arcrole="http://www.xbrl.org/2003/arcrole/summation-item" xlink:from="loc_us-gaapAssets" xlink:to="loc_us-gaapCashAndCashEquivalentsAtCarryingValue" xlink:type="arc" weight="1" />
      <link:loc xlink:type="locator" xlink:href="http://xbrl.fasb.org/us-gaap/2013/elts/us-gaap-2013-01-31.xsd#us-gaap_RestrictedCashAndCashEquivalents" xlink:label="loc_us-gaapRestrictedCashAndCashEquivalents" />
      <link:calculationArc order="300" xlink:arcrole="http://www.xbrl.org/2003/arcrole/summation-item" xlink:from="loc_us-gaapAssets" xlink:to="loc_us-gaapRestrictedCashAndCashEquivalents" xlink:type="arc" weight="1" />
      <link:loc xlink:type="locator" xlink:href="http://xbrl.fasb.org/us-gaap/2013/elts/us-gaap-2013-01-31.xsd#us-gaap_PrepaidExpenseCurrentAndNoncurrent" xlink:label="loc_us-gaapPrepaidExpenseCurrentAndNoncurrent" />
      <link:calculationArc order="400" xlink:arcrole="http://www.xbrl.org/2003/arcrole/summation-item" xlink:from="loc_us-gaapAssets" xlink:to="loc_us-gaapPrepaidExpenseCurrentAndNoncurrent" xlink:type="arc" weight="1" />
      <link:loc xlink:type="locator" xlink:href="urt-20130630.xsd#urt_TenantReceivables" xlink:label="loc_urtTenantReceivables" />
      <link:calculationArc order="500" xlink:arcrole="http://www.xbrl.org/2003/arcrole/summation-item" xlink:from="loc_us-gaapAssets" xlink:to="loc_urtTenantReceivables" xlink:type="arc" weight="1" />
      <link:loc xlink:type="locator" xlink:href="http://xbrl.fasb.org/us-gaap/2013/elts/us-gaap-2013-01-31.xsd#us-gaap_IntangibleAssetsNetExcludingGoodwill" xlink:label="loc_us-gaapIntangibleAssetsNetExcludingGoodwill" />
      <link:calculationArc order="600" xlink:arcrole="http://www.xbrl.org/2003/arcrole/summation-item" xlink:from="loc_us-gaapAssets" xlink:to="loc_us-gaapIntangibleAssetsNetExcludingGoodwill" xlink:type="arc" weight="1" />
      <link:loc xlink:type="locator" xlink:href="http://xbrl.fasb.org/us-gaap/2013/elts/us-gaap-2013-01-31.xsd#us-gaap_DeferredCostsCurrentAndNoncurrent" xlink:label="loc_us-gaapDeferredCostsCurrentAndNoncurrent" />
      <link:calculationArc order="700" xlink:arcrole="http://www.xbrl.org/2003/arcrole/summation-item" xlink:from="loc_us-gaapAssets" xlink:to="loc_us-gaapDeferredCostsCurrentAndNoncurrent" xlink:type="arc" weight="1" />
      <link:loc xlink:type="locator" xlink:href="http://xbrl.fasb.org/us-gaap/2013/elts/us-gaap-2013-01-31.xsd#us-gaap_Liabilities" xlink:label="loc_us-gaapLiabilities" />
      <link:loc xlink:type="locator" xlink:href="http://xbrl.fasb.org/us-gaap/2013/elts/us-gaap-2013-01-31.xsd#us-gaap_LongTermDebt" xlink:label="loc_us-gaapLongTermDebt" />
      <link:calculationArc order="100" xlink:arcrole="http://www.xbrl.org/2003/arcrole/summation-item" xlink:from="loc_us-gaapLiabilities" xlink:to="loc_us-gaapLongTermDebt" xlink:type="arc" weight="1" />
      <link:loc xlink:type="locator" xlink:href="urt-20130630.xsd#urt_IntangibleLeaseLiabliltyAcquired" xlink:label="loc_urtIntangibleLeaseLiabliltyAcquired" />
      <link:calculationArc order="200" xlink:arcrole="http://www.xbrl.org/2003/arcrole/summation-item" xlink:from="loc_us-gaapLiabilities" xlink:to="loc_urtIntangibleLeaseLiabliltyAcquired" xlink:type="arc" weight="1" />
      <link:loc xlink:type="locator" xlink:href="http://xbrl.fasb.org/us-gaap/2013/elts/us-gaap-2013-01-31.xsd#us-gaap_DueFromAffiliates" xlink:label="loc_us-gaapDueFromAffiliates" />
      <link:calculationArc order="300" xlink:arcrole="http://www.xbrl.org/2003/arcrole/summation-item" xlink:from="loc_us-gaapLiabilities" xlink:to="loc_us-gaapDueFromAffiliates" xlink:type="arc" weight="-1" />
      <link:loc xlink:type="locator" xlink:href="http://xbrl.fasb.org/us-gaap/2013/elts/us-gaap-2013-01-31.xsd#us-gaap_AccountsPayableCurrentAndNoncurrent" xlink:label="loc_us-gaapAccountsPayableCurrentAndNoncurrent" />
      <link:calculationArc order="400" xlink:arcrole="http://www.xbrl.org/2003/arcrole/summation-item" xlink:from="loc_us-gaapLiabilities" xlink:to="loc_us-gaapAccountsPayableCurrentAndNoncurrent" xlink:type="arc" weight="1" />
      <link:loc xlink:type="locator" xlink:href="http://xbrl.fasb.org/us-gaap/2013/elts/us-gaap-2013-01-31.xsd#us-gaap_DeferredRevenueLeasesNet" xlink:label="loc_us-gaapDeferredRevenueLeasesNet" />
      <link:calculationArc order="500" xlink:arcrole="http://www.xbrl.org/2003/arcrole/summation-item" xlink:from="loc_us-gaapLiabilities" xlink:to="loc_us-gaapDeferredRevenueLeasesNet" xlink:type="arc" weight="1" />
      <link:loc xlink:type="locator" xlink:href="http://xbrl.fasb.org/us-gaap/2013/elts/us-gaap-2013-01-31.xsd#us-gaap_DividendsPayableCurrentAndNoncurrent" xlink:label="loc_us-gaapDividendsPayableCurrentAndNoncurrent" />
      <link:calculationArc order="600" xlink:arcrole="http://www.xbrl.org/2003/arcrole/summation-item" xlink:from="loc_us-gaapLiabilities" xlink:to="loc_us-gaapDividendsPayableCurrentAndNoncurrent" xlink:type="arc" weight="1" />
      <link:loc xlink:type="locator" xlink:href="http://xbrl.fasb.org/us-gaap/2013/elts/us-gaap-2013-01-31.xsd#us-gaap_StockholdersEquity" xlink:label="loc_us-gaapStockholdersEquity" />
      <link:loc xlink:type="locator" xlink:href="http://xbrl.fasb.org/us-gaap/2013/elts/us-gaap-2013-01-31.xsd#us-gaap_PreferredStockValue" xlink:label="loc_us-gaapPreferredStockValue" />
      <link:calculationArc order="100" xlink:arcrole="http://www.xbrl.org/2003/arcrole/summation-item" xlink:from="loc_us-gaapStockholdersEquity" xlink:to="loc_us-gaapPreferredStockValue" xlink:type="arc" weight="1" />
      <link:loc xlink:type="locator" xlink:href="http://xbrl.fasb.org/us-gaap/2013/elts/us-gaap-2013-01-31.xsd#us-gaap_CommonStockValue" xlink:label="loc_us-gaapCommonStockValue" />
      <link:calculationArc order="200" xlink:arcrole="http://www.xbrl.org/2003/arcrole/summation-item" xlink:from="loc_us-gaapStockholdersEquity" xlink:to="loc_us-gaapCommonStockValue" xlink:type="arc" weight="1" />
      <link:loc xlink:type="locator" xlink:href="http://xbrl.fasb.org/us-gaap/2013/elts/us-gaap-2013-01-31.xsd#us-gaap_AdditionalPaidInCapital" xlink:label="loc_us-gaapAdditionalPaidInCapital" />
      <link:calculationArc order="300" xlink:arcrole="http://www.xbrl.org/2003/arcrole/summation-item" xlink:from="loc_us-gaapStockholdersEquity" xlink:to="loc_us-gaapAdditionalPaidInCapital" xlink:type="arc" weight="1" />
      <link:loc xlink:type="locator" xlink:href="http://xbrl.fasb.org/us-gaap/2013/elts/us-gaap-2013-01-31.xsd#us-gaap_RetainedEarningsAccumulatedDeficit" xlink:label="loc_us-gaapRetainedEarningsAccumulatedDeficit" />
      <link:calculationArc order="400" xlink:arcrole="http://www.xbrl.org/2003/arcrole/summation-item" xlink:from="loc_us-gaapStockholdersEquity" xlink:to="loc_us-gaapRetainedEarningsAccumulatedDeficit" xlink:type="arc" weight="1" />
      <link:loc xlink:type="locator" xlink:href="http://xbrl.fasb.org/us-gaap/2013/elts/us-gaap-2013-01-31.xsd#us-gaap_StockholdersEquityIncludingPortionAttributableToNoncontrollingInterest" xlink:label="loc_us-gaapStockholdersEquityIncludingPortionAttributableToNoncontrollingInterest" />
      <link:calculationArc order="100" xlink:arcrole="http://www.xbrl.org/2003/arcrole/summation-item" xlink:from="loc_us-gaapStockholdersEquityIncludingPortionAttributableToNoncontrollingInterest" xlink:to="loc_us-gaapStockholdersEquity" xlink:type="arc" weight="1" />
      <link:loc xlink:type="locator" xlink:href="http://xbrl.fasb.org/us-gaap/2013/elts/us-gaap-2013-01-31.xsd#us-gaap_MinorityInterest" xlink:label="loc_us-gaapMinorityInterest" />
      <link:calculationArc order="200" xlink:arcrole="http://www.xbrl.org/2003/arcrole/summation-item" xlink:from="loc_us-gaapStockholdersEquityIncludingPortionAttributableToNoncontrollingInterest" xlink:to="loc_us-gaapMinorityInterest" xlink:type="arc" weight="1" />
      <link:loc xlink:type="locator" xlink:href="http://xbrl.fasb.org/us-gaap/2013/elts/us-gaap-2013-01-31.xsd#us-gaap_LiabilitiesAndStockholdersEquity" xlink:label="loc_us-gaapLiabilitiesAndStockholdersEquity" />
      <link:calculationArc order="100" xlink:arcrole="http://www.xbrl.org/2003/arcrole/summation-item" xlink:from="loc_us-gaapLiabilitiesAndStockholdersEquity" xlink:to="loc_us-gaapLiabilities" xlink:type="arc" weight="1" />
      <link:calculationArc order="200" xlink:arcrole="http://www.xbrl.org/2003/arcrole/summation-item" xlink:from="loc_us-gaapLiabilitiesAndStockholdersEquity" xlink:to="loc_us-gaapStockholdersEquityIncludingPortionAttributableToNoncontrollingInterest" xlink:type="arc" weight="1" />
    </link:calculationLink>
    <link:calculationLink xlink:type="extended" xlink:role="http://unitedrealtytrust.com/role/ConsolidatedBalanceSheetsParenthetical" xlink:title="0003 - Statement - CONSOLIDATED BALANCE SHEETS (Parenthetical)" />
    <link:calculationLink xlink:type="extended" xlink:role="http://unitedrealtytrust.com/role/ConsolidatedStatementsOfOperations" xlink:title="0004 - Statement - CONSOLIDATED STATEMENTS OF OPERATIONS (Unaudited)">
      <link:loc xlink:type="locator" xlink:href="http://xbrl.fasb.org/us-gaap/2013/elts/us-gaap-2013-01-31.xsd#us-gaap_RealEstateRevenueNet" xlink:label="loc_us-gaapRealEstateRevenueNet" />
      <link:loc xlink:type="locator" xlink:href="http://xbrl.fasb.org/us-gaap/2013/elts/us-gaap-2013-01-31.xsd#us-gaap_OperatingLeasesIncomeStatementLeaseRevenue" xlink:label="loc_us-gaapOperatingLeasesIncomeStatementLeaseRevenue" />
      <link:calculationArc order="100" xlink:arcrole="http://www.xbrl.org/2003/arcrole/summation-item" xlink:from="loc_us-gaapRealEstateRevenueNet" xlink:to="loc_us-gaapOperatingLeasesIncomeStatementLeaseRevenue" xlink:type="arc" weight="1" />
      <link:loc xlink:type="locator" xlink:href="http://xbrl.fasb.org/us-gaap/2013/elts/us-gaap-2013-01-31.xsd#us-gaap_TenantReimbursements" xlink:label="loc_us-gaapTenantReimbursements" />
      <link:calculationArc order="200" xlink:arcrole="http://www.xbrl.org/2003/arcrole/summation-item" xlink:from="loc_us-gaapRealEstateRevenueNet" xlink:to="loc_us-gaapTenantReimbursements" xlink:type="arc" weight="1" />
      <link:loc xlink:type="locator" xlink:href="http://xbrl.fasb.org/us-gaap/2013/elts/us-gaap-2013-01-31.xsd#us-gaap_OperatingExpenses" xlink:label="loc_us-gaapOperatingExpenses" />
      <link:loc xlink:type="locator" xlink:href="http://xbrl.fasb.org/us-gaap/2013/elts/us-gaap-2013-01-31.xsd#us-gaap_CostOfOtherPropertyOperatingExpense" xlink:label="loc_us-gaapCostOfOtherPropertyOperatingExpense" />
      <link:calculationArc order="100" xlink:arcrole="http://www.xbrl.org/2003/arcrole/summation-item" xlink:from="loc_us-gaapOperatingExpenses" xlink:to="loc_us-gaapCostOfOtherPropertyOperatingExpense" xlink:type="arc" weight="1" />
      <link:loc xlink:type="locator" xlink:href="urt-20130630.xsd#urt_PropertyTaxes" xlink:label="loc_urtPropertyTaxes" />
      <link:calculationArc order="200" xlink:arcrole="http://www.xbrl.org/2003/arcrole/summation-item" xlink:from="loc_us-gaapOperatingExpenses" xlink:to="loc_urtPropertyTaxes" xlink:type="arc" weight="1" />
      <link:loc xlink:type="locator" xlink:href="http://xbrl.fasb.org/us-gaap/2013/elts/us-gaap-2013-01-31.xsd#us-gaap_GeneralAndAdministrativeExpense" xlink:label="loc_us-gaapGeneralAndAdministrativeExpense" />
      <link:calculationArc order="300" xlink:arcrole="http://www.xbrl.org/2003/arcrole/summation-item" xlink:from="loc_us-gaapOperatingExpenses" xlink:to="loc_us-gaapGeneralAndAdministrativeExpense" xlink:type="arc" weight="1" />
      <link:loc xlink:type="locator" xlink:href="http://xbrl.fasb.org/us-gaap/2013/elts/us-gaap-2013-01-31.xsd#us-gaap_DepreciationAndAmortization" xlink:label="loc_us-gaapDepreciationAndAmortization" />
      <link:calculationArc order="400" xlink:arcrole="http://www.xbrl.org/2003/arcrole/summation-item" xlink:from="loc_us-gaapOperatingExpenses" xlink:to="loc_us-gaapDepreciationAndAmortization" xlink:type="arc" weight="1" />
      <link:loc xlink:type="locator" xlink:href="http://xbrl.fasb.org/us-gaap/2013/elts/us-gaap-2013-01-31.xsd#us-gaap_BusinessCombinationAcquisitionRelatedCosts" xlink:label="loc_us-gaapBusinessCombinationAcquisitionRelatedCosts" />
      <link:calculationArc order="500" xlink:arcrole="http://www.xbrl.org/2003/arcrole/summation-item" xlink:from="loc_us-gaapOperatingExpenses" xlink:to="loc_us-gaapBusinessCombinationAcquisitionRelatedCosts" xlink:type="arc" weight="1" />
      <link:loc xlink:type="locator" xlink:href="http://xbrl.fasb.org/us-gaap/2013/elts/us-gaap-2013-01-31.xsd#us-gaap_OperatingIncomeLoss" xlink:label="loc_us-gaapOperatingIncomeLoss" />
      <link:calculationArc order="100" xlink:arcrole="http://www.xbrl.org/2003/arcrole/summation-item" xlink:from="loc_us-gaapOperatingIncomeLoss" xlink:to="loc_us-gaapRealEstateRevenueNet" xlink:type="arc" weight="1" />
      <link:calculationArc order="200" xlink:arcrole="http://www.xbrl.org/2003/arcrole/summation-item" xlink:from="loc_us-gaapOperatingIncomeLoss" xlink:to="loc_us-gaapOperatingExpenses" xlink:type="arc" weight="-1" />
      <link:loc xlink:type="locator" xlink:href="http://xbrl.fasb.org/us-gaap/2013/elts/us-gaap-2013-01-31.xsd#us-gaap_ProfitLoss" xlink:label="loc_us-gaapProfitLoss" />
      <link:calculationArc order="100" xlink:arcrole="http://www.xbrl.org/2003/arcrole/summation-item" xlink:from="loc_us-gaapProfitLoss" xlink:to="loc_us-gaapOperatingIncomeLoss" xlink:type="arc" weight="1" />
      <link:loc xlink:type="locator" xlink:href="http://xbrl.fasb.org/us-gaap/2013/elts/us-gaap-2013-01-31.xsd#us-gaap_InterestAndDebtExpense" xlink:label="loc_us-gaapInterestAndDebtExpense" />
      <link:calculationArc order="200" xlink:arcrole="http://www.xbrl.org/2003/arcrole/summation-item" xlink:from="loc_us-gaapProfitLoss" xlink:to="loc_us-gaapInterestAndDebtExpense" xlink:type="arc" weight="-1" />
      <link:loc xlink:type="locator" xlink:href="http://xbrl.fasb.org/us-gaap/2013/elts/us-gaap-2013-01-31.xsd#us-gaap_NetIncomeLoss" xlink:label="loc_us-gaapNetIncomeLoss" />
      <link:calculationArc order="100" xlink:arcrole="http://www.xbrl.org/2003/arcrole/summation-item" xlink:from="loc_us-gaapNetIncomeLoss" xlink:to="loc_us-gaapProfitLoss" xlink:type="arc" weight="1" />
      <link:loc xlink:type="locator" xlink:href="http://xbrl.fasb.org/us-gaap/2013/elts/us-gaap-2013-01-31.xsd#us-gaap_NetIncomeLossAttributableToNoncontrollingInterest" xlink:label="loc_us-gaapNetIncomeLossAttributableToNoncontrollingInterest" />
      <link:calculationArc order="200" xlink:arcrole="http://www.xbrl.org/2003/arcrole/summation-item" xlink:from="loc_us-gaapNetIncomeLoss" xlink:to="loc_us-gaapNetIncomeLossAttributableToNoncontrollingInterest" xlink:type="arc" weight="-1" />
    </link:calculationLink>
    <link:calculationLink xlink:type="extended" xlink:role="http://unitedrealtytrust.com/role/ConsolidatedStatementOfEquity" xlink:title="0005 - Statement - CONSOLIDATED STATEMENT OF EQUITY (Unaudited)" />
    <link:calculationLink xlink:type="extended" xlink:role="http://unitedrealtytrust.com/role/ConsolidatedStatementOfCashFlow" xlink:title="0006 - Statement - CONSOLIDATED STATEMENT OF CASH FLOW (Unaudited)">
      <link:loc xlink:type="locator" xlink:href="http://xbrl.fasb.org/us-gaap/2013/elts/us-gaap-2013-01-31.xsd#us-gaap_NetCashProvidedByUsedInOperatingActivities" xlink:label="loc_us-gaapNetCashProvidedByUsedInOperatingActivities" />
      <link:loc xlink:type="locator" xlink:href="http://xbrl.fasb.org/us-gaap/2013/elts/us-gaap-2013-01-31.xsd#us-gaap_ProfitLoss" xlink:label="loc_us-gaapProfitLoss" />
      <link:calculationArc order="100" xlink:arcrole="http://www.xbrl.org/2003/arcrole/summation-item" xlink:from="loc_us-gaapNetCashProvidedByUsedInOperatingActivities" xlink:to="loc_us-gaapProfitLoss" xlink:type="arc" weight="1" />
      <link:loc xlink:type="locator" xlink:href="http://xbrl.fasb.org/us-gaap/2013/elts/us-gaap-2013-01-31.xsd#us-gaap_DepreciationDepletionAndAmortization" xlink:label="loc_us-gaapDepreciationDepletionAndAmortization" />
      <link:calculationArc order="200" xlink:arcrole="http://www.xbrl.org/2003/arcrole/summation-item" xlink:from="loc_us-gaapNetCashProvidedByUsedInOperatingActivities" xlink:to="loc_us-gaapDepreciationDepletionAndAmortization" xlink:type="arc" weight="1" />
      <link:loc xlink:type="locator" xlink:href="urt-20130630.xsd#urt_AmortizationOfBelowMarketRent" xlink:label="loc_urtAmortizationOfBelowMarketRent" />
      <link:calculationArc order="300" xlink:arcrole="http://www.xbrl.org/2003/arcrole/summation-item" xlink:from="loc_us-gaapNetCashProvidedByUsedInOperatingActivities" xlink:to="loc_urtAmortizationOfBelowMarketRent" xlink:type="arc" weight="1" />
      <link:loc xlink:type="locator" xlink:href="http://xbrl.fasb.org/us-gaap/2013/elts/us-gaap-2013-01-31.xsd#us-gaap_RestrictedStockExpense" xlink:label="loc_us-gaapRestrictedStockExpense" />
      <link:calculationArc order="400" xlink:arcrole="http://www.xbrl.org/2003/arcrole/summation-item" xlink:from="loc_us-gaapNetCashProvidedByUsedInOperatingActivities" xlink:to="loc_us-gaapRestrictedStockExpense" xlink:type="arc" weight="1" />
      <link:loc xlink:type="locator" xlink:href="urt-20130630.xsd#urt_IncreaseDecreaseMortgageEscrow" xlink:label="loc_urtIncreaseDecreaseMortgageEscrow" />
      <link:calculationArc order="500" xlink:arcrole="http://www.xbrl.org/2003/arcrole/summation-item" xlink:from="loc_us-gaapNetCashProvidedByUsedInOperatingActivities" xlink:to="loc_urtIncreaseDecreaseMortgageEscrow" xlink:type="arc" weight="1" />
      <link:loc xlink:type="locator" xlink:href="http://xbrl.fasb.org/us-gaap/2013/elts/us-gaap-2013-01-31.xsd#us-gaap_IncreaseDecreaseInPrepaidExpense" xlink:label="loc_us-gaapIncreaseDecreaseInPrepaidExpense" />
      <link:calculationArc order="600" xlink:arcrole="http://www.xbrl.org/2003/arcrole/summation-item" xlink:from="loc_us-gaapNetCashProvidedByUsedInOperatingActivities" xlink:to="loc_us-gaapIncreaseDecreaseInPrepaidExpense" xlink:type="arc" weight="-1" />
      <link:loc xlink:type="locator" xlink:href="urt-20130630.xsd#urt_IncreaseDecreaseInTenantReceivables" xlink:label="loc_urtIncreaseDecreaseInTenantReceivables" />
      <link:calculationArc order="700" xlink:arcrole="http://www.xbrl.org/2003/arcrole/summation-item" xlink:from="loc_us-gaapNetCashProvidedByUsedInOperatingActivities" xlink:to="loc_urtIncreaseDecreaseInTenantReceivables" xlink:type="arc" weight="-1" />
      <link:loc xlink:type="locator" xlink:href="http://xbrl.fasb.org/us-gaap/2013/elts/us-gaap-2013-01-31.xsd#us-gaap_IncreaseDecreaseInDueToAffiliates" xlink:label="loc_us-gaapIncreaseDecreaseInDueToAffiliates" />
      <link:calculationArc order="800" xlink:arcrole="http://www.xbrl.org/2003/arcrole/summation-item" xlink:from="loc_us-gaapNetCashProvidedByUsedInOperatingActivities" xlink:to="loc_us-gaapIncreaseDecreaseInDueToAffiliates" xlink:type="arc" weight="1" />
      <link:loc xlink:type="locator" xlink:href="http://xbrl.fasb.org/us-gaap/2013/elts/us-gaap-2013-01-31.xsd#us-gaap_IncreaseDecreaseInDeferredRevenue" xlink:label="loc_us-gaapIncreaseDecreaseInDeferredRevenue" />
      <link:calculationArc order="900" xlink:arcrole="http://www.xbrl.org/2003/arcrole/summation-item" xlink:from="loc_us-gaapNetCashProvidedByUsedInOperatingActivities" xlink:to="loc_us-gaapIncreaseDecreaseInDeferredRevenue" xlink:type="arc" weight="1" />
      <link:loc xlink:type="locator" xlink:href="http://xbrl.fasb.org/us-gaap/2013/elts/us-gaap-2013-01-31.xsd#us-gaap_IncreaseDecreaseInAccountsPayable" xlink:label="loc_us-gaapIncreaseDecreaseInAccountsPayable" />
      <link:calculationArc order="1000" xlink:arcrole="http://www.xbrl.org/2003/arcrole/summation-item" xlink:from="loc_us-gaapNetCashProvidedByUsedInOperatingActivities" xlink:to="loc_us-gaapIncreaseDecreaseInAccountsPayable" xlink:type="arc" weight="1" />
      <link:loc xlink:type="locator" xlink:href="http://xbrl.fasb.org/us-gaap/2013/elts/us-gaap-2013-01-31.xsd#us-gaap_AmortizationOfFinancingCosts" xlink:label="loc_us-gaapAmortizationOfFinancingCosts" />
      <link:calculationArc order="1100" xlink:arcrole="http://www.xbrl.org/2003/arcrole/summation-item" xlink:from="loc_us-gaapNetCashProvidedByUsedInOperatingActivities" xlink:to="loc_us-gaapAmortizationOfFinancingCosts" xlink:type="arc" weight="1" />
      <link:loc xlink:type="locator" xlink:href="http://xbrl.fasb.org/us-gaap/2013/elts/us-gaap-2013-01-31.xsd#us-gaap_NetCashProvidedByUsedInInvestingActivitiesContinuingOperations" xlink:label="loc_us-gaapNetCashProvidedByUsedInInvestingActivitiesContinuingOperations" />
      <link:loc xlink:type="locator" xlink:href="http://xbrl.fasb.org/us-gaap/2013/elts/us-gaap-2013-01-31.xsd#us-gaap_PaymentsToAcquireRealEstateHeldForInvestment" xlink:label="loc_us-gaapPaymentsToAcquireRealEstateHeldForInvestment" />
      <link:calculationArc order="100" xlink:arcrole="http://www.xbrl.org/2003/arcrole/summation-item" xlink:from="loc_us-gaapNetCashProvidedByUsedInInvestingActivitiesContinuingOperations" xlink:to="loc_us-gaapPaymentsToAcquireRealEstateHeldForInvestment" xlink:type="arc" weight="-1" />
      <link:loc xlink:type="locator" xlink:href="http://xbrl.fasb.org/us-gaap/2013/elts/us-gaap-2013-01-31.xsd#us-gaap_PaymentsForConstructionInProcess" xlink:label="loc_us-gaapPaymentsForConstructionInProcess" />
      <link:calculationArc order="200" xlink:arcrole="http://www.xbrl.org/2003/arcrole/summation-item" xlink:from="loc_us-gaapNetCashProvidedByUsedInInvestingActivitiesContinuingOperations" xlink:to="loc_us-gaapPaymentsForConstructionInProcess" xlink:type="arc" weight="-1" />
      <link:loc xlink:type="locator" xlink:href="http://xbrl.fasb.org/us-gaap/2013/elts/us-gaap-2013-01-31.xsd#us-gaap_NetCashProvidedByUsedInFinancingActivitiesContinuingOperations" xlink:label="loc_us-gaapNetCashProvidedByUsedInFinancingActivitiesContinuingOperations" />
      <link:loc xlink:type="locator" xlink:href="http://xbrl.fasb.org/us-gaap/2013/elts/us-gaap-2013-01-31.xsd#us-gaap_ProceedsFromIssuanceOfCommonStock" xlink:label="loc_us-gaapProceedsFromIssuanceOfCommonStock" />
      <link:calculationArc order="100" xlink:arcrole="http://www.xbrl.org/2003/arcrole/summation-item" xlink:from="loc_us-gaapNetCashProvidedByUsedInFinancingActivitiesContinuingOperations" xlink:to="loc_us-gaapProceedsFromIssuanceOfCommonStock" xlink:type="arc" weight="1" />
      <link:loc xlink:type="locator" xlink:href="http://xbrl.fasb.org/us-gaap/2013/elts/us-gaap-2013-01-31.xsd#us-gaap_ProceedsFromNotesPayable" xlink:label="loc_us-gaapProceedsFromNotesPayable" />
      <link:calculationArc order="200" xlink:arcrole="http://www.xbrl.org/2003/arcrole/summation-item" xlink:from="loc_us-gaapNetCashProvidedByUsedInFinancingActivitiesContinuingOperations" xlink:to="loc_us-gaapProceedsFromNotesPayable" xlink:type="arc" weight="1" />
      <link:loc xlink:type="locator" xlink:href="http://xbrl.fasb.org/us-gaap/2013/elts/us-gaap-2013-01-31.xsd#us-gaap_ProceedsFromPaymentsForOtherFinancingActivities" xlink:label="loc_us-gaapProceedsFromPaymentsForOtherFinancingActivities" />
      <link:calculationArc order="300" xlink:arcrole="http://www.xbrl.org/2003/arcrole/summation-item" xlink:from="loc_us-gaapNetCashProvidedByUsedInFinancingActivitiesContinuingOperations" xlink:to="loc_us-gaapProceedsFromPaymentsForOtherFinancingActivities" xlink:type="arc" weight="1" />
      <link:loc xlink:type="locator" xlink:href="http://xbrl.fasb.org/us-gaap/2013/elts/us-gaap-2013-01-31.xsd#us-gaap_ProceedsFromRepaymentsOfOtherLongTermDebt" xlink:label="loc_us-gaapProceedsFromRepaymentsOfOtherLongTermDebt" />
      <link:calculationArc order="400" xlink:arcrole="http://www.xbrl.org/2003/arcrole/summation-item" xlink:from="loc_us-gaapNetCashProvidedByUsedInFinancingActivitiesContinuingOperations" xlink:to="loc_us-gaapProceedsFromRepaymentsOfOtherLongTermDebt" xlink:type="arc" weight="1" />
      <link:loc xlink:type="locator" xlink:href="http://xbrl.fasb.org/us-gaap/2013/elts/us-gaap-2013-01-31.xsd#us-gaap_PaymentsOfStockIssuanceCosts" xlink:label="loc_us-gaapPaymentsOfStockIssuanceCosts" />
      <link:calculationArc order="500" xlink:arcrole="http://www.xbrl.org/2003/arcrole/summation-item" xlink:from="loc_us-gaapNetCashProvidedByUsedInFinancingActivitiesContinuingOperations" xlink:to="loc_us-gaapPaymentsOfStockIssuanceCosts" xlink:type="arc" weight="-1" />
      <link:loc xlink:type="locator" xlink:href="http://xbrl.fasb.org/us-gaap/2013/elts/us-gaap-2013-01-31.xsd#us-gaap_PaymentsOfDividendsCommonStock" xlink:label="loc_us-gaapPaymentsOfDividendsCommonStock" />
      <link:calculationArc order="600" xlink:arcrole="http://www.xbrl.org/2003/arcrole/summation-item" xlink:from="loc_us-gaapNetCashProvidedByUsedInFinancingActivitiesContinuingOperations" xlink:to="loc_us-gaapPaymentsOfDividendsCommonStock" xlink:type="arc" weight="-1" />
      <link:loc xlink:type="locator" xlink:href="http://xbrl.fasb.org/us-gaap/2013/elts/us-gaap-2013-01-31.xsd#us-gaap_PaymentsToMinorityShareholders" xlink:label="loc_us-gaapPaymentsToMinorityShareholders" />
      <link:calculationArc order="700" xlink:arcrole="http://www.xbrl.org/2003/arcrole/summation-item" xlink:from="loc_us-gaapNetCashProvidedByUsedInFinancingActivitiesContinuingOperations" xlink:to="loc_us-gaapPaymentsToMinorityShareholders" xlink:type="arc" weight="-1" />
      <link:loc xlink:type="locator" xlink:href="http://xbrl.fasb.org/us-gaap/2013/elts/us-gaap-2013-01-31.xsd#us-gaap_CashAndCashEquivalentsPeriodIncreaseDecrease" xlink:label="loc_us-gaapCashAndCashEquivalentsPeriodIncreaseDecrease" />
      <link:calculationArc order="100" xlink:arcrole="http://www.xbrl.org/2003/arcrole/summation-item" xlink:from="loc_us-gaapCashAndCashEquivalentsPeriodIncreaseDecrease" xlink:to="loc_us-gaapNetCashProvidedByUsedInOperatingActivities" xlink:type="arc" weight="1" />
      <link:calculationArc order="200" xlink:arcrole="http://www.xbrl.org/2003/arcrole/summation-item" xlink:from="loc_us-gaapCashAndCashEquivalentsPeriodIncreaseDecrease" xlink:to="loc_us-gaapNetCashProvidedByUsedInInvestingActivitiesContinuingOperations" xlink:type="arc" weight="1" />
      <link:calculationArc order="300" xlink:arcrole="http://www.xbrl.org/2003/arcrole/summation-item" xlink:from="loc_us-gaapCashAndCashEquivalentsPeriodIncreaseDecrease" xlink:to="loc_us-gaapNetCashProvidedByUsedInFinancingActivitiesContinuingOperations" xlink:type="arc" weight="1" />
    </link:calculationLink>
    <link:calculationLink xlink:type="extended" xlink:role="http://unitedrealtytrust.com/role/Organization" xlink:title="0007 - Disclosure - Organization" />
    <link:calculationLink xlink:type="extended" xlink:role="http://unitedrealtytrust.com/role/SummaryOfSignificantAccountingPolicies" xlink:title="0008 - Disclosure - Summary of Significant Accounting Policies" />
    <link:calculationLink xlink:type="extended" xlink:role="http://unitedrealtytrust.com/role/RealEstateInvestments" xlink:title="0009 - Disclosure - Real Estate Investments" />
    <link:calculationLink xlink:type="extended" xlink:role="http://unitedrealtytrust.com/role/MortgageNotesPayable" xlink:title="0010 - Disclosure - Mortgage Notes Payable" />
    <link:calculationLink xlink:type="extended" xlink:role="http://unitedrealtytrust.com/role/Capitalization" xlink:title="0011 - Disclosure - Capitalization" />
    <link:calculationLink xlink:type="extended" xlink:role="http://unitedrealtytrust.com/role/StockIncentivePlan" xlink:title="0012 - Disclosure - Stock Incentive Plan" />
    <link:calculationLink xlink:type="extended" xlink:role="http://unitedrealtytrust.com/role/RelatedPartyArrangements" xlink:title="0013 - Disclosure - Related Party Arrangements" />
    <link:calculationLink xlink:type="extended" xlink:role="http://unitedrealtytrust.com/role/DealerManager" xlink:title="0014 - Disclosure - Dealer Manager" />
    <link:calculationLink xlink:type="extended" xlink:role="http://unitedrealtytrust.com/role/Distributions" xlink:title="0015 - Disclosure - Distributions" />
    <link:calculationLink xlink:type="extended" xlink:role="http://unitedrealtytrust.com/role/EconomicDependency" xlink:title="0016 - Disclosure - Economic Dependency" />
    <link:calculationLink xlink:type="extended" xlink:role="http://unitedrealtytrust.com/role/SubsequentEvents" xlink:title="0017 - Disclosure - Subsequent Events" />
    <link:calculationLink xlink:type="extended" xlink:role="http://unitedrealtytrust.com/role/SummaryOfSignificantAccountingPoliciesPolicies" xlink:title="0018 - Disclosure - Summary of Significant Accounting Policies (Policies)" />
    <link:calculationLink xlink:type="extended" xlink:role="http://unitedrealtytrust.com/role/SummaryOfSignificantAccountingPoliciesTables" xlink:title="0019 - Disclosure - Summary of Significant Accounting Policies (Tables)" />
    <link:calculationLink xlink:type="extended" xlink:role="http://unitedrealtytrust.com/role/RealEstateInvestmentsTables" xlink:title="0020 - Disclosure - Real Estate Investments (Tables)" />
    <link:calculationLink xlink:type="extended" xlink:role="http://unitedrealtytrust.com/role/MortgageNotesPayableTables" xlink:title="0021 - Disclosure - Mortgage Notes Payable (Tables)" />
    <link:calculationLink xlink:type="extended" xlink:role="http://unitedrealtytrust.com/role/RelatedPartyArrangementsTables" xlink:title="0022 - Disclosure - Related Party Arrangements (Tables)" />
    <link:calculationLink xlink:type="extended" xlink:role="http://unitedrealtytrust.com/role/OrganizationDetailsNarrative" xlink:title="0023 - Disclosure - Organization (Details Narrative)" />
    <link:calculationLink xlink:type="extended" xlink:role="http://unitedrealtytrust.com/role/SummaryOfSignificantAccountingPoliciesDetailsNarrative" xlink:title="0024 - Disclosure - Summary of Significant Accounting Policies (Details Narrative)" />
    <link:calculationLink xlink:type="extended" xlink:role="http://unitedrealtytrust.com/role/SummaryOfSignificantAccountingPoliciesDetails" xlink:title="0025 - Disclosure - Summary of Significant Accounting Policies (Details)">
      <link:loc xlink:type="locator" xlink:href="urt-20130630.xsd#urt_DeferredCostsGross" xlink:label="loc_urtDeferredCostsGross" />
      <link:loc xlink:type="locator" xlink:href="http://xbrl.fasb.org/us-gaap/2013/elts/us-gaap-2013-01-31.xsd#us-gaap_DeferredCostsLeasingGross" xlink:label="loc_us-gaapDeferredCostsLeasingGross" />
      <link:calculationArc order="100" xlink:arcrole="http://www.xbrl.org/2003/arcrole/summation-item" xlink:from="loc_urtDeferredCostsGross" xlink:to="loc_us-gaapDeferredCostsLeasingGross" xlink:type="arc" weight="1" />
      <link:loc xlink:type="locator" xlink:href="urt-20130630.xsd#urt_DeferredCostsLegalAcquiredLease" xlink:label="loc_urtDeferredCostsLegalAcquiredLease" />
      <link:calculationArc order="200" xlink:arcrole="http://www.xbrl.org/2003/arcrole/summation-item" xlink:from="loc_urtDeferredCostsGross" xlink:to="loc_urtDeferredCostsLegalAcquiredLease" xlink:type="arc" weight="1" />
      <link:loc xlink:type="locator" xlink:href="http://xbrl.fasb.org/us-gaap/2013/elts/us-gaap-2013-01-31.xsd#us-gaap_DeferredFinanceCostsGross" xlink:label="loc_us-gaapDeferredFinanceCostsGross" />
      <link:calculationArc order="300" xlink:arcrole="http://www.xbrl.org/2003/arcrole/summation-item" xlink:from="loc_urtDeferredCostsGross" xlink:to="loc_us-gaapDeferredFinanceCostsGross" xlink:type="arc" weight="1" />
      <link:loc xlink:type="locator" xlink:href="http://xbrl.fasb.org/us-gaap/2013/elts/us-gaap-2013-01-31.xsd#us-gaap_DeferredCostsCurrentAndNoncurrent" xlink:label="loc_us-gaapDeferredCostsCurrentAndNoncurrent" />
      <link:calculationArc order="100" xlink:arcrole="http://www.xbrl.org/2003/arcrole/summation-item" xlink:from="loc_us-gaapDeferredCostsCurrentAndNoncurrent" xlink:to="loc_urtDeferredCostsGross" xlink:type="arc" weight="1" />
      <link:loc xlink:type="locator" xlink:href="urt-20130630.xsd#urt_AccumulatedAmortizationDeferredCosts" xlink:label="loc_urtAccumulatedAmortizationDeferredCosts" />
      <link:calculationArc order="200" xlink:arcrole="http://www.xbrl.org/2003/arcrole/summation-item" xlink:from="loc_us-gaapDeferredCostsCurrentAndNoncurrent" xlink:to="loc_urtAccumulatedAmortizationDeferredCosts" xlink:type="arc" weight="-1" />
    </link:calculationLink>
    <link:calculationLink xlink:type="extended" xlink:role="http://unitedrealtytrust.com/role/SummaryOfSignificantAccountingPoliciesDetails1" xlink:title="0026 - Disclosure - Summary of Significant Accounting Policies (Details 1)" />
    <link:calculationLink xlink:type="extended" xlink:role="http://unitedrealtytrust.com/role/RealEstateInvestmentsDetailsNarrative" xlink:title="0027 - Disclosure - Real Estate Investments (Details Narrative)" />
    <link:calculationLink xlink:type="extended" xlink:role="http://unitedrealtytrust.com/role/RealEstateInvestmentsDetailsNarrative1" xlink:title="0028 - Disclosure - Real Estate Investments (Details Narrative 1)" />
    <link:calculationLink xlink:type="extended" xlink:role="http://unitedrealtytrust.com/role/RealEstateInvestmentsDetails" xlink:title="0029 - Disclosure - Real Estate Investments (Details)">
      <link:loc xlink:type="locator" xlink:href="http://xbrl.fasb.org/us-gaap/2013/elts/us-gaap-2013-01-31.xsd#us-gaap_BusinessCombinationRecognizedIdentifiableAssetsAcquiredAndLiabilitiesAssumedAssets" xlink:label="loc_us-gaapBusinessCombinationRecognizedIdentifiableAssetsAcquiredAndLiabilitiesAssumedAssets" />
      <link:loc xlink:type="locator" xlink:href="http://xbrl.fasb.org/us-gaap/2013/elts/us-gaap-2013-01-31.xsd#us-gaap_BusinessCombinationRecognizedIdentifiableAssetsAcquiredAndLiabilitiesAssumedLand" xlink:label="loc_us-gaapBusinessCombinationRecognizedIdentifiableAssetsAcquiredAndLiabilitiesAssumedLand" />
      <link:calculationArc order="100" xlink:arcrole="http://www.xbrl.org/2003/arcrole/summation-item" xlink:from="loc_us-gaapBusinessCombinationRecognizedIdentifiableAssetsAcquiredAndLiabilitiesAssumedAssets" xlink:to="loc_us-gaapBusinessCombinationRecognizedIdentifiableAssetsAcquiredAndLiabilitiesAssumedLand" xlink:type="arc" weight="1" />
      <link:loc xlink:type="locator" xlink:href="urt-20130630.xsd#urt_BusinessCombinationRecognizedIdentifiableAssetsAcquiredAndLiabilitiesAssumedBuildingsAndImprovements" xlink:label="loc_urtBusinessCombinationRecognizedIdentifiableAssetsAcquiredAndLiabilitiesAssumedBuildingsAndImprovements" />
      <link:calculationArc order="200" xlink:arcrole="http://www.xbrl.org/2003/arcrole/summation-item" xlink:from="loc_us-gaapBusinessCombinationRecognizedIdentifiableAssetsAcquiredAndLiabilitiesAssumedAssets" xlink:to="loc_urtBusinessCombinationRecognizedIdentifiableAssetsAcquiredAndLiabilitiesAssumedBuildingsAndImprovements" xlink:type="arc" weight="1" />
      <link:loc xlink:type="locator" xlink:href="http://xbrl.fasb.org/us-gaap/2013/elts/us-gaap-2013-01-31.xsd#us-gaap_BusinessCombinationRecognizedIdentifiableAssetsAcquiredAndLiabilitiesAssumedIntangibleAssetsOtherThanGoodwill" xlink:label="loc_us-gaapBusinessCombinationRecognizedIdentifiableAssetsAcquiredAndLiabilitiesAssumedIntangibleAssetsOtherThanGoodwill" />
      <link:calculationArc order="300" xlink:arcrole="http://www.xbrl.org/2003/arcrole/summation-item" xlink:from="loc_us-gaapBusinessCombinationRecognizedIdentifiableAssetsAcquiredAndLiabilitiesAssumedAssets" xlink:to="loc_us-gaapBusinessCombinationRecognizedIdentifiableAssetsAcquiredAndLiabilitiesAssumedIntangibleAssetsOtherThanGoodwill" xlink:type="arc" weight="1" />
      <link:loc xlink:type="locator" xlink:href="urt-20130630.xsd#urt_BusinessCombinationRecognizedIdentifiableAssetsAcquiredAndLiabilitiesAssumedDeferredCharges" xlink:label="loc_urtBusinessCombinationRecognizedIdentifiableAssetsAcquiredAndLiabilitiesAssumedDeferredCharges" />
      <link:calculationArc order="400" xlink:arcrole="http://www.xbrl.org/2003/arcrole/summation-item" xlink:from="loc_us-gaapBusinessCombinationRecognizedIdentifiableAssetsAcquiredAndLiabilitiesAssumedAssets" xlink:to="loc_urtBusinessCombinationRecognizedIdentifiableAssetsAcquiredAndLiabilitiesAssumedDeferredCharges" xlink:type="arc" weight="1" />
      <link:loc xlink:type="locator" xlink:href="http://xbrl.fasb.org/us-gaap/2013/elts/us-gaap-2013-01-31.xsd#us-gaap_BusinessCombinationRecognizedIdentifiableAssetsAcquiredAndLiabilitiesAssumedLiabilities" xlink:label="loc_us-gaapBusinessCombinationRecognizedIdentifiableAssetsAcquiredAndLiabilitiesAssumedLiabilities" />
      <link:loc xlink:type="locator" xlink:href="urt-20130630.xsd#urt_BusinessCombinationRecognizedIdentifiableAssetsAcquiredAndLiabilitiesAssumedIntangibleLiabilities" xlink:label="loc_urtBusinessCombinationRecognizedIdentifiableAssetsAcquiredAndLiabilitiesAssumedIntangibleLiabilities" />
      <link:calculationArc order="100" xlink:arcrole="http://www.xbrl.org/2003/arcrole/summation-item" xlink:from="loc_us-gaapBusinessCombinationRecognizedIdentifiableAssetsAcquiredAndLiabilitiesAssumedLiabilities" xlink:to="loc_urtBusinessCombinationRecognizedIdentifiableAssetsAcquiredAndLiabilitiesAssumedIntangibleLiabilities" xlink:type="arc" weight="1" />
    </link:calculationLink>
    <link:calculationLink xlink:type="extended" xlink:role="http://unitedrealtytrust.com/role/RealEstateInvestmentsDetails1" xlink:title="0030 - Disclosure - Real Estate Investments (Details 1)">
      <link:loc xlink:type="locator" xlink:href="http://xbrl.fasb.org/us-gaap/2013/elts/us-gaap-2013-01-31.xsd#us-gaap_BusinessAcquisitionsProFormaNetIncomeLoss" xlink:label="loc_us-gaapBusinessAcquisitionsProFormaNetIncomeLoss" />
      <link:loc xlink:type="locator" xlink:href="http://xbrl.fasb.org/us-gaap/2013/elts/us-gaap-2013-01-31.xsd#us-gaap_BusinessAcquisitionsProFormaRevenue" xlink:label="loc_us-gaapBusinessAcquisitionsProFormaRevenue" />
      <link:calculationArc order="100" xlink:arcrole="http://www.xbrl.org/2003/arcrole/summation-item" xlink:from="loc_us-gaapBusinessAcquisitionsProFormaNetIncomeLoss" xlink:to="loc_us-gaapBusinessAcquisitionsProFormaRevenue" xlink:type="arc" weight="1" />
      <link:loc xlink:type="locator" xlink:href="urt-20130630.xsd#urt_BusinessAcquisitionsProFormaPropertyOperatingAndOtherExpenses" xlink:label="loc_urtBusinessAcquisitionsProFormaPropertyOperatingAndOtherExpenses" />
      <link:calculationArc order="200" xlink:arcrole="http://www.xbrl.org/2003/arcrole/summation-item" xlink:from="loc_us-gaapBusinessAcquisitionsProFormaNetIncomeLoss" xlink:to="loc_urtBusinessAcquisitionsProFormaPropertyOperatingAndOtherExpenses" xlink:type="arc" weight="-1" />
      <link:loc xlink:type="locator" xlink:href="urt-20130630.xsd#urt_BusinessAcquisitionsProFormaDepreciationAndAmortization" xlink:label="loc_urtBusinessAcquisitionsProFormaDepreciationAndAmortization" />
      <link:calculationArc order="300" xlink:arcrole="http://www.xbrl.org/2003/arcrole/summation-item" xlink:from="loc_us-gaapBusinessAcquisitionsProFormaNetIncomeLoss" xlink:to="loc_urtBusinessAcquisitionsProFormaDepreciationAndAmortization" xlink:type="arc" weight="-1" />
    </link:calculationLink>
    <link:calculationLink xlink:type="extended" xlink:role="http://unitedrealtytrust.com/role/MortgageNotesPayableDetailsNarrative" xlink:title="0031 - Disclosure - Mortgage Notes Payable (Details Narrative)" />
    <link:calculationLink xlink:type="extended" xlink:role="http://unitedrealtytrust.com/role/MortgageNotesPayableDetails" xlink:title="0032 - Disclosure - Mortgage Notes Payable (Details)">
      <link:loc xlink:type="locator" xlink:href="urt-20130630.xsd#urt_LongTermDebtMaturitiesRepaymentsOfPrincipalTotal" xlink:label="loc_urtLongTermDebtMaturitiesRepaymentsOfPrincipalTotal" />
      <link:loc xlink:type="locator" xlink:href="http://xbrl.fasb.org/us-gaap/2013/elts/us-gaap-2013-01-31.xsd#us-gaap_LongTermDebtMaturitiesRepaymentsOfPrincipalInNextTwelveMonths" xlink:label="loc_us-gaapLongTermDebtMaturitiesRepaymentsOfPrincipalInNextTwelveMonths" />
      <link:calculationArc order="100" xlink:arcrole="http://www.xbrl.org/2003/arcrole/summation-item" xlink:from="loc_urtLongTermDebtMaturitiesRepaymentsOfPrincipalTotal" xlink:to="loc_us-gaapLongTermDebtMaturitiesRepaymentsOfPrincipalInNextTwelveMonths" xlink:type="arc" weight="1" />
      <link:loc xlink:type="locator" xlink:href="http://xbrl.fasb.org/us-gaap/2013/elts/us-gaap-2013-01-31.xsd#us-gaap_LongTermDebtMaturitiesRepaymentsOfPrincipalInYearTwo" xlink:label="loc_us-gaapLongTermDebtMaturitiesRepaymentsOfPrincipalInYearTwo" />
      <link:calculationArc order="200" xlink:arcrole="http://www.xbrl.org/2003/arcrole/summation-item" xlink:from="loc_urtLongTermDebtMaturitiesRepaymentsOfPrincipalTotal" xlink:to="loc_us-gaapLongTermDebtMaturitiesRepaymentsOfPrincipalInYearTwo" xlink:type="arc" weight="1" />
      <link:loc xlink:type="locator" xlink:href="http://xbrl.fasb.org/us-gaap/2013/elts/us-gaap-2013-01-31.xsd#us-gaap_LongTermDebtMaturitiesRepaymentsOfPrincipalInYearThree" xlink:label="loc_us-gaapLongTermDebtMaturitiesRepaymentsOfPrincipalInYearThree" />
      <link:calculationArc order="300" xlink:arcrole="http://www.xbrl.org/2003/arcrole/summation-item" xlink:from="loc_urtLongTermDebtMaturitiesRepaymentsOfPrincipalTotal" xlink:to="loc_us-gaapLongTermDebtMaturitiesRepaymentsOfPrincipalInYearThree" xlink:type="arc" weight="1" />
      <link:loc xlink:type="locator" xlink:href="http://xbrl.fasb.org/us-gaap/2013/elts/us-gaap-2013-01-31.xsd#us-gaap_LongTermDebtMaturitiesRepaymentsOfPrincipalInYearFour" xlink:label="loc_us-gaapLongTermDebtMaturitiesRepaymentsOfPrincipalInYearFour" />
      <link:calculationArc order="400" xlink:arcrole="http://www.xbrl.org/2003/arcrole/summation-item" xlink:from="loc_urtLongTermDebtMaturitiesRepaymentsOfPrincipalTotal" xlink:to="loc_us-gaapLongTermDebtMaturitiesRepaymentsOfPrincipalInYearFour" xlink:type="arc" weight="1" />
      <link:loc xlink:type="locator" xlink:href="http://xbrl.fasb.org/us-gaap/2013/elts/us-gaap-2013-01-31.xsd#us-gaap_LongTermDebtMaturitiesRepaymentsOfPrincipalInYearFive" xlink:label="loc_us-gaapLongTermDebtMaturitiesRepaymentsOfPrincipalInYearFive" />
      <link:calculationArc order="500" xlink:arcrole="http://www.xbrl.org/2003/arcrole/summation-item" xlink:from="loc_urtLongTermDebtMaturitiesRepaymentsOfPrincipalTotal" xlink:to="loc_us-gaapLongTermDebtMaturitiesRepaymentsOfPrincipalInYearFive" xlink:type="arc" weight="1" />
      <link:loc xlink:type="locator" xlink:href="http://xbrl.fasb.org/us-gaap/2013/elts/us-gaap-2013-01-31.xsd#us-gaap_LongTermDebtMaturitiesRepaymentsOfPrincipalAfterYearFive" xlink:label="loc_us-gaapLongTermDebtMaturitiesRepaymentsOfPrincipalAfterYearFive" />
      <link:calculationArc order="600" xlink:arcrole="http://www.xbrl.org/2003/arcrole/summation-item" xlink:from="loc_urtLongTermDebtMaturitiesRepaymentsOfPrincipalTotal" xlink:to="loc_us-gaapLongTermDebtMaturitiesRepaymentsOfPrincipalAfterYearFive" xlink:type="arc" weight="1" />
      <link:loc xlink:type="locator" xlink:href="urt-20130630.xsd#urt_AmortizationOfMortgageNotesPayable" xlink:label="loc_urtAmortizationOfMortgageNotesPayable" />
      <link:loc xlink:type="locator" xlink:href="urt-20130630.xsd#urt_LongTermDebtMaturitiesAmortizationOfPrincipalInNextTwelveMonths" xlink:label="loc_urtLongTermDebtMaturitiesAmortizationOfPrincipalInNextTwelveMonths" />
      <link:calculationArc order="100" xlink:arcrole="http://www.xbrl.org/2003/arcrole/summation-item" xlink:from="loc_urtAmortizationOfMortgageNotesPayable" xlink:to="loc_urtLongTermDebtMaturitiesAmortizationOfPrincipalInNextTwelveMonths" xlink:type="arc" weight="1" />
      <link:loc xlink:type="locator" xlink:href="urt-20130630.xsd#urt_LongTermDebtMaturitiesAmortizationOfPrincipalYearTwo" xlink:label="loc_urtLongTermDebtMaturitiesAmortizationOfPrincipalYearTwo" />
      <link:calculationArc order="200" xlink:arcrole="http://www.xbrl.org/2003/arcrole/summation-item" xlink:from="loc_urtAmortizationOfMortgageNotesPayable" xlink:to="loc_urtLongTermDebtMaturitiesAmortizationOfPrincipalYearTwo" xlink:type="arc" weight="1" />
      <link:loc xlink:type="locator" xlink:href="urt-20130630.xsd#urt_LongTermDebtMaturitiesAmortizationOfPrincipalYearThree" xlink:label="loc_urtLongTermDebtMaturitiesAmortizationOfPrincipalYearThree" />
      <link:calculationArc order="300" xlink:arcrole="http://www.xbrl.org/2003/arcrole/summation-item" xlink:from="loc_urtAmortizationOfMortgageNotesPayable" xlink:to="loc_urtLongTermDebtMaturitiesAmortizationOfPrincipalYearThree" xlink:type="arc" weight="1" />
      <link:loc xlink:type="locator" xlink:href="urt-20130630.xsd#urt_LongTermDebtMaturitiesAmortizationOfPrincipalYearFour" xlink:label="loc_urtLongTermDebtMaturitiesAmortizationOfPrincipalYearFour" />
      <link:calculationArc order="400" xlink:arcrole="http://www.xbrl.org/2003/arcrole/summation-item" xlink:from="loc_urtAmortizationOfMortgageNotesPayable" xlink:to="loc_urtLongTermDebtMaturitiesAmortizationOfPrincipalYearFour" xlink:type="arc" weight="1" />
      <link:loc xlink:type="locator" xlink:href="urt-20130630.xsd#urt_LongTermDebtMaturitiesAmortizationOfPrincipalYearFive" xlink:label="loc_urtLongTermDebtMaturitiesAmortizationOfPrincipalYearFive" />
      <link:calculationArc order="500" xlink:arcrole="http://www.xbrl.org/2003/arcrole/summation-item" xlink:from="loc_urtAmortizationOfMortgageNotesPayable" xlink:to="loc_urtLongTermDebtMaturitiesAmortizationOfPrincipalYearFive" xlink:type="arc" weight="1" />
      <link:loc xlink:type="locator" xlink:href="urt-20130630.xsd#urt_LongTermDebtMaturitiesAmortizationOfPrincipalAfterYearFive" xlink:label="loc_urtLongTermDebtMaturitiesAmortizationOfPrincipalAfterYearFive" />
      <link:calculationArc order="600" xlink:arcrole="http://www.xbrl.org/2003/arcrole/summation-item" xlink:from="loc_urtAmortizationOfMortgageNotesPayable" xlink:to="loc_urtLongTermDebtMaturitiesAmortizationOfPrincipalAfterYearFive" xlink:type="arc" weight="1" />
      <link:loc xlink:type="locator" xlink:href="http://xbrl.fasb.org/us-gaap/2013/elts/us-gaap-2013-01-31.xsd#us-gaap_LongTermDebt" xlink:label="loc_us-gaapLongTermDebt" />
      <link:loc xlink:type="locator" xlink:href="urt-20130630.xsd#urt_LongTermDebtMaturitiesRepaymentsOfPrincipalAndScheduledAmortizationInNextTwelveMonths" xlink:label="loc_urtLongTermDebtMaturitiesRepaymentsOfPrincipalAndScheduledAmortizationInNextTwelveMonths" />
      <link:calculationArc order="100" xlink:arcrole="http://www.xbrl.org/2003/arcrole/summation-item" xlink:from="loc_us-gaapLongTermDebt" xlink:to="loc_urtLongTermDebtMaturitiesRepaymentsOfPrincipalAndScheduledAmortizationInNextTwelveMonths" xlink:type="arc" weight="1" />
      <link:loc xlink:type="locator" xlink:href="urt-20130630.xsd#urt_LongTermDebtMaturitiesRepaymentsOfPrincipalAndScheduledAmortizationInInYearTwo" xlink:label="loc_urtLongTermDebtMaturitiesRepaymentsOfPrincipalAndScheduledAmortizationInInYearTwo" />
      <link:calculationArc order="200" xlink:arcrole="http://www.xbrl.org/2003/arcrole/summation-item" xlink:from="loc_us-gaapLongTermDebt" xlink:to="loc_urtLongTermDebtMaturitiesRepaymentsOfPrincipalAndScheduledAmortizationInInYearTwo" xlink:type="arc" weight="1" />
      <link:loc xlink:type="locator" xlink:href="urt-20130630.xsd#urt_LongTermDebtMaturitiesRepaymentsOfPrincipalAndScheduledAmortizationInInYearThree" xlink:label="loc_urtLongTermDebtMaturitiesRepaymentsOfPrincipalAndScheduledAmortizationInInYearThree" />
      <link:calculationArc order="300" xlink:arcrole="http://www.xbrl.org/2003/arcrole/summation-item" xlink:from="loc_us-gaapLongTermDebt" xlink:to="loc_urtLongTermDebtMaturitiesRepaymentsOfPrincipalAndScheduledAmortizationInInYearThree" xlink:type="arc" weight="1" />
      <link:loc xlink:type="locator" xlink:href="urt-20130630.xsd#urt_LongTermDebtMaturitiesRepaymentsOfPrincipalAndScheduledAmortizationInInYearFour" xlink:label="loc_urtLongTermDebtMaturitiesRepaymentsOfPrincipalAndScheduledAmortizationInInYearFour" />
      <link:calculationArc order="400" xlink:arcrole="http://www.xbrl.org/2003/arcrole/summation-item" xlink:from="loc_us-gaapLongTermDebt" xlink:to="loc_urtLongTermDebtMaturitiesRepaymentsOfPrincipalAndScheduledAmortizationInInYearFour" xlink:type="arc" weight="1" />
      <link:loc xlink:type="locator" xlink:href="urt-20130630.xsd#urt_LongTermDebtMaturitiesRepaymentsOfPrincipalAndScheduledAmortizationInInYearFive" xlink:label="loc_urtLongTermDebtMaturitiesRepaymentsOfPrincipalAndScheduledAmortizationInInYearFive" />
      <link:calculationArc order="500" xlink:arcrole="http://www.xbrl.org/2003/arcrole/summation-item" xlink:from="loc_us-gaapLongTermDebt" xlink:to="loc_urtLongTermDebtMaturitiesRepaymentsOfPrincipalAndScheduledAmortizationInInYearFive" xlink:type="arc" weight="1" />
      <link:loc xlink:type="locator" xlink:href="urt-20130630.xsd#urt_LongTermDebtMaturitiesRepaymentsOfPrincipalAndScheduledAmortizationInAfterYearFive" xlink:label="loc_urtLongTermDebtMaturitiesRepaymentsOfPrincipalAndScheduledAmortizationInAfterYearFive" />
      <link:calculationArc order="600" xlink:arcrole="http://www.xbrl.org/2003/arcrole/summation-item" xlink:from="loc_us-gaapLongTermDebt" xlink:to="loc_urtLongTermDebtMaturitiesRepaymentsOfPrincipalAndScheduledAmortizationInAfterYearFive" xlink:type="arc" weight="1" />
    </link:calculationLink>
    <link:calculationLink xlink:type="extended" xlink:role="http://unitedrealtytrust.com/role/CapitalizationDetailsNarrative" xlink:title="0033 - Disclosure - Capitalization (Details Narrative)" />
    <link:calculationLink xlink:type="extended" xlink:role="http://unitedrealtytrust.com/role/StockIncentivePlanDetailsNarrative" xlink:title="0034 - Disclosure - Stock Incentive Plan (Details Narrative)" />
    <link:calculationLink xlink:type="extended" xlink:role="http://unitedrealtytrust.com/role/RelatedPartyArrangementsDetails" xlink:title="0035 - Disclosure - Related Party Arrangements (Details)" />
    <link:calculationLink xlink:type="extended" xlink:role="http://unitedrealtytrust.com/role/DealerManagerDetailsNarrative" xlink:title="0036 - Disclosure - Dealer Manager (Details Narrative)" />
    <link:calculationLink xlink:type="extended" xlink:role="http://unitedrealtytrust.com/role/SubsequentEventsDetailsNarrative" xlink:title="0037 - Disclosure - Subsequent Events (Details Narrative)" />
</link:linkbase>
