<?xml version="1.0" encoding="US-ASCII" standalone="no"?>
<!--Created by Vintage Filings ("VF")-->
<!--produced on 2013-05-14 @ 12:12 PM-->
<link:linkbase xmlns:cik1536256="http://www.unitedrealtytrust.com/20130331" xmlns:xbrldt="http://xbrl.org/2005/xbrldt" xmlns:xlink="http://www.w3.org/1999/xlink" xmlns:xsi="http://www.w3.org/2001/XMLSchema-instance" xsi:schemaLocation="http://www.xbrl.org/2003/linkbase http://www.xbrl.org/2003/xbrl-linkbase-2003-12-31.xsd" xmlns:link="http://www.xbrl.org/2003/linkbase">
  <link:roleRef roleURI="http://www.unitedrealtytrust.com/role/DocumentAndEntityInformation" xlink:href="cik1536256-20130331.xsd#cik1536256-dei" xlink:type="simple" />
  <link:roleRef roleURI="http://www.unitedrealtytrust.com/role/ConsolidatedBalanceSheets" xlink:href="cik1536256-20130331.xsd#cik1536256-cbs" xlink:type="simple" />
  <link:roleRef roleURI="http://www.unitedrealtytrust.com/role/ConsolidatedStatementOfOperations" xlink:href="cik1536256-20130331.xsd#cik1536256-csoo" xlink:type="simple" />
  <link:roleRef roleURI="http://www.unitedrealtytrust.com/role/ConsolidatedStatementOfStockholdersEquity" xlink:href="cik1536256-20130331.xsd#cik1536256-csose" xlink:type="simple" />
  <link:roleRef roleURI="http://www.unitedrealtytrust.com/role/ConsolidatedStatementOfCashFlows" xlink:href="cik1536256-20130331.xsd#cik1536256-csocf" xlink:type="simple" />
  <link:roleRef roleURI="http://www.unitedrealtytrust.com/role/ConsolidatedBalanceSheetsParenthetical" xlink:href="cik1536256-20130331.xsd#cik1536256-cbsp" xlink:type="simple" />
  <link:roleRef roleURI="http://www.unitedrealtytrust.com/role/Organization" xlink:href="cik1536256-20130331.xsd#cik1536256-o" xlink:type="simple" />
  <link:roleRef roleURI="http://www.unitedrealtytrust.com/role/SummaryOfSignificantAccountingPolicies" xlink:href="cik1536256-20130331.xsd#cik1536256-sosap" xlink:type="simple" />
  <link:roleRef roleURI="http://www.unitedrealtytrust.com/role/Capitalization" xlink:href="cik1536256-20130331.xsd#cik1536256-c1" xlink:type="simple" />
  <link:roleRef roleURI="http://www.unitedrealtytrust.com/role/RelatedPartyArrangements" xlink:href="cik1536256-20130331.xsd#cik1536256-rpa1" xlink:type="simple" />
  <link:roleRef roleURI="http://www.unitedrealtytrust.com/role/Distributions" xlink:href="cik1536256-20130331.xsd#cik1536256-d1" xlink:type="simple" />
  <link:roleRef roleURI="http://www.unitedrealtytrust.com/role/EconomicDependency" xlink:href="cik1536256-20130331.xsd#cik1536256-ed1" xlink:type="simple" />
  <link:roleRef roleURI="http://www.unitedrealtytrust.com/role/SummaryOfSignificantAccountingPoliciesPolicies" xlink:href="cik1536256-20130331.xsd#cik1536256-sosapp" xlink:type="simple" />
  <link:roleRef roleURI="http://www.unitedrealtytrust.com/role/SummaryOfSignificantAccountingPoliciesNarrativeDetails" xlink:href="cik1536256-20130331.xsd#cik1536256-sosapnd" xlink:type="simple" />
  <link:roleRef roleURI="http://www.unitedrealtytrust.com/role/CapitalizationDetails" xlink:href="cik1536256-20130331.xsd#cik1536256-cd1" xlink:type="simple" />
  <link:roleRef roleURI="http://www.unitedrealtytrust.com/role/OrganizationDetails" xlink:href="cik1536256-20130331.xsd#cik1536256-od1" xlink:type="simple" />
  <link:roleRef roleURI="http://www.unitedrealtytrust.com/role/SubsequentEvents" xlink:href="cik1536256-20130331.xsd#cik1536256-se" xlink:type="simple" />
  <link:roleRef roleURI="http://www.unitedrealtytrust.com/role/RealEstateInvestments" xlink:href="cik1536256-20130331.xsd#cik1536256-rei" xlink:type="simple" />
  <link:roleRef roleURI="http://www.unitedrealtytrust.com/role/RealEstateInvestmentsTables" xlink:href="cik1536256-20130331.xsd#cik1536256-reit" xlink:type="simple" />
  <link:roleRef roleURI="http://www.unitedrealtytrust.com/role/MortgageNotesPayable" xlink:href="cik1536256-20130331.xsd#cik1536256-mnp" xlink:type="simple" />
  <link:roleRef roleURI="http://www.unitedrealtytrust.com/role/MortgageNotesPayableDetails" xlink:href="cik1536256-20130331.xsd#cik1536256-mnpd" xlink:type="simple" />
  <link:roleRef roleURI="http://www.unitedrealtytrust.com/role/SummaryOfSignificantAccountingPoliciesScheduleOfSupplementaryCashFlowInformationDetails" xlink:href="cik1536256-20130331.xsd#cik1536256-sosapsoscfid" xlink:type="simple" />
  <link:roleRef roleURI="http://www.unitedrealtytrust.com/role/RealEstateInvestmentsPropertyAcquisitionsNarrativeDetails" xlink:href="cik1536256-20130331.xsd#cik1536256-reipand" xlink:type="simple" />
  <link:roleRef roleURI="http://www.unitedrealtytrust.com/role/RealEstateInvestmentsScheduleOfAssetsAcquiredAndLiabilitiesAssumedDetails" xlink:href="cik1536256-20130331.xsd#cik1536256-reisoaaalad" xlink:type="simple" />
  <link:roleRef roleURI="http://www.unitedrealtytrust.com/role/RealEstateInvestmentsScheduleOfProFormaInformationDetails" xlink:href="cik1536256-20130331.xsd#cik1536256-reisopfid" xlink:type="simple" />
  <link:roleRef roleURI="http://www.unitedrealtytrust.com/role/RelatedPartyArrangementsScheduleOfRelatedPartyExpensesDetails" xlink:href="cik1536256-20130331.xsd#cik1536256-rpasorped" xlink:type="simple" />
  <link:roleRef roleURI="http://www.unitedrealtytrust.com/role/SummaryOfSignificantAccountingPoliciesTables" xlink:href="cik1536256-20130331.xsd#cik1536256-sosapt" xlink:type="simple" />
  <link:roleRef roleURI="http://www.unitedrealtytrust.com/role/MortgageNotesPayableTables" xlink:href="cik1536256-20130331.xsd#cik1536256-mnpt" xlink:type="simple" />
  <link:roleRef roleURI="http://www.unitedrealtytrust.com/role/RelatedPartyArrangementsTables" xlink:href="cik1536256-20130331.xsd#cik1536256-rpat" xlink:type="simple" />
  <link:roleRef roleURI="http://www.unitedrealtytrust.com/role/RealEstateInvestmentsMortgageNoteReceivableNarrativeDetails" xlink:href="cik1536256-20130331.xsd#cik1536256-reimnrnd" xlink:type="simple" />
  <link:calculationLink xlink:title="002 - Statement - CONSOLIDATED BALANCE SHEETS" xlink:role="http://www.unitedrealtytrust.com/role/ConsolidatedBalanceSheets" xlink:type="extended">
    <link:loc xlink:label="loc_Assets.5880.14.6" xlink:href="http://xbrl.fasb.org/us-gaap/2012/elts/us-gaap-2012-01-31.xsd#us-gaap_Assets" xlink:type="locator" />
    <link:loc xlink:label="loc_Investments.11525.14.6" xlink:href="http://xbrl.fasb.org/us-gaap/2012/elts/us-gaap-2012-01-31.xsd#us-gaap_Investments" xlink:type="locator" />
    <link:calculationArc xlink:from="loc_Assets.5880.14.6" xlink:to="loc_Investments.11525.14.6" order="1.00000" weight="1.00" priority="0" use="optional" xlink:arcrole="http://www.xbrl.org/2003/arcrole/summation-item" xlink:type="arc" />
    <link:loc xlink:label="loc_RestrictedCashAndCashEquivalentsAtCarryingValue.15340.14.6" xlink:href="http://xbrl.fasb.org/us-gaap/2012/elts/us-gaap-2012-01-31.xsd#us-gaap_RestrictedCashAndCashEquivalentsAtCarryingValue" xlink:type="locator" />
    <link:calculationArc xlink:from="loc_Assets.5880.14.6" xlink:to="loc_RestrictedCashAndCashEquivalentsAtCarryingValue.15340.14.6" order="1.00000" weight="1.00" priority="0" use="optional" xlink:arcrole="http://www.xbrl.org/2003/arcrole/summation-item" xlink:type="arc" />
    <link:loc xlink:label="loc_CashAndCashEquivalentsAtCarryingValue.6556.14.6" xlink:href="http://xbrl.fasb.org/us-gaap/2012/elts/us-gaap-2012-01-31.xsd#us-gaap_CashAndCashEquivalentsAtCarryingValue" xlink:type="locator" />
    <link:calculationArc xlink:from="loc_Assets.5880.14.6" xlink:to="loc_CashAndCashEquivalentsAtCarryingValue.6556.14.6" order="1.00000" weight="1.00" priority="0" use="optional" xlink:arcrole="http://www.xbrl.org/2003/arcrole/summation-item" xlink:type="arc" />
    <link:loc xlink:label="loc_OtherReceivables.13522.14.6" xlink:href="http://xbrl.fasb.org/us-gaap/2012/elts/us-gaap-2012-01-31.xsd#us-gaap_OtherReceivables" xlink:type="locator" />
    <link:calculationArc xlink:from="loc_Assets.5880.14.6" xlink:to="loc_OtherReceivables.13522.14.6" order="1.00000" weight="1.00" priority="0" use="optional" xlink:arcrole="http://www.xbrl.org/2003/arcrole/summation-item" xlink:type="arc" />
    <link:loc xlink:label="loc_DeferredChargesNet.92285.14.6" xlink:href="cik1536256-20130331.xsd#cik1536256_DeferredChargesNet" xlink:type="locator" />
    <link:calculationArc xlink:from="loc_Assets.5880.14.6" xlink:to="loc_DeferredChargesNet.92285.14.6" order="1.00000" weight="1.00" priority="0" use="optional" xlink:arcrole="http://www.xbrl.org/2003/arcrole/summation-item" xlink:type="arc" />
    <link:loc xlink:label="loc_IntangibleAssetsNetIncludingGoodwill.11140.14.6" xlink:href="http://xbrl.fasb.org/us-gaap/2012/elts/us-gaap-2012-01-31.xsd#us-gaap_IntangibleAssetsNetIncludingGoodwill" xlink:type="locator" />
    <link:calculationArc xlink:from="loc_Assets.5880.14.6" xlink:to="loc_IntangibleAssetsNetIncludingGoodwill.11140.14.6" order="1.00000" weight="1.00" priority="0" use="optional" xlink:arcrole="http://www.xbrl.org/2003/arcrole/summation-item" xlink:type="arc" />
    <link:loc xlink:label="loc_MortgageLoansOnRealEstateCommercialAndConsumerNet.12650.14.6" xlink:href="http://xbrl.fasb.org/us-gaap/2012/elts/us-gaap-2012-01-31.xsd#us-gaap_MortgageLoansOnRealEstateCommercialAndConsumerNet" xlink:type="locator" />
    <link:calculationArc xlink:from="loc_Investments.11525.14.6" xlink:to="loc_MortgageLoansOnRealEstateCommercialAndConsumerNet.12650.14.6" order="1.00000" weight="1.00" priority="0" use="optional" xlink:arcrole="http://www.xbrl.org/2003/arcrole/summation-item" xlink:type="arc" />
    <link:loc xlink:label="loc_RealEstateInvestmentPropertyNet.14902.14.6" xlink:href="http://xbrl.fasb.org/us-gaap/2012/elts/us-gaap-2012-01-31.xsd#us-gaap_RealEstateInvestmentPropertyNet" xlink:type="locator" />
    <link:calculationArc xlink:from="loc_Investments.11525.14.6" xlink:to="loc_RealEstateInvestmentPropertyNet.14902.14.6" order="1.00000" weight="1.00" priority="0" use="optional" xlink:arcrole="http://www.xbrl.org/2003/arcrole/summation-item" xlink:type="arc" />
    <link:loc xlink:label="loc_Liabilities.11702.14.6" xlink:href="http://xbrl.fasb.org/us-gaap/2012/elts/us-gaap-2012-01-31.xsd#us-gaap_Liabilities" xlink:type="locator" />
    <link:loc xlink:label="loc_OtherLongTermDebt.13429.14.6" xlink:href="http://xbrl.fasb.org/us-gaap/2012/elts/us-gaap-2012-01-31.xsd#us-gaap_OtherLongTermDebt" xlink:type="locator" />
    <link:calculationArc xlink:from="loc_Liabilities.11702.14.6" xlink:to="loc_OtherLongTermDebt.13429.14.6" order="1.00000" weight="1.00" priority="0" use="optional" xlink:arcrole="http://www.xbrl.org/2003/arcrole/summation-item" xlink:type="arc" />
    <link:loc xlink:label="loc_BusinessCombinationRecognizedIdentifiableAssetsAcquiredAndLiabilitiesAssumedContingentLiability.6309.14.6" xlink:href="http://xbrl.fasb.org/us-gaap/2012/elts/us-gaap-2012-01-31.xsd#us-gaap_BusinessCombinationRecognizedIdentifiableAssetsAcquiredAndLiabilitiesAssumedContingentLiability" xlink:type="locator" />
    <link:calculationArc xlink:from="loc_Liabilities.11702.14.6" xlink:to="loc_BusinessCombinationRecognizedIdentifiableAssetsAcquiredAndLiabilitiesAssumedContingentLiability.6309.14.6" order="1.00000" weight="1.00" priority="0" use="optional" xlink:arcrole="http://www.xbrl.org/2003/arcrole/summation-item" xlink:type="arc" />
    <link:loc xlink:label="loc_DueToRelatedPartiesCurrentAndNoncurrent.8662.14.6" xlink:href="http://xbrl.fasb.org/us-gaap/2012/elts/us-gaap-2012-01-31.xsd#us-gaap_DueToRelatedPartiesCurrentAndNoncurrent" xlink:type="locator" />
    <link:calculationArc xlink:from="loc_Liabilities.11702.14.6" xlink:to="loc_DueToRelatedPartiesCurrentAndNoncurrent.8662.14.6" order="1.00000" weight="1.00" priority="0" use="optional" xlink:arcrole="http://www.xbrl.org/2003/arcrole/summation-item" xlink:type="arc" />
    <link:loc xlink:label="loc_AccountsPayableCurrentAndNoncurrent.5472.14.6" xlink:href="http://xbrl.fasb.org/us-gaap/2012/elts/us-gaap-2012-01-31.xsd#us-gaap_AccountsPayableCurrentAndNoncurrent" xlink:type="locator" />
    <link:calculationArc xlink:from="loc_Liabilities.11702.14.6" xlink:to="loc_AccountsPayableCurrentAndNoncurrent.5472.14.6" order="1.00000" weight="1.00" priority="0" use="optional" xlink:arcrole="http://www.xbrl.org/2003/arcrole/summation-item" xlink:type="arc" />
    <link:loc xlink:label="loc_LiabilitiesAndStockholdersEquity.11731.14.6" xlink:href="http://xbrl.fasb.org/us-gaap/2012/elts/us-gaap-2012-01-31.xsd#us-gaap_LiabilitiesAndStockholdersEquity" xlink:type="locator" />
    <link:loc xlink:label="loc_CommitmentsAndContingencies.6842.14.6" xlink:href="http://xbrl.fasb.org/us-gaap/2012/elts/us-gaap-2012-01-31.xsd#us-gaap_CommitmentsAndContingencies" xlink:type="locator" />
    <link:calculationArc xlink:from="loc_LiabilitiesAndStockholdersEquity.11731.14.6" xlink:to="loc_CommitmentsAndContingencies.6842.14.6" order="1.00000" weight="1.00" priority="0" use="optional" xlink:arcrole="http://www.xbrl.org/2003/arcrole/summation-item" xlink:type="arc" />
    <link:calculationArc xlink:from="loc_LiabilitiesAndStockholdersEquity.11731.14.6" xlink:to="loc_Liabilities.11702.14.6" order="1.00000" weight="1.00" priority="0" use="optional" xlink:arcrole="http://www.xbrl.org/2003/arcrole/summation-item" xlink:type="arc" />
    <link:loc xlink:label="loc_StockholdersEquityIncludingPortionAttributableToNoncontrollingInterest.16655.14.6" xlink:href="http://xbrl.fasb.org/us-gaap/2012/elts/us-gaap-2012-01-31.xsd#us-gaap_StockholdersEquityIncludingPortionAttributableToNoncontrollingInterest" xlink:type="locator" />
    <link:calculationArc xlink:from="loc_LiabilitiesAndStockholdersEquity.11731.14.6" xlink:to="loc_StockholdersEquityIncludingPortionAttributableToNoncontrollingInterest.16655.14.6" order="1.00000" weight="1.00" priority="0" use="optional" xlink:arcrole="http://www.xbrl.org/2003/arcrole/summation-item" xlink:type="arc" />
    <link:loc xlink:label="loc_RealEstateInvestmentPropertyAtCost.14901.14.6" xlink:href="http://xbrl.fasb.org/us-gaap/2012/elts/us-gaap-2012-01-31.xsd#us-gaap_RealEstateInvestmentPropertyAtCost" xlink:type="locator" />
    <link:loc xlink:label="loc_InvestmentBuildingAndBuildingImprovements.11443.14.6" xlink:href="http://xbrl.fasb.org/us-gaap/2012/elts/us-gaap-2012-01-31.xsd#us-gaap_InvestmentBuildingAndBuildingImprovements" xlink:type="locator" />
    <link:calculationArc xlink:from="loc_RealEstateInvestmentPropertyAtCost.14901.14.6" xlink:to="loc_InvestmentBuildingAndBuildingImprovements.11443.14.6" order="1.00000" weight="1.00" priority="0" use="optional" xlink:arcrole="http://www.xbrl.org/2003/arcrole/summation-item" xlink:type="arc" />
    <link:loc xlink:label="loc_Land.11599.14.6" xlink:href="http://xbrl.fasb.org/us-gaap/2012/elts/us-gaap-2012-01-31.xsd#us-gaap_Land" xlink:type="locator" />
    <link:calculationArc xlink:from="loc_RealEstateInvestmentPropertyAtCost.14901.14.6" xlink:to="loc_Land.11599.14.6" order="1.00000" weight="1.00" priority="0" use="optional" xlink:arcrole="http://www.xbrl.org/2003/arcrole/summation-item" xlink:type="arc" />
    <link:calculationArc xlink:from="loc_RealEstateInvestmentPropertyNet.14902.14.6" xlink:to="loc_RealEstateInvestmentPropertyAtCost.14901.14.6" order="1.00000" weight="1.00" priority="0" use="optional" xlink:arcrole="http://www.xbrl.org/2003/arcrole/summation-item" xlink:type="arc" />
    <link:loc xlink:label="loc_RealEstateInvestmentPropertyAccumulatedDepreciation.14931.14.6" xlink:href="http://xbrl.fasb.org/us-gaap/2012/elts/us-gaap-2012-01-31.xsd#us-gaap_RealEstateInvestmentPropertyAccumulatedDepreciation" xlink:type="locator" />
    <link:calculationArc xlink:from="loc_RealEstateInvestmentPropertyNet.14902.14.6" xlink:to="loc_RealEstateInvestmentPropertyAccumulatedDepreciation.14931.14.6" order="1.00000" weight="-1.00" priority="0" use="optional" xlink:arcrole="http://www.xbrl.org/2003/arcrole/summation-item" xlink:type="arc" />
    <link:loc xlink:label="loc_StockholdersEquity.16667.14.6" xlink:href="http://xbrl.fasb.org/us-gaap/2012/elts/us-gaap-2012-01-31.xsd#us-gaap_StockholdersEquity" xlink:type="locator" />
    <link:calculationArc xlink:from="loc_StockholdersEquityIncludingPortionAttributableToNoncontrollingInterest.16655.14.6" xlink:to="loc_StockholdersEquity.16667.14.6" order="1.00000" weight="1.00" priority="0" use="optional" xlink:arcrole="http://www.xbrl.org/2003/arcrole/summation-item" xlink:type="arc" />
    <link:loc xlink:label="loc_MinorityInterest.12584.14.6" xlink:href="http://xbrl.fasb.org/us-gaap/2012/elts/us-gaap-2012-01-31.xsd#us-gaap_MinorityInterest" xlink:type="locator" />
    <link:calculationArc xlink:from="loc_StockholdersEquityIncludingPortionAttributableToNoncontrollingInterest.16655.14.6" xlink:to="loc_MinorityInterest.12584.14.6" order="1.00000" weight="1.00" priority="0" use="optional" xlink:arcrole="http://www.xbrl.org/2003/arcrole/summation-item" xlink:type="arc" />
    <link:loc xlink:label="loc_PreferredStockValue.14123.14.6" xlink:href="http://xbrl.fasb.org/us-gaap/2012/elts/us-gaap-2012-01-31.xsd#us-gaap_PreferredStockValue" xlink:type="locator" />
    <link:calculationArc xlink:from="loc_StockholdersEquity.16667.14.6" xlink:to="loc_PreferredStockValue.14123.14.6" order="1.00000" weight="1.00" priority="0" use="optional" xlink:arcrole="http://www.xbrl.org/2003/arcrole/summation-item" xlink:type="arc" />
    <link:loc xlink:label="loc_CommonStockValue.6874.14.6" xlink:href="http://xbrl.fasb.org/us-gaap/2012/elts/us-gaap-2012-01-31.xsd#us-gaap_CommonStockValue" xlink:type="locator" />
    <link:calculationArc xlink:from="loc_StockholdersEquity.16667.14.6" xlink:to="loc_CommonStockValue.6874.14.6" order="1.00000" weight="1.00" priority="0" use="optional" xlink:arcrole="http://www.xbrl.org/2003/arcrole/summation-item" xlink:type="arc" />
    <link:loc xlink:label="loc_AdditionalPaidInCapital.5620.14.6" xlink:href="http://xbrl.fasb.org/us-gaap/2012/elts/us-gaap-2012-01-31.xsd#us-gaap_AdditionalPaidInCapital" xlink:type="locator" />
    <link:calculationArc xlink:from="loc_StockholdersEquity.16667.14.6" xlink:to="loc_AdditionalPaidInCapital.5620.14.6" order="1.00000" weight="1.00" priority="0" use="optional" xlink:arcrole="http://www.xbrl.org/2003/arcrole/summation-item" xlink:type="arc" />
    <link:loc xlink:label="loc_RetainedEarningsAccumulatedDeficit.15457.14.6" xlink:href="http://xbrl.fasb.org/us-gaap/2012/elts/us-gaap-2012-01-31.xsd#us-gaap_RetainedEarningsAccumulatedDeficit" xlink:type="locator" />
    <link:calculationArc xlink:from="loc_StockholdersEquity.16667.14.6" xlink:to="loc_RetainedEarningsAccumulatedDeficit.15457.14.6" order="1.00000" weight="1.00" priority="0" use="optional" xlink:arcrole="http://www.xbrl.org/2003/arcrole/summation-item" xlink:type="arc" />
  </link:calculationLink>
  <link:calculationLink xlink:title="004 - Statement - CONSOLIDATED STATEMENT OF OPERATIONS" xlink:role="http://www.unitedrealtytrust.com/role/ConsolidatedStatementOfOperations" xlink:type="extended">
    <link:loc xlink:label="loc_IncomeLossIncludingPortionAttributableToNoncontrollingInterest.10663.14.6" xlink:href="http://xbrl.fasb.org/us-gaap/2012/elts/us-gaap-2012-01-31.xsd#us-gaap_IncomeLossIncludingPortionAttributableToNoncontrollingInterest" xlink:type="locator" />
    <link:loc xlink:label="loc_OperatingIncomeLoss.13080.14.6" xlink:href="http://xbrl.fasb.org/us-gaap/2012/elts/us-gaap-2012-01-31.xsd#us-gaap_OperatingIncomeLoss" xlink:type="locator" />
    <link:calculationArc xlink:from="loc_IncomeLossIncludingPortionAttributableToNoncontrollingInterest.10663.14.6" xlink:to="loc_OperatingIncomeLoss.13080.14.6" order="1.00000" weight="1.00" priority="0" use="optional" xlink:arcrole="http://www.xbrl.org/2003/arcrole/summation-item" xlink:type="arc" />
    <link:loc xlink:label="loc_InterestExpenseAndOtherFinanceExpenses.91684.14.6" xlink:href="cik1536256-20130331.xsd#cik1536256_InterestExpenseAndOtherFinanceExpenses" xlink:type="locator" />
    <link:calculationArc xlink:from="loc_IncomeLossIncludingPortionAttributableToNoncontrollingInterest.10663.14.6" xlink:to="loc_InterestExpenseAndOtherFinanceExpenses.91684.14.6" order="1.00000" weight="-1.00" priority="0" use="optional" xlink:arcrole="http://www.xbrl.org/2003/arcrole/summation-item" xlink:type="arc" />
    <link:loc xlink:label="loc_NetIncomeLoss.12771.14.6" xlink:href="http://xbrl.fasb.org/us-gaap/2012/elts/us-gaap-2012-01-31.xsd#us-gaap_NetIncomeLoss" xlink:type="locator" />
    <link:calculationArc xlink:from="loc_NetIncomeLoss.12771.14.6" xlink:to="loc_IncomeLossIncludingPortionAttributableToNoncontrollingInterest.10663.14.6" order="1.00000" weight="1.00" priority="0" use="optional" xlink:arcrole="http://www.xbrl.org/2003/arcrole/summation-item" xlink:type="arc" />
    <link:loc xlink:label="loc_NetIncomeLossAttributableToNoncontrollingInterest.12781.14.6" xlink:href="http://xbrl.fasb.org/us-gaap/2012/elts/us-gaap-2012-01-31.xsd#us-gaap_NetIncomeLossAttributableToNoncontrollingInterest" xlink:type="locator" />
    <link:calculationArc xlink:from="loc_NetIncomeLoss.12771.14.6" xlink:to="loc_NetIncomeLossAttributableToNoncontrollingInterest.12781.14.6" order="1.00000" weight="-1.00" priority="0" use="optional" xlink:arcrole="http://www.xbrl.org/2003/arcrole/summation-item" xlink:type="arc" />
    <link:loc xlink:label="loc_OperatingExpenses.13060.14.6" xlink:href="http://xbrl.fasb.org/us-gaap/2012/elts/us-gaap-2012-01-31.xsd#us-gaap_OperatingExpenses" xlink:type="locator" />
    <link:loc xlink:label="loc_GeneralAndAdministrativeExpense.10284.14.6" xlink:href="http://xbrl.fasb.org/us-gaap/2012/elts/us-gaap-2012-01-31.xsd#us-gaap_GeneralAndAdministrativeExpense" xlink:type="locator" />
    <link:calculationArc xlink:from="loc_OperatingExpenses.13060.14.6" xlink:to="loc_GeneralAndAdministrativeExpense.10284.14.6" order="1.00000" weight="1.00" priority="0" use="optional" xlink:arcrole="http://www.xbrl.org/2003/arcrole/summation-item" xlink:type="arc" />
    <link:loc xlink:label="loc_OtherCostAndExpenseOperating.13373.14.6" xlink:href="http://xbrl.fasb.org/us-gaap/2012/elts/us-gaap-2012-01-31.xsd#us-gaap_OtherCostAndExpenseOperating" xlink:type="locator" />
    <link:calculationArc xlink:from="loc_OperatingExpenses.13060.14.6" xlink:to="loc_OtherCostAndExpenseOperating.13373.14.6" order="1.00000" weight="1.00" priority="0" use="optional" xlink:arcrole="http://www.xbrl.org/2003/arcrole/summation-item" xlink:type="arc" />
    <link:loc xlink:label="loc_DepreciationAndAmortization.8044.14.6" xlink:href="http://xbrl.fasb.org/us-gaap/2012/elts/us-gaap-2012-01-31.xsd#us-gaap_DepreciationAndAmortization" xlink:type="locator" />
    <link:calculationArc xlink:from="loc_OperatingExpenses.13060.14.6" xlink:to="loc_DepreciationAndAmortization.8044.14.6" order="1.00000" weight="1.00" priority="0" use="optional" xlink:arcrole="http://www.xbrl.org/2003/arcrole/summation-item" xlink:type="arc" />
    <link:loc xlink:label="loc_Revenues.15575.14.6" xlink:href="http://xbrl.fasb.org/us-gaap/2012/elts/us-gaap-2012-01-31.xsd#us-gaap_Revenues" xlink:type="locator" />
    <link:calculationArc xlink:from="loc_OperatingIncomeLoss.13080.14.6" xlink:to="loc_Revenues.15575.14.6" order="1.00000" weight="1.00" priority="0" use="optional" xlink:arcrole="http://www.xbrl.org/2003/arcrole/summation-item" xlink:type="arc" />
    <link:calculationArc xlink:from="loc_OperatingIncomeLoss.13080.14.6" xlink:to="loc_OperatingExpenses.13060.14.6" order="1.00000" weight="-1.00" priority="0" use="optional" xlink:arcrole="http://www.xbrl.org/2003/arcrole/summation-item" xlink:type="arc" />
    <link:loc xlink:label="loc_SalesRevenueNet.15664.14.6" xlink:href="http://xbrl.fasb.org/us-gaap/2012/elts/us-gaap-2012-01-31.xsd#us-gaap_SalesRevenueNet" xlink:type="locator" />
    <link:calculationArc xlink:from="loc_Revenues.15575.14.6" xlink:to="loc_SalesRevenueNet.15664.14.6" order="1.00000" weight="1.00" priority="0" use="optional" xlink:arcrole="http://www.xbrl.org/2003/arcrole/summation-item" xlink:type="arc" />
  </link:calculationLink>
  <link:calculationLink xlink:title="006 - Statement - CONSOLIDATED STATEMENT OF CASH FLOWS" xlink:role="http://www.unitedrealtytrust.com/role/ConsolidatedStatementOfCashFlows" xlink:type="extended">
    <link:loc xlink:label="loc_CashAndCashEquivalentsPeriodIncreaseDecrease.6589.14.6" xlink:href="http://xbrl.fasb.org/us-gaap/2012/elts/us-gaap-2012-01-31.xsd#us-gaap_CashAndCashEquivalentsPeriodIncreaseDecrease" xlink:type="locator" />
    <link:loc xlink:label="loc_NetCashProvidedByUsedInOperatingActivities.12778.14.6" xlink:href="http://xbrl.fasb.org/us-gaap/2012/elts/us-gaap-2012-01-31.xsd#us-gaap_NetCashProvidedByUsedInOperatingActivities" xlink:type="locator" />
    <link:calculationArc xlink:from="loc_CashAndCashEquivalentsPeriodIncreaseDecrease.6589.14.6" xlink:to="loc_NetCashProvidedByUsedInOperatingActivities.12778.14.6" order="1.00000" weight="1.00" priority="0" use="optional" xlink:arcrole="http://www.xbrl.org/2003/arcrole/summation-item" xlink:type="arc" />
    <link:loc xlink:label="loc_NetCashProvidedByUsedInInvestingActivities.12731.14.6" xlink:href="http://xbrl.fasb.org/us-gaap/2012/elts/us-gaap-2012-01-31.xsd#us-gaap_NetCashProvidedByUsedInInvestingActivities" xlink:type="locator" />
    <link:calculationArc xlink:from="loc_CashAndCashEquivalentsPeriodIncreaseDecrease.6589.14.6" xlink:to="loc_NetCashProvidedByUsedInInvestingActivities.12731.14.6" order="1.00000" weight="1.00" priority="0" use="optional" xlink:arcrole="http://www.xbrl.org/2003/arcrole/summation-item" xlink:type="arc" />
    <link:loc xlink:label="loc_NetCashProvidedByUsedInFinancingActivities.12740.14.6" xlink:href="http://xbrl.fasb.org/us-gaap/2012/elts/us-gaap-2012-01-31.xsd#us-gaap_NetCashProvidedByUsedInFinancingActivities" xlink:type="locator" />
    <link:calculationArc xlink:from="loc_CashAndCashEquivalentsPeriodIncreaseDecrease.6589.14.6" xlink:to="loc_NetCashProvidedByUsedInFinancingActivities.12740.14.6" order="1.00000" weight="1.00" priority="0" use="optional" xlink:arcrole="http://www.xbrl.org/2003/arcrole/summation-item" xlink:type="arc" />
    <link:loc xlink:label="loc_PaymentsToAcquireRealEstateHeldForInvestment.13773.14.6" xlink:href="http://xbrl.fasb.org/us-gaap/2012/elts/us-gaap-2012-01-31.xsd#us-gaap_PaymentsToAcquireRealEstateHeldForInvestment" xlink:type="locator" />
    <link:calculationArc xlink:from="loc_NetCashProvidedByUsedInInvestingActivities.12731.14.6" xlink:to="loc_PaymentsToAcquireRealEstateHeldForInvestment.13773.14.6" order="1.00000" weight="-1.00" priority="0" use="optional" xlink:arcrole="http://www.xbrl.org/2003/arcrole/summation-item" xlink:type="arc" />
    <link:loc xlink:label="loc_ProceedsFromSaleOfTreasuryStock.14572.14.6" xlink:href="http://xbrl.fasb.org/us-gaap/2012/elts/us-gaap-2012-01-31.xsd#us-gaap_ProceedsFromSaleOfTreasuryStock" xlink:type="locator" />
    <link:calculationArc xlink:from="loc_NetCashProvidedByUsedInFinancingActivities.12740.14.6" xlink:to="loc_ProceedsFromSaleOfTreasuryStock.14572.14.6" order="1.00000" weight="1.00" priority="0" use="optional" xlink:arcrole="http://www.xbrl.org/2003/arcrole/summation-item" xlink:type="arc" />
    <link:loc xlink:label="loc_ProceedsFromNotesPayable.14430.14.6" xlink:href="http://xbrl.fasb.org/us-gaap/2012/elts/us-gaap-2012-01-31.xsd#us-gaap_ProceedsFromNotesPayable" xlink:type="locator" />
    <link:calculationArc xlink:from="loc_NetCashProvidedByUsedInFinancingActivities.12740.14.6" xlink:to="loc_ProceedsFromNotesPayable.14430.14.6" order="1.00000" weight="1.00" priority="0" use="optional" xlink:arcrole="http://www.xbrl.org/2003/arcrole/summation-item" xlink:type="arc" />
    <link:loc xlink:label="loc_ProceedsFromPaymentsForOtherFinancingActivities.14363.14.6" xlink:href="http://xbrl.fasb.org/us-gaap/2012/elts/us-gaap-2012-01-31.xsd#us-gaap_ProceedsFromPaymentsForOtherFinancingActivities" xlink:type="locator" />
    <link:calculationArc xlink:from="loc_NetCashProvidedByUsedInFinancingActivities.12740.14.6" xlink:to="loc_ProceedsFromPaymentsForOtherFinancingActivities.14363.14.6" order="1.00000" weight="1.00" priority="0" use="optional" xlink:arcrole="http://www.xbrl.org/2003/arcrole/summation-item" xlink:type="arc" />
    <link:loc xlink:label="loc_RegistrationsExpenditures.93425.14.6" xlink:href="cik1536256-20130331.xsd#cik1536256_RegistrationsExpenditures" xlink:type="locator" />
    <link:calculationArc xlink:from="loc_NetCashProvidedByUsedInFinancingActivities.12740.14.6" xlink:to="loc_RegistrationsExpenditures.93425.14.6" order="1.00000" weight="-1.00" priority="0" use="optional" xlink:arcrole="http://www.xbrl.org/2003/arcrole/summation-item" xlink:type="arc" />
    <link:loc xlink:label="loc_PaymentsOfOrdinaryDividends.13817.14.6" xlink:href="http://xbrl.fasb.org/us-gaap/2012/elts/us-gaap-2012-01-31.xsd#us-gaap_PaymentsOfOrdinaryDividends" xlink:type="locator" />
    <link:calculationArc xlink:from="loc_NetCashProvidedByUsedInFinancingActivities.12740.14.6" xlink:to="loc_PaymentsOfOrdinaryDividends.13817.14.6" order="1.00000" weight="-1.00" priority="0" use="optional" xlink:arcrole="http://www.xbrl.org/2003/arcrole/summation-item" xlink:type="arc" />
    <link:loc xlink:label="loc_NetIncomeLoss.12771.14.6" xlink:href="http://xbrl.fasb.org/us-gaap/2012/elts/us-gaap-2012-01-31.xsd#us-gaap_NetIncomeLoss" xlink:type="locator" />
    <link:calculationArc xlink:from="loc_NetCashProvidedByUsedInOperatingActivities.12778.14.6" xlink:to="loc_NetIncomeLoss.12771.14.6" order="1.00000" weight="1.00" priority="0" use="optional" xlink:arcrole="http://www.xbrl.org/2003/arcrole/summation-item" xlink:type="arc" />
    <link:loc xlink:label="loc_DepreciationDepletionAndAmortization.8046.14.6" xlink:href="http://xbrl.fasb.org/us-gaap/2012/elts/us-gaap-2012-01-31.xsd#us-gaap_DepreciationDepletionAndAmortization" xlink:type="locator" />
    <link:calculationArc xlink:from="loc_NetCashProvidedByUsedInOperatingActivities.12778.14.6" xlink:to="loc_DepreciationDepletionAndAmortization.8046.14.6" order="1.00000" weight="1.00" priority="0" use="optional" xlink:arcrole="http://www.xbrl.org/2003/arcrole/summation-item" xlink:type="arc" />
    <link:loc xlink:label="loc_AmortizationOfDeferredCharges.5795.14.6" xlink:href="http://xbrl.fasb.org/us-gaap/2012/elts/us-gaap-2012-01-31.xsd#us-gaap_AmortizationOfDeferredCharges" xlink:type="locator" />
    <link:calculationArc xlink:from="loc_NetCashProvidedByUsedInOperatingActivities.12778.14.6" xlink:to="loc_AmortizationOfDeferredCharges.5795.14.6" order="1.00000" weight="1.00" priority="0" use="optional" xlink:arcrole="http://www.xbrl.org/2003/arcrole/summation-item" xlink:type="arc" />
    <link:loc xlink:label="loc_IncreaseDecreaseInDueToAffiliatesCurrent.10824.14.6" xlink:href="http://xbrl.fasb.org/us-gaap/2012/elts/us-gaap-2012-01-31.xsd#us-gaap_IncreaseDecreaseInDueToAffiliatesCurrent" xlink:type="locator" />
    <link:calculationArc xlink:from="loc_NetCashProvidedByUsedInOperatingActivities.12778.14.6" xlink:to="loc_IncreaseDecreaseInDueToAffiliatesCurrent.10824.14.6" order="1.00000" weight="1.00" priority="0" use="optional" xlink:arcrole="http://www.xbrl.org/2003/arcrole/summation-item" xlink:type="arc" />
    <link:loc xlink:label="loc_IncreaseDecreaseInAccountsPayable.10805.14.6" xlink:href="http://xbrl.fasb.org/us-gaap/2012/elts/us-gaap-2012-01-31.xsd#us-gaap_IncreaseDecreaseInAccountsPayable" xlink:type="locator" />
    <link:calculationArc xlink:from="loc_NetCashProvidedByUsedInOperatingActivities.12778.14.6" xlink:to="loc_IncreaseDecreaseInAccountsPayable.10805.14.6" order="1.00000" weight="1.00" priority="0" use="optional" xlink:arcrole="http://www.xbrl.org/2003/arcrole/summation-item" xlink:type="arc" />
    <link:loc xlink:label="loc_IncreaseDecreaseMortgageEscrow.94708.14.6" xlink:href="cik1536256-20130331.xsd#cik1536256_IncreaseDecreaseMortgageEscrow" xlink:type="locator" />
    <link:calculationArc xlink:from="loc_NetCashProvidedByUsedInOperatingActivities.12778.14.6" xlink:to="loc_IncreaseDecreaseMortgageEscrow.94708.14.6" order="1.00000" weight="-1.00" priority="0" use="optional" xlink:arcrole="http://www.xbrl.org/2003/arcrole/summation-item" xlink:type="arc" />
  </link:calculationLink>
  <link:calculationLink xlink:title="40401 - Disclosure - Mortgage Notes Payable (Details)" xlink:role="http://www.unitedrealtytrust.com/role/MortgageNotesPayableDetails" xlink:type="extended">
    <link:loc xlink:label="loc_LongTermDebt.12204.14.6" xlink:href="http://xbrl.fasb.org/us-gaap/2012/elts/us-gaap-2012-01-31.xsd#us-gaap_LongTermDebt" xlink:type="locator" />
    <link:loc xlink:label="loc_LongTermDebtMaturitiesRepaymentsOfPrincipalInNextTwelveMonths.12282.14.6" xlink:href="http://xbrl.fasb.org/us-gaap/2012/elts/us-gaap-2012-01-31.xsd#us-gaap_LongTermDebtMaturitiesRepaymentsOfPrincipalInNextTwelveMonths" xlink:type="locator" />
    <link:calculationArc xlink:from="loc_LongTermDebt.12204.14.6" xlink:to="loc_LongTermDebtMaturitiesRepaymentsOfPrincipalInNextTwelveMonths.12282.14.6" order="1.00000" weight="1.00" priority="0" use="optional" xlink:arcrole="http://www.xbrl.org/2003/arcrole/summation-item" xlink:type="arc" />
    <link:loc xlink:label="loc_LongTermDebtMaturitiesRepaymentsOfPrincipalInYearTwo.12273.14.6" xlink:href="http://xbrl.fasb.org/us-gaap/2012/elts/us-gaap-2012-01-31.xsd#us-gaap_LongTermDebtMaturitiesRepaymentsOfPrincipalInYearTwo" xlink:type="locator" />
    <link:calculationArc xlink:from="loc_LongTermDebt.12204.14.6" xlink:to="loc_LongTermDebtMaturitiesRepaymentsOfPrincipalInYearTwo.12273.14.6" order="1.00000" weight="1.00" priority="0" use="optional" xlink:arcrole="http://www.xbrl.org/2003/arcrole/summation-item" xlink:type="arc" />
    <link:loc xlink:label="loc_LongTermDebtMaturitiesRepaymentsOfPrincipalInYearThree.12271.14.6" xlink:href="http://xbrl.fasb.org/us-gaap/2012/elts/us-gaap-2012-01-31.xsd#us-gaap_LongTermDebtMaturitiesRepaymentsOfPrincipalInYearThree" xlink:type="locator" />
    <link:calculationArc xlink:from="loc_LongTermDebt.12204.14.6" xlink:to="loc_LongTermDebtMaturitiesRepaymentsOfPrincipalInYearThree.12271.14.6" order="1.00000" weight="1.00" priority="0" use="optional" xlink:arcrole="http://www.xbrl.org/2003/arcrole/summation-item" xlink:type="arc" />
    <link:loc xlink:label="loc_LongTermDebtMaturitiesRepaymentsOfPrincipalInYearFour.12276.14.6" xlink:href="http://xbrl.fasb.org/us-gaap/2012/elts/us-gaap-2012-01-31.xsd#us-gaap_LongTermDebtMaturitiesRepaymentsOfPrincipalInYearFour" xlink:type="locator" />
    <link:calculationArc xlink:from="loc_LongTermDebt.12204.14.6" xlink:to="loc_LongTermDebtMaturitiesRepaymentsOfPrincipalInYearFour.12276.14.6" order="1.00000" weight="1.00" priority="0" use="optional" xlink:arcrole="http://www.xbrl.org/2003/arcrole/summation-item" xlink:type="arc" />
    <link:loc xlink:label="loc_LongTermDebtMaturitiesRepaymentsOfPrincipalInYearFive.12283.14.6" xlink:href="http://xbrl.fasb.org/us-gaap/2012/elts/us-gaap-2012-01-31.xsd#us-gaap_LongTermDebtMaturitiesRepaymentsOfPrincipalInYearFive" xlink:type="locator" />
    <link:calculationArc xlink:from="loc_LongTermDebt.12204.14.6" xlink:to="loc_LongTermDebtMaturitiesRepaymentsOfPrincipalInYearFive.12283.14.6" order="1.00000" weight="1.00" priority="0" use="optional" xlink:arcrole="http://www.xbrl.org/2003/arcrole/summation-item" xlink:type="arc" />
    <link:loc xlink:label="loc_LongTermDebtMaturitiesRepaymentsOfPrincipalAfterYearFive.12294.14.6" xlink:href="http://xbrl.fasb.org/us-gaap/2012/elts/us-gaap-2012-01-31.xsd#us-gaap_LongTermDebtMaturitiesRepaymentsOfPrincipalAfterYearFive" xlink:type="locator" />
    <link:calculationArc xlink:from="loc_LongTermDebt.12204.14.6" xlink:to="loc_LongTermDebtMaturitiesRepaymentsOfPrincipalAfterYearFive.12294.14.6" order="1.00000" weight="1.00" priority="0" use="optional" xlink:arcrole="http://www.xbrl.org/2003/arcrole/summation-item" xlink:type="arc" />
    <link:loc xlink:label="loc_OtherLongTermDebt.13429.14.6" xlink:href="http://xbrl.fasb.org/us-gaap/2012/elts/us-gaap-2012-01-31.xsd#us-gaap_OtherLongTermDebt" xlink:type="locator" />
    <link:loc xlink:label="loc_CapitalLeasesFutureMinimumPaymentsDueCurrent.6407.14.6" xlink:href="http://xbrl.fasb.org/us-gaap/2012/elts/us-gaap-2012-01-31.xsd#us-gaap_CapitalLeasesFutureMinimumPaymentsDueCurrent" xlink:type="locator" />
    <link:calculationArc xlink:from="loc_OtherLongTermDebt.13429.14.6" xlink:to="loc_CapitalLeasesFutureMinimumPaymentsDueCurrent.6407.14.6" order="1.00000" weight="1.00" priority="0" use="optional" xlink:arcrole="http://www.xbrl.org/2003/arcrole/summation-item" xlink:type="arc" />
    <link:loc xlink:label="loc_CapitalLeasesFutureMinimumPaymentsDueInTwoYears.6365.14.6" xlink:href="http://xbrl.fasb.org/us-gaap/2012/elts/us-gaap-2012-01-31.xsd#us-gaap_CapitalLeasesFutureMinimumPaymentsDueInTwoYears" xlink:type="locator" />
    <link:calculationArc xlink:from="loc_OtherLongTermDebt.13429.14.6" xlink:to="loc_CapitalLeasesFutureMinimumPaymentsDueInTwoYears.6365.14.6" order="1.00000" weight="1.00" priority="0" use="optional" xlink:arcrole="http://www.xbrl.org/2003/arcrole/summation-item" xlink:type="arc" />
    <link:loc xlink:label="loc_CapitalLeasesFutureMinimumPaymentsDueInThreeYears.6404.14.6" xlink:href="http://xbrl.fasb.org/us-gaap/2012/elts/us-gaap-2012-01-31.xsd#us-gaap_CapitalLeasesFutureMinimumPaymentsDueInThreeYears" xlink:type="locator" />
    <link:calculationArc xlink:from="loc_OtherLongTermDebt.13429.14.6" xlink:to="loc_CapitalLeasesFutureMinimumPaymentsDueInThreeYears.6404.14.6" order="1.00000" weight="1.00" priority="0" use="optional" xlink:arcrole="http://www.xbrl.org/2003/arcrole/summation-item" xlink:type="arc" />
    <link:loc xlink:label="loc_CapitalLeasesFutureMinimumPaymentsDueInFourYears.6431.14.6" xlink:href="http://xbrl.fasb.org/us-gaap/2012/elts/us-gaap-2012-01-31.xsd#us-gaap_CapitalLeasesFutureMinimumPaymentsDueInFourYears" xlink:type="locator" />
    <link:calculationArc xlink:from="loc_OtherLongTermDebt.13429.14.6" xlink:to="loc_CapitalLeasesFutureMinimumPaymentsDueInFourYears.6431.14.6" order="1.00000" weight="1.00" priority="0" use="optional" xlink:arcrole="http://www.xbrl.org/2003/arcrole/summation-item" xlink:type="arc" />
    <link:loc xlink:label="loc_CapitalLeasesFutureMinimumPaymentsDueInFiveYears.6373.14.6" xlink:href="http://xbrl.fasb.org/us-gaap/2012/elts/us-gaap-2012-01-31.xsd#us-gaap_CapitalLeasesFutureMinimumPaymentsDueInFiveYears" xlink:type="locator" />
    <link:calculationArc xlink:from="loc_OtherLongTermDebt.13429.14.6" xlink:to="loc_CapitalLeasesFutureMinimumPaymentsDueInFiveYears.6373.14.6" order="1.00000" weight="1.00" priority="0" use="optional" xlink:arcrole="http://www.xbrl.org/2003/arcrole/summation-item" xlink:type="arc" />
    <link:loc xlink:label="loc_CapitalLeasesFutureMinimumPaymentsDueThereafter.6409.14.6" xlink:href="http://xbrl.fasb.org/us-gaap/2012/elts/us-gaap-2012-01-31.xsd#us-gaap_CapitalLeasesFutureMinimumPaymentsDueThereafter" xlink:type="locator" />
    <link:calculationArc xlink:from="loc_OtherLongTermDebt.13429.14.6" xlink:to="loc_CapitalLeasesFutureMinimumPaymentsDueThereafter.6409.14.6" order="1.00000" weight="1.00" priority="0" use="optional" xlink:arcrole="http://www.xbrl.org/2003/arcrole/summation-item" xlink:type="arc" />
    <link:loc xlink:label="loc_AmortizationOfMortgageNotesPayable.94323.14.6" xlink:href="cik1536256-20130331.xsd#cik1536256_AmortizationOfMortgageNotesPayable" xlink:type="locator" />
    <link:loc xlink:label="loc_LongTermDebtMaturitiesAmortizationOfPrincipalCurrent.94316.14.6" xlink:href="cik1536256-20130331.xsd#cik1536256_LongTermDebtMaturitiesAmortizationOfPrincipalCurrent" xlink:type="locator" />
    <link:calculationArc xlink:from="loc_AmortizationOfMortgageNotesPayable.94323.14.6" xlink:to="loc_LongTermDebtMaturitiesAmortizationOfPrincipalCurrent.94316.14.6" order="1.00000" weight="1.00" priority="0" use="optional" xlink:arcrole="http://www.xbrl.org/2003/arcrole/summation-item" xlink:type="arc" />
    <link:loc xlink:label="loc_LongTermDebtMaturitiesAmortizationOfPrincipalYearTwo.94318.14.6" xlink:href="cik1536256-20130331.xsd#cik1536256_LongTermDebtMaturitiesAmortizationOfPrincipalYearTwo" xlink:type="locator" />
    <link:calculationArc xlink:from="loc_AmortizationOfMortgageNotesPayable.94323.14.6" xlink:to="loc_LongTermDebtMaturitiesAmortizationOfPrincipalYearTwo.94318.14.6" order="1.00000" weight="1.00" priority="0" use="optional" xlink:arcrole="http://www.xbrl.org/2003/arcrole/summation-item" xlink:type="arc" />
    <link:loc xlink:label="loc_LongTermDebtMaturitiesAmortizationOfPrincipalYearThree.94319.14.6" xlink:href="cik1536256-20130331.xsd#cik1536256_LongTermDebtMaturitiesAmortizationOfPrincipalYearThree" xlink:type="locator" />
    <link:calculationArc xlink:from="loc_AmortizationOfMortgageNotesPayable.94323.14.6" xlink:to="loc_LongTermDebtMaturitiesAmortizationOfPrincipalYearThree.94319.14.6" order="1.00000" weight="1.00" priority="0" use="optional" xlink:arcrole="http://www.xbrl.org/2003/arcrole/summation-item" xlink:type="arc" />
    <link:loc xlink:label="loc_LongTermDebtMaturitiesAmortizationOfPrincipalYearFour.94320.14.6" xlink:href="cik1536256-20130331.xsd#cik1536256_LongTermDebtMaturitiesAmortizationOfPrincipalYearFour" xlink:type="locator" />
    <link:calculationArc xlink:from="loc_AmortizationOfMortgageNotesPayable.94323.14.6" xlink:to="loc_LongTermDebtMaturitiesAmortizationOfPrincipalYearFour.94320.14.6" order="1.00000" weight="1.00" priority="0" use="optional" xlink:arcrole="http://www.xbrl.org/2003/arcrole/summation-item" xlink:type="arc" />
    <link:loc xlink:label="loc_LongTermDebtMaturitiesAmortizationOfPrincipalYearFive.94321.14.6" xlink:href="cik1536256-20130331.xsd#cik1536256_LongTermDebtMaturitiesAmortizationOfPrincipalYearFive" xlink:type="locator" />
    <link:calculationArc xlink:from="loc_AmortizationOfMortgageNotesPayable.94323.14.6" xlink:to="loc_LongTermDebtMaturitiesAmortizationOfPrincipalYearFive.94321.14.6" order="1.00000" weight="1.00" priority="0" use="optional" xlink:arcrole="http://www.xbrl.org/2003/arcrole/summation-item" xlink:type="arc" />
    <link:loc xlink:label="loc_LongTermDebtMaturitiesAmortizationOfPrincipalAfterYearFive.94322.14.6" xlink:href="cik1536256-20130331.xsd#cik1536256_LongTermDebtMaturitiesAmortizationOfPrincipalAfterYearFive" xlink:type="locator" />
    <link:calculationArc xlink:from="loc_AmortizationOfMortgageNotesPayable.94323.14.6" xlink:to="loc_LongTermDebtMaturitiesAmortizationOfPrincipalAfterYearFive.94322.14.6" order="1.00000" weight="1.00" priority="0" use="optional" xlink:arcrole="http://www.xbrl.org/2003/arcrole/summation-item" xlink:type="arc" />
  </link:calculationLink>
  <link:calculationLink xlink:title="40303 - Disclosure - Real Estate Investments (Schedule of Assets Acquired and Liabilities Assumed) (Details)" xlink:role="http://www.unitedrealtytrust.com/role/RealEstateInvestmentsScheduleOfAssetsAcquiredAndLiabilitiesAssumedDetails" xlink:type="extended">
    <link:loc xlink:label="loc_BusinessAcquisitionPurchasePriceAllocationLiabilitiesAssumed.6187.14.6" xlink:href="http://xbrl.fasb.org/us-gaap/2012/elts/us-gaap-2012-01-31.xsd#us-gaap_BusinessAcquisitionPurchasePriceAllocationLiabilitiesAssumed" xlink:type="locator" />
    <link:loc xlink:label="loc_BusinessAcquisitionPurchasePriceAllocationOtherLiabilities.6169.14.6" xlink:href="http://xbrl.fasb.org/us-gaap/2012/elts/us-gaap-2012-01-31.xsd#us-gaap_BusinessAcquisitionPurchasePriceAllocationOtherLiabilities" xlink:type="locator" />
    <link:calculationArc xlink:from="loc_BusinessAcquisitionPurchasePriceAllocationLiabilitiesAssumed.6187.14.6" xlink:to="loc_BusinessAcquisitionPurchasePriceAllocationOtherLiabilities.6169.14.6" order="1.00000" weight="1.00" priority="0" use="optional" xlink:arcrole="http://www.xbrl.org/2003/arcrole/summation-item" xlink:type="arc" />
    <link:loc xlink:label="loc_BusinessAcquisitionPurchasePriceAllocationAssetsAcquired.6221.14.6" xlink:href="http://xbrl.fasb.org/us-gaap/2012/elts/us-gaap-2012-01-31.xsd#us-gaap_BusinessAcquisitionPurchasePriceAllocationAssetsAcquired" xlink:type="locator" />
    <link:loc xlink:label="loc_BusinessAcquisitionPurchasePriceAllocationLand.6212.14.6" xlink:href="http://xbrl.fasb.org/us-gaap/2012/elts/us-gaap-2012-01-31.xsd#us-gaap_BusinessAcquisitionPurchasePriceAllocationLand" xlink:type="locator" />
    <link:calculationArc xlink:from="loc_BusinessAcquisitionPurchasePriceAllocationAssetsAcquired.6221.14.6" xlink:to="loc_BusinessAcquisitionPurchasePriceAllocationLand.6212.14.6" order="1.00000" weight="1.00" priority="0" use="optional" xlink:arcrole="http://www.xbrl.org/2003/arcrole/summation-item" xlink:type="arc" />
    <link:loc xlink:label="loc_BusinessAcquisitionPurchasePriceAllocationBuildings.6138.14.6" xlink:href="http://xbrl.fasb.org/us-gaap/2012/elts/us-gaap-2012-01-31.xsd#us-gaap_BusinessAcquisitionPurchasePriceAllocationBuildings" xlink:type="locator" />
    <link:calculationArc xlink:from="loc_BusinessAcquisitionPurchasePriceAllocationAssetsAcquired.6221.14.6" xlink:to="loc_BusinessAcquisitionPurchasePriceAllocationBuildings.6138.14.6" order="1.00000" weight="1.00" priority="0" use="optional" xlink:arcrole="http://www.xbrl.org/2003/arcrole/summation-item" xlink:type="arc" />
    <link:loc xlink:label="loc_BusinessAcquisitionPurchasePriceAllocationIntangibleAssetsOtherThanGoodwill.6214.14.6" xlink:href="http://xbrl.fasb.org/us-gaap/2012/elts/us-gaap-2012-01-31.xsd#us-gaap_BusinessAcquisitionPurchasePriceAllocationIntangibleAssetsOtherThanGoodwill" xlink:type="locator" />
    <link:calculationArc xlink:from="loc_BusinessAcquisitionPurchasePriceAllocationAssetsAcquired.6221.14.6" xlink:to="loc_BusinessAcquisitionPurchasePriceAllocationIntangibleAssetsOtherThanGoodwill.6214.14.6" order="1.00000" weight="1.00" priority="0" use="optional" xlink:arcrole="http://www.xbrl.org/2003/arcrole/summation-item" xlink:type="arc" />
    <link:loc xlink:label="loc_BusinessAcquisitionPurchasePriceAllocationDeferredTaxAssetsNoncurrent.6167.14.6" xlink:href="http://xbrl.fasb.org/us-gaap/2012/elts/us-gaap-2012-01-31.xsd#us-gaap_BusinessAcquisitionPurchasePriceAllocationDeferredTaxAssetsNoncurrent" xlink:type="locator" />
    <link:calculationArc xlink:from="loc_BusinessAcquisitionPurchasePriceAllocationAssetsAcquired.6221.14.6" xlink:to="loc_BusinessAcquisitionPurchasePriceAllocationDeferredTaxAssetsNoncurrent.6167.14.6" order="1.00000" weight="1.00" priority="0" use="optional" xlink:arcrole="http://www.xbrl.org/2003/arcrole/summation-item" xlink:type="arc" />
  </link:calculationLink>
  <link:calculationLink xlink:title="40304 - Disclosure - Real Estate Investments (Schedule of Pro Forma Information) (Details)" xlink:role="http://www.unitedrealtytrust.com/role/RealEstateInvestmentsScheduleOfProFormaInformationDetails" xlink:type="extended">
    <link:loc xlink:label="loc_BusinessAcquisitionsProFormaNetIncomeLoss.6181.14.6" xlink:href="http://xbrl.fasb.org/us-gaap/2012/elts/us-gaap-2012-01-31.xsd#us-gaap_BusinessAcquisitionsProFormaNetIncomeLoss" xlink:type="locator" />
    <link:loc xlink:label="loc_BusinessAcquisitionsProFormaRevenue.6157.14.6" xlink:href="http://xbrl.fasb.org/us-gaap/2012/elts/us-gaap-2012-01-31.xsd#us-gaap_BusinessAcquisitionsProFormaRevenue" xlink:type="locator" />
    <link:calculationArc xlink:from="loc_BusinessAcquisitionsProFormaNetIncomeLoss.6181.14.6" xlink:to="loc_BusinessAcquisitionsProFormaRevenue.6157.14.6" order="1.00000" weight="1.00" priority="0" use="optional" xlink:arcrole="http://www.xbrl.org/2003/arcrole/summation-item" xlink:type="arc" />
    <link:loc xlink:label="loc_BusinessAcquisitionsProFormaOperatingAndOtherExpense.94306.14.6" xlink:href="cik1536256-20130331.xsd#cik1536256_BusinessAcquisitionsProFormaOperatingAndOtherExpense" xlink:type="locator" />
    <link:calculationArc xlink:from="loc_BusinessAcquisitionsProFormaNetIncomeLoss.6181.14.6" xlink:to="loc_BusinessAcquisitionsProFormaOperatingAndOtherExpense.94306.14.6" order="1.00000" weight="-1.00" priority="0" use="optional" xlink:arcrole="http://www.xbrl.org/2003/arcrole/summation-item" xlink:type="arc" />
    <link:loc xlink:label="loc_BusinessAcquisitionsProFormaDepreciationAndAmortization.94307.14.6" xlink:href="cik1536256-20130331.xsd#cik1536256_BusinessAcquisitionsProFormaDepreciationAndAmortization" xlink:type="locator" />
    <link:calculationArc xlink:from="loc_BusinessAcquisitionsProFormaNetIncomeLoss.6181.14.6" xlink:to="loc_BusinessAcquisitionsProFormaDepreciationAndAmortization.94307.14.6" order="1.00000" weight="-1.00" priority="0" use="optional" xlink:arcrole="http://www.xbrl.org/2003/arcrole/summation-item" xlink:type="arc" />
  </link:calculationLink>
</link:linkbase>
