<?xml version="1.0" encoding="US-ASCII" standalone="no"?>
<!--Created by Vintage Filings ("VF")-->
<!--produced on 2013-05-14 @ 12:12 PM-->
<link:linkbase xmlns:cik1536256="http://www.unitedrealtytrust.com/20130331" xmlns:xbrldt="http://xbrl.org/2005/xbrldt" xmlns:xlink="http://www.w3.org/1999/xlink" xmlns:xsi="http://www.w3.org/2001/XMLSchema-instance" xsi:schemaLocation="http://www.xbrl.org/2003/linkbase http://www.xbrl.org/2003/xbrl-linkbase-2003-12-31.xsd" xmlns:link="http://www.xbrl.org/2003/linkbase">
  <link:roleRef roleURI="http://www.unitedrealtytrust.com/role/DocumentAndEntityInformation" xlink:href="cik1536256-20130331.xsd#cik1536256-dei" xlink:type="simple" />
  <link:roleRef roleURI="http://www.unitedrealtytrust.com/role/ConsolidatedBalanceSheets" xlink:href="cik1536256-20130331.xsd#cik1536256-cbs" xlink:type="simple" />
  <link:roleRef roleURI="http://www.unitedrealtytrust.com/role/ConsolidatedStatementOfOperations" xlink:href="cik1536256-20130331.xsd#cik1536256-csoo" xlink:type="simple" />
  <link:roleRef roleURI="http://www.unitedrealtytrust.com/role/ConsolidatedStatementOfStockholdersEquity" xlink:href="cik1536256-20130331.xsd#cik1536256-csose" xlink:type="simple" />
  <link:roleRef roleURI="http://www.unitedrealtytrust.com/role/ConsolidatedStatementOfCashFlows" xlink:href="cik1536256-20130331.xsd#cik1536256-csocf" xlink:type="simple" />
  <link:roleRef roleURI="http://www.unitedrealtytrust.com/role/ConsolidatedBalanceSheetsParenthetical" xlink:href="cik1536256-20130331.xsd#cik1536256-cbsp" xlink:type="simple" />
  <link:roleRef roleURI="http://www.unitedrealtytrust.com/role/Organization" xlink:href="cik1536256-20130331.xsd#cik1536256-o" xlink:type="simple" />
  <link:roleRef roleURI="http://www.unitedrealtytrust.com/role/SummaryOfSignificantAccountingPolicies" xlink:href="cik1536256-20130331.xsd#cik1536256-sosap" xlink:type="simple" />
  <link:roleRef roleURI="http://www.unitedrealtytrust.com/role/Capitalization" xlink:href="cik1536256-20130331.xsd#cik1536256-c1" xlink:type="simple" />
  <link:roleRef roleURI="http://www.unitedrealtytrust.com/role/RelatedPartyArrangements" xlink:href="cik1536256-20130331.xsd#cik1536256-rpa1" xlink:type="simple" />
  <link:roleRef roleURI="http://www.unitedrealtytrust.com/role/Distributions" xlink:href="cik1536256-20130331.xsd#cik1536256-d1" xlink:type="simple" />
  <link:roleRef roleURI="http://www.unitedrealtytrust.com/role/EconomicDependency" xlink:href="cik1536256-20130331.xsd#cik1536256-ed1" xlink:type="simple" />
  <link:roleRef roleURI="http://www.unitedrealtytrust.com/role/SummaryOfSignificantAccountingPoliciesPolicies" xlink:href="cik1536256-20130331.xsd#cik1536256-sosapp" xlink:type="simple" />
  <link:roleRef roleURI="http://www.unitedrealtytrust.com/role/SummaryOfSignificantAccountingPoliciesNarrativeDetails" xlink:href="cik1536256-20130331.xsd#cik1536256-sosapnd" xlink:type="simple" />
  <link:roleRef roleURI="http://www.unitedrealtytrust.com/role/CapitalizationDetails" xlink:href="cik1536256-20130331.xsd#cik1536256-cd1" xlink:type="simple" />
  <link:roleRef roleURI="http://www.unitedrealtytrust.com/role/OrganizationDetails" xlink:href="cik1536256-20130331.xsd#cik1536256-od1" xlink:type="simple" />
  <link:roleRef roleURI="http://www.unitedrealtytrust.com/role/SubsequentEvents" xlink:href="cik1536256-20130331.xsd#cik1536256-se" xlink:type="simple" />
  <link:roleRef roleURI="http://www.unitedrealtytrust.com/role/RealEstateInvestments" xlink:href="cik1536256-20130331.xsd#cik1536256-rei" xlink:type="simple" />
  <link:roleRef roleURI="http://www.unitedrealtytrust.com/role/RealEstateInvestmentsTables" xlink:href="cik1536256-20130331.xsd#cik1536256-reit" xlink:type="simple" />
  <link:roleRef roleURI="http://www.unitedrealtytrust.com/role/MortgageNotesPayable" xlink:href="cik1536256-20130331.xsd#cik1536256-mnp" xlink:type="simple" />
  <link:roleRef roleURI="http://www.unitedrealtytrust.com/role/MortgageNotesPayableDetails" xlink:href="cik1536256-20130331.xsd#cik1536256-mnpd" xlink:type="simple" />
  <link:roleRef roleURI="http://www.unitedrealtytrust.com/role/SummaryOfSignificantAccountingPoliciesScheduleOfSupplementaryCashFlowInformationDetails" xlink:href="cik1536256-20130331.xsd#cik1536256-sosapsoscfid" xlink:type="simple" />
  <link:roleRef roleURI="http://www.unitedrealtytrust.com/role/RealEstateInvestmentsPropertyAcquisitionsNarrativeDetails" xlink:href="cik1536256-20130331.xsd#cik1536256-reipand" xlink:type="simple" />
  <link:roleRef roleURI="http://www.unitedrealtytrust.com/role/RealEstateInvestmentsScheduleOfAssetsAcquiredAndLiabilitiesAssumedDetails" xlink:href="cik1536256-20130331.xsd#cik1536256-reisoaaalad" xlink:type="simple" />
  <link:roleRef roleURI="http://www.unitedrealtytrust.com/role/RealEstateInvestmentsScheduleOfProFormaInformationDetails" xlink:href="cik1536256-20130331.xsd#cik1536256-reisopfid" xlink:type="simple" />
  <link:roleRef roleURI="http://www.unitedrealtytrust.com/role/RelatedPartyArrangementsScheduleOfRelatedPartyExpensesDetails" xlink:href="cik1536256-20130331.xsd#cik1536256-rpasorped" xlink:type="simple" />
  <link:roleRef roleURI="http://www.unitedrealtytrust.com/role/SummaryOfSignificantAccountingPoliciesTables" xlink:href="cik1536256-20130331.xsd#cik1536256-sosapt" xlink:type="simple" />
  <link:roleRef roleURI="http://www.unitedrealtytrust.com/role/MortgageNotesPayableTables" xlink:href="cik1536256-20130331.xsd#cik1536256-mnpt" xlink:type="simple" />
  <link:roleRef roleURI="http://www.unitedrealtytrust.com/role/RelatedPartyArrangementsTables" xlink:href="cik1536256-20130331.xsd#cik1536256-rpat" xlink:type="simple" />
  <link:roleRef roleURI="http://www.unitedrealtytrust.com/role/RealEstateInvestmentsMortgageNoteReceivableNarrativeDetails" xlink:href="cik1536256-20130331.xsd#cik1536256-reimnrnd" xlink:type="simple" />
  <link:arcroleRef arcroleURI="http://xbrl.org/int/dim/arcrole/all" xlink:href="http://www.xbrl.org/2005/xbrldt-2005.xsd#all" xlink:type="simple" />
  <link:arcroleRef arcroleURI="http://xbrl.org/int/dim/arcrole/notAll" xlink:href="http://www.xbrl.org/2005/xbrldt-2005.xsd#notAll" xlink:type="simple" />
  <link:arcroleRef arcroleURI="http://xbrl.org/int/dim/arcrole/hypercube-dimension" xlink:href="http://www.xbrl.org/2005/xbrldt-2005.xsd#hypercube-dimension" xlink:type="simple" />
  <link:arcroleRef arcroleURI="http://xbrl.org/int/dim/arcrole/dimension-domain" xlink:href="http://www.xbrl.org/2005/xbrldt-2005.xsd#dimension-domain" xlink:type="simple" />
  <link:arcroleRef arcroleURI="http://xbrl.org/int/dim/arcrole/domain-member" xlink:href="http://www.xbrl.org/2005/xbrldt-2005.xsd#domain-member" xlink:type="simple" />
  <link:arcroleRef arcroleURI="http://xbrl.org/int/dim/arcrole/dimension-default" xlink:href="http://www.xbrl.org/2005/xbrldt-2005.xsd#dimension-default" xlink:type="simple" />
  <link:definitionLink xlink:title="005 - Statement - CONSOLIDATED STATEMENT OF STOCKHOLDER'S EQUITY" xlink:role="http://www.unitedrealtytrust.com/role/ConsolidatedStatementOfStockholdersEquity" xlink:type="extended">
    <link:loc xlink:label="loc_EquityComponentDomain.1773.7.6" xlink:href="http://xbrl.fasb.org/us-gaap/2012/elts/us-gaap-2012-01-31.xsd#us-gaap_EquityComponentDomain" xlink:type="locator" />
    <link:loc xlink:label="loc_AdditionalPaidInCapitalMember.461.7.6" xlink:href="http://xbrl.fasb.org/us-gaap/2012/elts/us-gaap-2012-01-31.xsd#us-gaap_AdditionalPaidInCapitalMember" xlink:type="locator" />
    <link:definitionArc xlink:from="loc_EquityComponentDomain.1773.7.6" xlink:to="loc_AdditionalPaidInCapitalMember.461.7.6" order="2.00000" priority="0" use="optional" xlink:arcrole="http://xbrl.org/int/dim/arcrole/domain-member" xlink:type="arc" />
    <link:loc xlink:label="loc_RetainedEarningsMember.4458.7.6" xlink:href="http://xbrl.fasb.org/us-gaap/2012/elts/us-gaap-2012-01-31.xsd#us-gaap_RetainedEarningsMember" xlink:type="locator" />
    <link:definitionArc xlink:from="loc_EquityComponentDomain.1773.7.6" xlink:to="loc_RetainedEarningsMember.4458.7.6" order="3.00000" priority="0" use="optional" xlink:arcrole="http://xbrl.org/int/dim/arcrole/domain-member" xlink:type="arc" />
    <link:loc xlink:label="loc_CommonStockMember.1033.7.6" xlink:href="http://xbrl.fasb.org/us-gaap/2012/elts/us-gaap-2012-01-31.xsd#us-gaap_CommonStockMember" xlink:type="locator" />
    <link:definitionArc xlink:from="loc_EquityComponentDomain.1773.7.6" xlink:to="loc_CommonStockMember.1033.7.6" order="1.50000" priority="0" use="optional" xlink:arcrole="http://xbrl.org/int/dim/arcrole/domain-member" xlink:type="arc" />
    <link:loc xlink:label="loc_PreferredStockMember.3939.7.6" xlink:href="http://xbrl.fasb.org/us-gaap/2012/elts/us-gaap-2012-01-31.xsd#us-gaap_PreferredStockMember" xlink:type="locator" />
    <link:definitionArc xlink:from="loc_EquityComponentDomain.1773.7.6" xlink:to="loc_PreferredStockMember.3939.7.6" order="1.75000" priority="0" use="optional" xlink:arcrole="http://xbrl.org/int/dim/arcrole/domain-member" xlink:type="arc" />
    <link:loc xlink:label="loc_NoncontrollingInterestMember.3485.7.6" xlink:href="http://xbrl.fasb.org/us-gaap/2012/elts/us-gaap-2012-01-31.xsd#us-gaap_NoncontrollingInterestMember" xlink:type="locator" />
    <link:definitionArc xlink:from="loc_EquityComponentDomain.1773.7.6" xlink:to="loc_NoncontrollingInterestMember.3485.7.6" order="4.00000" priority="0" use="optional" xlink:arcrole="http://xbrl.org/int/dim/arcrole/domain-member" xlink:type="arc" />
    <link:loc xlink:label="loc_StatementTable.4950.5.6" xlink:href="http://xbrl.fasb.org/us-gaap/2012/elts/us-gaap-2012-01-31.xsd#us-gaap_StatementTable" xlink:type="locator" />
    <link:loc xlink:label="loc_StatementEquityComponentsAxis.4957.5.6" xlink:href="http://xbrl.fasb.org/us-gaap/2012/elts/us-gaap-2012-01-31.xsd#us-gaap_StatementEquityComponentsAxis" xlink:type="locator" />
    <link:definitionArc xlink:from="loc_StatementTable.4950.5.6" xlink:to="loc_StatementEquityComponentsAxis.4957.5.6" order="1.00000" priority="0" use="optional" xlink:arcrole="http://xbrl.org/int/dim/arcrole/hypercube-dimension" xlink:type="arc" />
    <link:loc xlink:label="loc_StatementLineItems.4952.9.6" xlink:href="http://xbrl.fasb.org/us-gaap/2012/elts/us-gaap-2012-01-31.xsd#us-gaap_StatementLineItems" xlink:type="locator" />
    <link:loc xlink:label="loc_StatementTable.4950.9.6" xlink:href="http://xbrl.fasb.org/us-gaap/2012/elts/us-gaap-2012-01-31.xsd#us-gaap_StatementTable" xlink:type="locator" />
    <link:definitionArc xlink:from="loc_StatementLineItems.4952.9.6" xlink:to="loc_StatementTable.4950.9.6" order="1.00000" xbrldt:closed="true" xbrldt:contextElement="segment" priority="0" use="optional" xlink:arcrole="http://xbrl.org/int/dim/arcrole/all" xlink:type="arc" />
    <link:loc xlink:label="loc_StatementLineItems.4952.7.6" xlink:href="http://xbrl.fasb.org/us-gaap/2012/elts/us-gaap-2012-01-31.xsd#us-gaap_StatementLineItems" xlink:type="locator" />
    <link:loc xlink:label="loc_SharesIssued.16409.7.6" xlink:href="http://xbrl.fasb.org/us-gaap/2012/elts/us-gaap-2012-01-31.xsd#us-gaap_SharesIssued" xlink:type="locator" />
    <link:definitionArc xlink:from="loc_StatementLineItems.4952.7.6" xlink:to="loc_SharesIssued.16409.7.6" order="2.00000" priority="0" use="optional" xlink:arcrole="http://xbrl.org/int/dim/arcrole/domain-member" xlink:type="arc" />
    <link:loc xlink:label="loc_NetIncomeLoss.12771.7.6" xlink:href="http://xbrl.fasb.org/us-gaap/2012/elts/us-gaap-2012-01-31.xsd#us-gaap_NetIncomeLoss" xlink:type="locator" />
    <link:definitionArc xlink:from="loc_StatementLineItems.4952.7.6" xlink:to="loc_NetIncomeLoss.12771.7.6" order="4.00000" priority="0" use="optional" xlink:arcrole="http://xbrl.org/int/dim/arcrole/domain-member" xlink:type="arc" />
    <link:loc xlink:label="loc_StockIssuedDuringPeriodValueNewIssues.16603.7.6" xlink:href="http://xbrl.fasb.org/us-gaap/2012/elts/us-gaap-2012-01-31.xsd#us-gaap_StockIssuedDuringPeriodValueNewIssues" xlink:type="locator" />
    <link:definitionArc xlink:from="loc_StatementLineItems.4952.7.6" xlink:to="loc_StockIssuedDuringPeriodValueNewIssues.16603.7.6" order="3.00000" priority="0" use="optional" xlink:arcrole="http://xbrl.org/int/dim/arcrole/domain-member" xlink:type="arc" />
    <link:loc xlink:label="loc_StockIssuedDuringPeriodSharesNewIssues.16628.7.6" xlink:href="http://xbrl.fasb.org/us-gaap/2012/elts/us-gaap-2012-01-31.xsd#us-gaap_StockIssuedDuringPeriodSharesNewIssues" xlink:type="locator" />
    <link:definitionArc xlink:from="loc_StatementLineItems.4952.7.6" xlink:to="loc_StockIssuedDuringPeriodSharesNewIssues.16628.7.6" order="3.50000" priority="0" use="optional" xlink:arcrole="http://xbrl.org/int/dim/arcrole/domain-member" xlink:type="arc" />
    <link:loc xlink:label="loc_ContributionsFromNoncontrollingInterests.7060.7.6" xlink:href="http://xbrl.fasb.org/us-gaap/2012/elts/us-gaap-2012-01-31.xsd#us-gaap_ContributionsFromNoncontrollingInterests" xlink:type="locator" />
    <link:definitionArc xlink:from="loc_StatementLineItems.4952.7.6" xlink:to="loc_ContributionsFromNoncontrollingInterests.7060.7.6" order="3.62500" priority="0" use="optional" xlink:arcrole="http://xbrl.org/int/dim/arcrole/domain-member" xlink:type="arc" />
    <link:loc xlink:label="loc_DividendsAndInterestPaid.8629.7.6" xlink:href="http://xbrl.fasb.org/us-gaap/2012/elts/us-gaap-2012-01-31.xsd#us-gaap_DividendsAndInterestPaid" xlink:type="locator" />
    <link:definitionArc xlink:from="loc_StatementLineItems.4952.7.6" xlink:to="loc_DividendsAndInterestPaid.8629.7.6" order="3.87500" priority="0" use="optional" xlink:arcrole="http://xbrl.org/int/dim/arcrole/domain-member" xlink:type="arc" />
    <link:loc xlink:label="loc_StockIssuedRegistrationExpense.92286.7.6" xlink:href="cik1536256-20130331.xsd#cik1536256_StockIssuedRegistrationExpense" xlink:type="locator" />
    <link:definitionArc xlink:from="loc_StatementLineItems.4952.7.6" xlink:to="loc_StockIssuedRegistrationExpense.92286.7.6" order="3.75000" priority="0" use="optional" xlink:arcrole="http://xbrl.org/int/dim/arcrole/domain-member" xlink:type="arc" />
    <link:loc xlink:label="loc_StockIssuedDuringPeriodValueDividendReinvestmentPlan.16578.7.6" xlink:href="http://xbrl.fasb.org/us-gaap/2012/elts/us-gaap-2012-01-31.xsd#us-gaap_StockIssuedDuringPeriodValueDividendReinvestmentPlan" xlink:type="locator" />
    <link:definitionArc xlink:from="loc_StatementLineItems.4952.7.6" xlink:to="loc_StockIssuedDuringPeriodValueDividendReinvestmentPlan.16578.7.6" order="3.90625" priority="0" use="optional" xlink:arcrole="http://xbrl.org/int/dim/arcrole/domain-member" xlink:type="arc" />
    <link:loc xlink:label="loc_StockIssuedDuringPeriodSharesDividendReinvestmentPlan.16581.7.6" xlink:href="http://xbrl.fasb.org/us-gaap/2012/elts/us-gaap-2012-01-31.xsd#us-gaap_StockIssuedDuringPeriodSharesDividendReinvestmentPlan" xlink:type="locator" />
    <link:definitionArc xlink:from="loc_StatementLineItems.4952.7.6" xlink:to="loc_StockIssuedDuringPeriodSharesDividendReinvestmentPlan.16581.7.6" order="3.93750" priority="0" use="optional" xlink:arcrole="http://xbrl.org/int/dim/arcrole/domain-member" xlink:type="arc" />
    <link:loc xlink:label="loc_StockholdersEquityIncludingPortionAttributableToNoncontrollingInterest.16655.7.6" xlink:href="http://xbrl.fasb.org/us-gaap/2012/elts/us-gaap-2012-01-31.xsd#us-gaap_StockholdersEquityIncludingPortionAttributableToNoncontrollingInterest" xlink:type="locator" />
    <link:definitionArc xlink:from="loc_StatementLineItems.4952.7.6" xlink:to="loc_StockholdersEquityIncludingPortionAttributableToNoncontrollingInterest.16655.7.6" order="1.50000" priority="0" use="optional" xlink:arcrole="http://xbrl.org/int/dim/arcrole/domain-member" xlink:type="arc" />
    <link:loc xlink:label="loc_StatementEquityComponentsAxis.4957.6.6" xlink:href="http://xbrl.fasb.org/us-gaap/2012/elts/us-gaap-2012-01-31.xsd#us-gaap_StatementEquityComponentsAxis" xlink:type="locator" />
    <link:loc xlink:label="loc_EquityComponentDomain.1773.6.6" xlink:href="http://xbrl.fasb.org/us-gaap/2012/elts/us-gaap-2012-01-31.xsd#us-gaap_EquityComponentDomain" xlink:type="locator" />
    <link:definitionArc xlink:from="loc_StatementEquityComponentsAxis.4957.6.6" xlink:to="loc_EquityComponentDomain.1773.6.6" order="1.00000" priority="0" use="optional" xlink:arcrole="http://xbrl.org/int/dim/arcrole/dimension-domain" xlink:type="arc" />
    <link:loc xlink:label="loc_StatementEquityComponentsAxis.4957.8.6" xlink:href="http://xbrl.fasb.org/us-gaap/2012/elts/us-gaap-2012-01-31.xsd#us-gaap_StatementEquityComponentsAxis" xlink:type="locator" />
    <link:loc xlink:label="loc_EquityComponentDomain.1773.8.6" xlink:href="http://xbrl.fasb.org/us-gaap/2012/elts/us-gaap-2012-01-31.xsd#us-gaap_EquityComponentDomain" xlink:type="locator" />
    <link:definitionArc xlink:from="loc_StatementEquityComponentsAxis.4957.8.6" xlink:to="loc_EquityComponentDomain.1773.8.6" order="1.00000" priority="0" use="optional" xlink:arcrole="http://xbrl.org/int/dim/arcrole/dimension-default" xlink:type="arc" />
  </link:definitionLink>
  <link:definitionLink xlink:title="40201 - Disclosure - Summary of Significant Accounting Policies (Narrative) (Details)" xlink:role="http://www.unitedrealtytrust.com/role/SummaryOfSignificantAccountingPoliciesNarrativeDetails" xlink:type="extended">
    <link:loc xlink:label="loc_PropertyPlantAndEquipmentTypeDomain.4099.7.6" xlink:href="http://xbrl.fasb.org/us-gaap/2012/elts/us-gaap-2012-01-31.xsd#us-gaap_PropertyPlantAndEquipmentTypeDomain" xlink:type="locator" />
    <link:loc xlink:label="loc_BuildingAndBuildingImprovementsMember.705.7.6" xlink:href="http://xbrl.fasb.org/us-gaap/2012/elts/us-gaap-2012-01-31.xsd#us-gaap_BuildingAndBuildingImprovementsMember" xlink:type="locator" />
    <link:definitionArc xlink:from="loc_PropertyPlantAndEquipmentTypeDomain.4099.7.6" xlink:to="loc_BuildingAndBuildingImprovementsMember.705.7.6" order="1.00000" priority="0" use="optional" xlink:arcrole="http://xbrl.org/int/dim/arcrole/domain-member" xlink:type="arc" />
    <link:loc xlink:label="loc_LandImprovementsMember.2898.7.6" xlink:href="http://xbrl.fasb.org/us-gaap/2012/elts/us-gaap-2012-01-31.xsd#us-gaap_LandImprovementsMember" xlink:type="locator" />
    <link:definitionArc xlink:from="loc_PropertyPlantAndEquipmentTypeDomain.4099.7.6" xlink:to="loc_LandImprovementsMember.2898.7.6" order="2.00000" priority="0" use="optional" xlink:arcrole="http://xbrl.org/int/dim/arcrole/domain-member" xlink:type="arc" />
    <link:loc xlink:label="loc_FurnitureAndFixturesMember.2275.7.6" xlink:href="http://xbrl.fasb.org/us-gaap/2012/elts/us-gaap-2012-01-31.xsd#us-gaap_FurnitureAndFixturesMember" xlink:type="locator" />
    <link:definitionArc xlink:from="loc_PropertyPlantAndEquipmentTypeDomain.4099.7.6" xlink:to="loc_FurnitureAndFixturesMember.2275.7.6" order="3.00000" priority="0" use="optional" xlink:arcrole="http://xbrl.org/int/dim/arcrole/domain-member" xlink:type="arc" />
    <link:loc xlink:label="loc_PropertyPlantAndEquipmentByTypeAxis.4117.6.6" xlink:href="http://xbrl.fasb.org/us-gaap/2012/elts/us-gaap-2012-01-31.xsd#us-gaap_PropertyPlantAndEquipmentByTypeAxis" xlink:type="locator" />
    <link:loc xlink:label="loc_PropertyPlantAndEquipmentTypeDomain.4099.6.6" xlink:href="http://xbrl.fasb.org/us-gaap/2012/elts/us-gaap-2012-01-31.xsd#us-gaap_PropertyPlantAndEquipmentTypeDomain" xlink:type="locator" />
    <link:definitionArc xlink:from="loc_PropertyPlantAndEquipmentByTypeAxis.4117.6.6" xlink:to="loc_PropertyPlantAndEquipmentTypeDomain.4099.6.6" order="1.00000" priority="0" use="optional" xlink:arcrole="http://xbrl.org/int/dim/arcrole/dimension-domain" xlink:type="arc" />
    <link:loc xlink:label="loc_PropertyPlantAndEquipmentByTypeAxis.4117.8.6" xlink:href="http://xbrl.fasb.org/us-gaap/2012/elts/us-gaap-2012-01-31.xsd#us-gaap_PropertyPlantAndEquipmentByTypeAxis" xlink:type="locator" />
    <link:loc xlink:label="loc_PropertyPlantAndEquipmentTypeDomain.4099.8.6" xlink:href="http://xbrl.fasb.org/us-gaap/2012/elts/us-gaap-2012-01-31.xsd#us-gaap_PropertyPlantAndEquipmentTypeDomain" xlink:type="locator" />
    <link:definitionArc xlink:from="loc_PropertyPlantAndEquipmentByTypeAxis.4117.8.6" xlink:to="loc_PropertyPlantAndEquipmentTypeDomain.4099.8.6" order="1.00000" priority="0" use="optional" xlink:arcrole="http://xbrl.org/int/dim/arcrole/dimension-default" xlink:type="arc" />
    <link:loc xlink:label="loc_RangeAxis.4187.6.6" xlink:href="http://xbrl.fasb.org/us-gaap/2012/elts/us-gaap-2012-01-31.xsd#us-gaap_RangeAxis" xlink:type="locator" />
    <link:loc xlink:label="loc_RangeMember.4188.6.6" xlink:href="http://xbrl.fasb.org/us-gaap/2012/elts/us-gaap-2012-01-31.xsd#us-gaap_RangeMember" xlink:type="locator" />
    <link:definitionArc xlink:from="loc_RangeAxis.4187.6.6" xlink:to="loc_RangeMember.4188.6.6" order="1.00000" priority="0" use="optional" xlink:arcrole="http://xbrl.org/int/dim/arcrole/dimension-domain" xlink:type="arc" />
    <link:loc xlink:label="loc_RangeAxis.4187.8.6" xlink:href="http://xbrl.fasb.org/us-gaap/2012/elts/us-gaap-2012-01-31.xsd#us-gaap_RangeAxis" xlink:type="locator" />
    <link:loc xlink:label="loc_RangeMember.4188.8.6" xlink:href="http://xbrl.fasb.org/us-gaap/2012/elts/us-gaap-2012-01-31.xsd#us-gaap_RangeMember" xlink:type="locator" />
    <link:definitionArc xlink:from="loc_RangeAxis.4187.8.6" xlink:to="loc_RangeMember.4188.8.6" order="1.00000" priority="0" use="optional" xlink:arcrole="http://xbrl.org/int/dim/arcrole/dimension-default" xlink:type="arc" />
    <link:loc xlink:label="loc_RangeMember.4188.7.6" xlink:href="http://xbrl.fasb.org/us-gaap/2012/elts/us-gaap-2012-01-31.xsd#us-gaap_RangeMember" xlink:type="locator" />
    <link:loc xlink:label="loc_MinimumMember.3248.7.6" xlink:href="http://xbrl.fasb.org/us-gaap/2012/elts/us-gaap-2012-01-31.xsd#us-gaap_MinimumMember" xlink:type="locator" />
    <link:definitionArc xlink:from="loc_RangeMember.4188.7.6" xlink:to="loc_MinimumMember.3248.7.6" order="1.00000" priority="0" use="optional" xlink:arcrole="http://xbrl.org/int/dim/arcrole/domain-member" xlink:type="arc" />
    <link:loc xlink:label="loc_MaximumMember.3241.7.6" xlink:href="http://xbrl.fasb.org/us-gaap/2012/elts/us-gaap-2012-01-31.xsd#us-gaap_MaximumMember" xlink:type="locator" />
    <link:definitionArc xlink:from="loc_RangeMember.4188.7.6" xlink:to="loc_MaximumMember.3241.7.6" order="2.00000" priority="0" use="optional" xlink:arcrole="http://xbrl.org/int/dim/arcrole/domain-member" xlink:type="arc" />
    <link:loc xlink:label="loc_SummaryOfSignificantAccountingPoliciesTable.94218.5.6" xlink:href="cik1536256-20130331.xsd#cik1536256_SummaryOfSignificantAccountingPoliciesTable" xlink:type="locator" />
    <link:loc xlink:label="loc_RangeAxis.4187.5.6" xlink:href="http://xbrl.fasb.org/us-gaap/2012/elts/us-gaap-2012-01-31.xsd#us-gaap_RangeAxis" xlink:type="locator" />
    <link:definitionArc xlink:from="loc_SummaryOfSignificantAccountingPoliciesTable.94218.5.6" xlink:to="loc_RangeAxis.4187.5.6" order="1.00000" priority="0" use="optional" xlink:arcrole="http://xbrl.org/int/dim/arcrole/hypercube-dimension" xlink:type="arc" />
    <link:loc xlink:label="loc_PropertyPlantAndEquipmentByTypeAxis.4117.5.6" xlink:href="http://xbrl.fasb.org/us-gaap/2012/elts/us-gaap-2012-01-31.xsd#us-gaap_PropertyPlantAndEquipmentByTypeAxis" xlink:type="locator" />
    <link:definitionArc xlink:from="loc_SummaryOfSignificantAccountingPoliciesTable.94218.5.6" xlink:to="loc_PropertyPlantAndEquipmentByTypeAxis.4117.5.6" order="1.50000" priority="0" use="optional" xlink:arcrole="http://xbrl.org/int/dim/arcrole/hypercube-dimension" xlink:type="arc" />
    <link:loc xlink:label="loc_SummaryOfSignificantAccountingPoliciesLineItems.94219.7.6" xlink:href="cik1536256-20130331.xsd#cik1536256_SummaryOfSignificantAccountingPoliciesLineItems" xlink:type="locator" />
    <link:loc xlink:label="loc_OrganizationAndOfferingCostReimbursementPercentage.26660.7.6" xlink:href="cik1536256-20130331.xsd#cik1536256_OrganizationAndOfferingCostReimbursementPercentage" xlink:type="locator" />
    <link:definitionArc xlink:from="loc_SummaryOfSignificantAccountingPoliciesLineItems.94219.7.6" xlink:to="loc_OrganizationAndOfferingCostReimbursementPercentage.26660.7.6" order="1.00000" priority="0" use="optional" xlink:arcrole="http://xbrl.org/int/dim/arcrole/domain-member" xlink:type="arc" />
    <link:loc xlink:label="loc_PaymentsOfFinancingCosts.13844.7.6" xlink:href="http://xbrl.fasb.org/us-gaap/2012/elts/us-gaap-2012-01-31.xsd#us-gaap_PaymentsOfFinancingCosts" xlink:type="locator" />
    <link:definitionArc xlink:from="loc_SummaryOfSignificantAccountingPoliciesLineItems.94219.7.6" xlink:to="loc_PaymentsOfFinancingCosts.13844.7.6" order="2.00000" priority="0" use="optional" xlink:arcrole="http://xbrl.org/int/dim/arcrole/domain-member" xlink:type="arc" />
    <link:loc xlink:label="loc_OfferingCostsReimbursement.26661.7.6" xlink:href="cik1536256-20130331.xsd#cik1536256_OfferingCostsReimbursement" xlink:type="locator" />
    <link:definitionArc xlink:from="loc_SummaryOfSignificantAccountingPoliciesLineItems.94219.7.6" xlink:to="loc_OfferingCostsReimbursement.26661.7.6" order="3.00000" priority="0" use="optional" xlink:arcrole="http://xbrl.org/int/dim/arcrole/domain-member" xlink:type="arc" />
    <link:loc xlink:label="loc_DeferredOfferingCosts.7580.7.6" xlink:href="http://xbrl.fasb.org/us-gaap/2012/elts/us-gaap-2012-01-31.xsd#us-gaap_DeferredOfferingCosts" xlink:type="locator" />
    <link:definitionArc xlink:from="loc_SummaryOfSignificantAccountingPoliciesLineItems.94219.7.6" xlink:to="loc_DeferredOfferingCosts.7580.7.6" order="4.00000" priority="0" use="optional" xlink:arcrole="http://xbrl.org/int/dim/arcrole/domain-member" xlink:type="arc" />
    <link:loc xlink:label="loc_SummaryOfSignificantAccountingPoliciesLineItems.94219.9.6" xlink:href="cik1536256-20130331.xsd#cik1536256_SummaryOfSignificantAccountingPoliciesLineItems" xlink:type="locator" />
    <link:loc xlink:label="loc_SummaryOfSignificantAccountingPoliciesTable.94218.9.6" xlink:href="cik1536256-20130331.xsd#cik1536256_SummaryOfSignificantAccountingPoliciesTable" xlink:type="locator" />
    <link:definitionArc xlink:from="loc_SummaryOfSignificantAccountingPoliciesLineItems.94219.9.6" xlink:to="loc_SummaryOfSignificantAccountingPoliciesTable.94218.9.6" order="5.00000" xbrldt:closed="true" xbrldt:contextElement="segment" priority="0" use="optional" xlink:arcrole="http://xbrl.org/int/dim/arcrole/all" xlink:type="arc" />
    <link:loc xlink:label="loc_PropertyPlantAndEquipmentUsefulLife.14662.7.6" xlink:href="http://xbrl.fasb.org/us-gaap/2012/elts/us-gaap-2012-01-31.xsd#us-gaap_PropertyPlantAndEquipmentUsefulLife" xlink:type="locator" />
    <link:definitionArc xlink:from="loc_SummaryOfSignificantAccountingPoliciesLineItems.94219.7.6" xlink:to="loc_PropertyPlantAndEquipmentUsefulLife.14662.7.6" order="5.00000" priority="0" use="optional" xlink:arcrole="http://xbrl.org/int/dim/arcrole/domain-member" xlink:type="arc" />
    <link:loc xlink:label="loc_DeferredCostsCurrent.7541.7.6" xlink:href="http://xbrl.fasb.org/us-gaap/2012/elts/us-gaap-2012-01-31.xsd#us-gaap_DeferredCostsCurrent" xlink:type="locator" />
    <link:definitionArc xlink:from="loc_SummaryOfSignificantAccountingPoliciesLineItems.94219.7.6" xlink:to="loc_DeferredCostsCurrent.7541.7.6" order="1.62500" priority="0" use="optional" xlink:arcrole="http://xbrl.org/int/dim/arcrole/domain-member" xlink:type="arc" />
  </link:definitionLink>
  <link:definitionLink xlink:title="40501 - Disclosure - Capitalization (Details)" xlink:role="http://www.unitedrealtytrust.com/role/CapitalizationDetails" xlink:type="extended">
    <link:loc xlink:label="loc_RelatedPartyDomain.4349.7.6" xlink:href="http://xbrl.fasb.org/us-gaap/2012/elts/us-gaap-2012-01-31.xsd#us-gaap_RelatedPartyDomain" xlink:type="locator" />
    <link:loc xlink:label="loc_UnitedRealtyAdvisorHoldingsLlcMember.26528.7.6" xlink:href="cik1536256-20130331.xsd#cik1536256_UnitedRealtyAdvisorHoldingsLlcMember" xlink:type="locator" />
    <link:definitionArc xlink:from="loc_RelatedPartyDomain.4349.7.6" xlink:to="loc_UnitedRealtyAdvisorHoldingsLlcMember.26528.7.6" order="1.00000" priority="0" use="optional" xlink:arcrole="http://xbrl.org/int/dim/arcrole/domain-member" xlink:type="arc" />
    <link:loc xlink:label="loc_UnitedRealtyPartnersLlcMember.26682.7.6" xlink:href="cik1536256-20130331.xsd#cik1536256_UnitedRealtyPartnersLlcMember" xlink:type="locator" />
    <link:definitionArc xlink:from="loc_RelatedPartyDomain.4349.7.6" xlink:to="loc_UnitedRealtyPartnersLlcMember.26682.7.6" order="2.00000" priority="0" use="optional" xlink:arcrole="http://xbrl.org/int/dim/arcrole/domain-member" xlink:type="arc" />
    <link:loc xlink:label="loc_RelatedPartyTransactionsByRelatedPartyAxis.4351.6.6" xlink:href="http://xbrl.fasb.org/us-gaap/2012/elts/us-gaap-2012-01-31.xsd#us-gaap_RelatedPartyTransactionsByRelatedPartyAxis" xlink:type="locator" />
    <link:loc xlink:label="loc_RelatedPartyDomain.4349.6.6" xlink:href="http://xbrl.fasb.org/us-gaap/2012/elts/us-gaap-2012-01-31.xsd#us-gaap_RelatedPartyDomain" xlink:type="locator" />
    <link:definitionArc xlink:from="loc_RelatedPartyTransactionsByRelatedPartyAxis.4351.6.6" xlink:to="loc_RelatedPartyDomain.4349.6.6" order="1.00000" priority="0" use="optional" xlink:arcrole="http://xbrl.org/int/dim/arcrole/dimension-domain" xlink:type="arc" />
    <link:loc xlink:label="loc_RelatedPartyTransactionsByRelatedPartyAxis.4351.8.6" xlink:href="http://xbrl.fasb.org/us-gaap/2012/elts/us-gaap-2012-01-31.xsd#us-gaap_RelatedPartyTransactionsByRelatedPartyAxis" xlink:type="locator" />
    <link:loc xlink:label="loc_RelatedPartyDomain.4349.8.6" xlink:href="http://xbrl.fasb.org/us-gaap/2012/elts/us-gaap-2012-01-31.xsd#us-gaap_RelatedPartyDomain" xlink:type="locator" />
    <link:definitionArc xlink:from="loc_RelatedPartyTransactionsByRelatedPartyAxis.4351.8.6" xlink:to="loc_RelatedPartyDomain.4349.8.6" order="1.00000" priority="0" use="optional" xlink:arcrole="http://xbrl.org/int/dim/arcrole/dimension-default" xlink:type="arc" />
    <link:loc xlink:label="loc_SaleOfStockNameOfTransactionDomain.4530.7.6" xlink:href="http://xbrl.fasb.org/us-gaap/2012/elts/us-gaap-2012-01-31.xsd#us-gaap_SaleOfStockNameOfTransactionDomain" xlink:type="locator" />
    <link:loc xlink:label="loc_DistributionReinvestmentProgramMember.26701.7.6" xlink:href="cik1536256-20130331.xsd#cik1536256_DistributionReinvestmentProgramMember" xlink:type="locator" />
    <link:definitionArc xlink:from="loc_SaleOfStockNameOfTransactionDomain.4530.7.6" xlink:to="loc_DistributionReinvestmentProgramMember.26701.7.6" order="1.00000" priority="0" use="optional" xlink:arcrole="http://xbrl.org/int/dim/arcrole/domain-member" xlink:type="arc" />
    <link:loc xlink:label="loc_ScheduleOfCapitalizationLineItems.4594.9.6" xlink:href="http://xbrl.fasb.org/us-gaap/2012/elts/us-gaap-2012-01-31.xsd#us-gaap_ScheduleOfCapitalizationLineItems" xlink:type="locator" />
    <link:loc xlink:label="loc_ScheduleOfCapitalizationTable.4705.9.6" xlink:href="http://xbrl.fasb.org/us-gaap/2012/elts/us-gaap-2012-01-31.xsd#us-gaap_ScheduleOfCapitalizationTable" xlink:type="locator" />
    <link:definitionArc xlink:from="loc_ScheduleOfCapitalizationLineItems.4594.9.6" xlink:to="loc_ScheduleOfCapitalizationTable.4705.9.6" order="1.00000" xbrldt:closed="true" xbrldt:contextElement="segment" priority="0" use="optional" xlink:arcrole="http://xbrl.org/int/dim/arcrole/all" xlink:type="arc" />
    <link:loc xlink:label="loc_ScheduleOfCapitalizationLineItems.4594.7.6" xlink:href="http://xbrl.fasb.org/us-gaap/2012/elts/us-gaap-2012-01-31.xsd#us-gaap_ScheduleOfCapitalizationLineItems" xlink:type="locator" />
    <link:loc xlink:label="loc_CommonStockSharesAuthorized.6879.7.6" xlink:href="http://xbrl.fasb.org/us-gaap/2012/elts/us-gaap-2012-01-31.xsd#us-gaap_CommonStockSharesAuthorized" xlink:type="locator" />
    <link:definitionArc xlink:from="loc_ScheduleOfCapitalizationLineItems.4594.7.6" xlink:to="loc_CommonStockSharesAuthorized.6879.7.6" order="1.00000" priority="0" use="optional" xlink:arcrole="http://xbrl.org/int/dim/arcrole/domain-member" xlink:type="arc" />
    <link:loc xlink:label="loc_PreferredStockSharesAuthorized.14124.7.6" xlink:href="http://xbrl.fasb.org/us-gaap/2012/elts/us-gaap-2012-01-31.xsd#us-gaap_PreferredStockSharesAuthorized" xlink:type="locator" />
    <link:definitionArc xlink:from="loc_ScheduleOfCapitalizationLineItems.4594.7.6" xlink:to="loc_PreferredStockSharesAuthorized.14124.7.6" order="2.00000" priority="0" use="optional" xlink:arcrole="http://xbrl.org/int/dim/arcrole/domain-member" xlink:type="arc" />
    <link:loc xlink:label="loc_CommonStockParOrStatedValuePerShare.6878.7.6" xlink:href="http://xbrl.fasb.org/us-gaap/2012/elts/us-gaap-2012-01-31.xsd#us-gaap_CommonStockParOrStatedValuePerShare" xlink:type="locator" />
    <link:definitionArc xlink:from="loc_ScheduleOfCapitalizationLineItems.4594.7.6" xlink:to="loc_CommonStockParOrStatedValuePerShare.6878.7.6" order="3.00000" priority="0" use="optional" xlink:arcrole="http://xbrl.org/int/dim/arcrole/domain-member" xlink:type="arc" />
    <link:loc xlink:label="loc_PreferredStockPercentPayout.26665.7.6" xlink:href="cik1536256-20130331.xsd#cik1536256_PreferredStockPercentPayout" xlink:type="locator" />
    <link:definitionArc xlink:from="loc_ScheduleOfCapitalizationLineItems.4594.7.6" xlink:to="loc_PreferredStockPercentPayout.26665.7.6" order="6.00000" priority="0" use="optional" xlink:arcrole="http://xbrl.org/int/dim/arcrole/domain-member" xlink:type="arc" />
    <link:loc xlink:label="loc_StockIssuedDuringPeriodSharesNewIssues.16628.7.6" xlink:href="http://xbrl.fasb.org/us-gaap/2012/elts/us-gaap-2012-01-31.xsd#us-gaap_StockIssuedDuringPeriodSharesNewIssues" xlink:type="locator" />
    <link:definitionArc xlink:from="loc_ScheduleOfCapitalizationLineItems.4594.7.6" xlink:to="loc_StockIssuedDuringPeriodSharesNewIssues.16628.7.6" order="4.00000" priority="0" use="optional" xlink:arcrole="http://xbrl.org/int/dim/arcrole/domain-member" xlink:type="arc" />
    <link:loc xlink:label="loc_StockIssuedDuringPeriodValueNewIssues.16603.7.6" xlink:href="http://xbrl.fasb.org/us-gaap/2012/elts/us-gaap-2012-01-31.xsd#us-gaap_StockIssuedDuringPeriodValueNewIssues" xlink:type="locator" />
    <link:definitionArc xlink:from="loc_ScheduleOfCapitalizationLineItems.4594.7.6" xlink:to="loc_StockIssuedDuringPeriodValueNewIssues.16603.7.6" order="5.00000" priority="0" use="optional" xlink:arcrole="http://xbrl.org/int/dim/arcrole/domain-member" xlink:type="arc" />
    <link:loc xlink:label="loc_CommonStockAuthorizedForOffering.26700.7.6" xlink:href="cik1536256-20130331.xsd#cik1536256_CommonStockAuthorizedForOffering" xlink:type="locator" />
    <link:definitionArc xlink:from="loc_ScheduleOfCapitalizationLineItems.4594.7.6" xlink:to="loc_CommonStockAuthorizedForOffering.26700.7.6" order="8.00000" priority="0" use="optional" xlink:arcrole="http://xbrl.org/int/dim/arcrole/domain-member" xlink:type="arc" />
    <link:loc xlink:label="loc_UnitsIssuedToCompany.27266.7.6" xlink:href="cik1536256-20130331.xsd#cik1536256_UnitsIssuedToCompany" xlink:type="locator" />
    <link:definitionArc xlink:from="loc_ScheduleOfCapitalizationLineItems.4594.7.6" xlink:to="loc_UnitsIssuedToCompany.27266.7.6" order="9.00000" priority="0" use="optional" xlink:arcrole="http://xbrl.org/int/dim/arcrole/domain-member" xlink:type="arc" />
    <link:loc xlink:label="loc_ScheduleOfCapitalizationTable.4705.5.6" xlink:href="http://xbrl.fasb.org/us-gaap/2012/elts/us-gaap-2012-01-31.xsd#us-gaap_ScheduleOfCapitalizationTable" xlink:type="locator" />
    <link:loc xlink:label="loc_SubsidiarySaleOfStockAxis.5016.5.6" xlink:href="http://xbrl.fasb.org/us-gaap/2012/elts/us-gaap-2012-01-31.xsd#us-gaap_SubsidiarySaleOfStockAxis" xlink:type="locator" />
    <link:definitionArc xlink:from="loc_ScheduleOfCapitalizationTable.4705.5.6" xlink:to="loc_SubsidiarySaleOfStockAxis.5016.5.6" order="1.50000" priority="0" use="optional" xlink:arcrole="http://xbrl.org/int/dim/arcrole/hypercube-dimension" xlink:type="arc" />
    <link:loc xlink:label="loc_RelatedPartyTransactionsByRelatedPartyAxis.4351.5.6" xlink:href="http://xbrl.fasb.org/us-gaap/2012/elts/us-gaap-2012-01-31.xsd#us-gaap_RelatedPartyTransactionsByRelatedPartyAxis" xlink:type="locator" />
    <link:definitionArc xlink:from="loc_ScheduleOfCapitalizationTable.4705.5.6" xlink:to="loc_RelatedPartyTransactionsByRelatedPartyAxis.4351.5.6" order="1.75000" priority="0" use="optional" xlink:arcrole="http://xbrl.org/int/dim/arcrole/hypercube-dimension" xlink:type="arc" />
    <link:loc xlink:label="loc_SubsidiarySaleOfStockAxis.5016.6.6" xlink:href="http://xbrl.fasb.org/us-gaap/2012/elts/us-gaap-2012-01-31.xsd#us-gaap_SubsidiarySaleOfStockAxis" xlink:type="locator" />
    <link:loc xlink:label="loc_SaleOfStockNameOfTransactionDomain.4530.6.6" xlink:href="http://xbrl.fasb.org/us-gaap/2012/elts/us-gaap-2012-01-31.xsd#us-gaap_SaleOfStockNameOfTransactionDomain" xlink:type="locator" />
    <link:definitionArc xlink:from="loc_SubsidiarySaleOfStockAxis.5016.6.6" xlink:to="loc_SaleOfStockNameOfTransactionDomain.4530.6.6" order="1.00000" priority="0" use="optional" xlink:arcrole="http://xbrl.org/int/dim/arcrole/dimension-domain" xlink:type="arc" />
    <link:loc xlink:label="loc_SubsidiarySaleOfStockAxis.5016.8.6" xlink:href="http://xbrl.fasb.org/us-gaap/2012/elts/us-gaap-2012-01-31.xsd#us-gaap_SubsidiarySaleOfStockAxis" xlink:type="locator" />
    <link:loc xlink:label="loc_SaleOfStockNameOfTransactionDomain.4530.8.6" xlink:href="http://xbrl.fasb.org/us-gaap/2012/elts/us-gaap-2012-01-31.xsd#us-gaap_SaleOfStockNameOfTransactionDomain" xlink:type="locator" />
    <link:definitionArc xlink:from="loc_SubsidiarySaleOfStockAxis.5016.8.6" xlink:to="loc_SaleOfStockNameOfTransactionDomain.4530.8.6" order="1.00000" priority="0" use="optional" xlink:arcrole="http://xbrl.org/int/dim/arcrole/dimension-default" xlink:type="arc" />
  </link:definitionLink>
  <link:definitionLink xlink:title="40101 - Disclosure - Organization (Details)" xlink:role="http://www.unitedrealtytrust.com/role/OrganizationDetails" xlink:type="extended">
    <link:loc xlink:label="loc_RangeAxis.4187.8.6" xlink:href="http://xbrl.fasb.org/us-gaap/2012/elts/us-gaap-2012-01-31.xsd#us-gaap_RangeAxis" xlink:type="locator" />
    <link:loc xlink:label="loc_RangeMember.4188.8.6" xlink:href="http://xbrl.fasb.org/us-gaap/2012/elts/us-gaap-2012-01-31.xsd#us-gaap_RangeMember" xlink:type="locator" />
    <link:definitionArc xlink:from="loc_RangeAxis.4187.8.6" xlink:to="loc_RangeMember.4188.8.6" order="1.00000" priority="0" use="optional" xlink:arcrole="http://xbrl.org/int/dim/arcrole/dimension-default" xlink:type="arc" />
    <link:loc xlink:label="loc_RangeAxis.4187.6.6" xlink:href="http://xbrl.fasb.org/us-gaap/2012/elts/us-gaap-2012-01-31.xsd#us-gaap_RangeAxis" xlink:type="locator" />
    <link:loc xlink:label="loc_RangeMember.4188.6.6" xlink:href="http://xbrl.fasb.org/us-gaap/2012/elts/us-gaap-2012-01-31.xsd#us-gaap_RangeMember" xlink:type="locator" />
    <link:definitionArc xlink:from="loc_RangeAxis.4187.6.6" xlink:to="loc_RangeMember.4188.6.6" order="1.00000" priority="0" use="optional" xlink:arcrole="http://xbrl.org/int/dim/arcrole/dimension-domain" xlink:type="arc" />
    <link:loc xlink:label="loc_RangeMember.4188.7.6" xlink:href="http://xbrl.fasb.org/us-gaap/2012/elts/us-gaap-2012-01-31.xsd#us-gaap_RangeMember" xlink:type="locator" />
    <link:loc xlink:label="loc_MinimumMember.3248.7.6" xlink:href="http://xbrl.fasb.org/us-gaap/2012/elts/us-gaap-2012-01-31.xsd#us-gaap_MinimumMember" xlink:type="locator" />
    <link:definitionArc xlink:from="loc_RangeMember.4188.7.6" xlink:to="loc_MinimumMember.3248.7.6" order="1.00000" priority="0" use="optional" xlink:arcrole="http://xbrl.org/int/dim/arcrole/domain-member" xlink:type="arc" />
    <link:loc xlink:label="loc_MaximumMember.3241.7.6" xlink:href="http://xbrl.fasb.org/us-gaap/2012/elts/us-gaap-2012-01-31.xsd#us-gaap_MaximumMember" xlink:type="locator" />
    <link:definitionArc xlink:from="loc_RangeMember.4188.7.6" xlink:to="loc_MaximumMember.3241.7.6" order="2.00000" priority="0" use="optional" xlink:arcrole="http://xbrl.org/int/dim/arcrole/domain-member" xlink:type="arc" />
    <link:loc xlink:label="loc_RelatedPartyDomain.4349.7.6" xlink:href="http://xbrl.fasb.org/us-gaap/2012/elts/us-gaap-2012-01-31.xsd#us-gaap_RelatedPartyDomain" xlink:type="locator" />
    <link:loc xlink:label="loc_UnitedRealtyAdvisorHoldingsLlcMember.26528.7.6" xlink:href="cik1536256-20130331.xsd#cik1536256_UnitedRealtyAdvisorHoldingsLlcMember" xlink:type="locator" />
    <link:definitionArc xlink:from="loc_RelatedPartyDomain.4349.7.6" xlink:to="loc_UnitedRealtyAdvisorHoldingsLlcMember.26528.7.6" order="1.00000" priority="0" use="optional" xlink:arcrole="http://xbrl.org/int/dim/arcrole/domain-member" xlink:type="arc" />
    <link:loc xlink:label="loc_RelatedPartyTransactionsByRelatedPartyAxis.4351.6.6" xlink:href="http://xbrl.fasb.org/us-gaap/2012/elts/us-gaap-2012-01-31.xsd#us-gaap_RelatedPartyTransactionsByRelatedPartyAxis" xlink:type="locator" />
    <link:loc xlink:label="loc_RelatedPartyDomain.4349.6.6" xlink:href="http://xbrl.fasb.org/us-gaap/2012/elts/us-gaap-2012-01-31.xsd#us-gaap_RelatedPartyDomain" xlink:type="locator" />
    <link:definitionArc xlink:from="loc_RelatedPartyTransactionsByRelatedPartyAxis.4351.6.6" xlink:to="loc_RelatedPartyDomain.4349.6.6" order="1.00000" priority="0" use="optional" xlink:arcrole="http://xbrl.org/int/dim/arcrole/dimension-domain" xlink:type="arc" />
    <link:loc xlink:label="loc_RelatedPartyTransactionsByRelatedPartyAxis.4351.8.6" xlink:href="http://xbrl.fasb.org/us-gaap/2012/elts/us-gaap-2012-01-31.xsd#us-gaap_RelatedPartyTransactionsByRelatedPartyAxis" xlink:type="locator" />
    <link:loc xlink:label="loc_RelatedPartyDomain.4349.8.6" xlink:href="http://xbrl.fasb.org/us-gaap/2012/elts/us-gaap-2012-01-31.xsd#us-gaap_RelatedPartyDomain" xlink:type="locator" />
    <link:definitionArc xlink:from="loc_RelatedPartyTransactionsByRelatedPartyAxis.4351.8.6" xlink:to="loc_RelatedPartyDomain.4349.8.6" order="1.00000" priority="0" use="optional" xlink:arcrole="http://xbrl.org/int/dim/arcrole/dimension-default" xlink:type="arc" />
    <link:loc xlink:label="loc_SaleOfStockNameOfTransactionDomain.4530.7.6" xlink:href="http://xbrl.fasb.org/us-gaap/2012/elts/us-gaap-2012-01-31.xsd#us-gaap_SaleOfStockNameOfTransactionDomain" xlink:type="locator" />
    <link:loc xlink:label="loc_IPOMember.2850.7.6" xlink:href="http://xbrl.fasb.org/us-gaap/2012/elts/us-gaap-2012-01-31.xsd#us-gaap_IPOMember" xlink:type="locator" />
    <link:definitionArc xlink:from="loc_SaleOfStockNameOfTransactionDomain.4530.7.6" xlink:to="loc_IPOMember.2850.7.6" order="1.00000" priority="0" use="optional" xlink:arcrole="http://xbrl.org/int/dim/arcrole/domain-member" xlink:type="arc" />
    <link:loc xlink:label="loc_DistributionReinvestmentProgramMember.26701.7.6" xlink:href="cik1536256-20130331.xsd#cik1536256_DistributionReinvestmentProgramMember" xlink:type="locator" />
    <link:definitionArc xlink:from="loc_SaleOfStockNameOfTransactionDomain.4530.7.6" xlink:to="loc_DistributionReinvestmentProgramMember.26701.7.6" order="2.00000" priority="0" use="optional" xlink:arcrole="http://xbrl.org/int/dim/arcrole/domain-member" xlink:type="arc" />
    <link:loc xlink:label="loc_PerSharePriceLessCommissionsAndFeesMember.26703.7.6" xlink:href="cik1536256-20130331.xsd#cik1536256_PerSharePriceLessCommissionsAndFeesMember" xlink:type="locator" />
    <link:definitionArc xlink:from="loc_SaleOfStockNameOfTransactionDomain.4530.7.6" xlink:to="loc_PerSharePriceLessCommissionsAndFeesMember.26703.7.6" order="4.00000" priority="0" use="optional" xlink:arcrole="http://xbrl.org/int/dim/arcrole/domain-member" xlink:type="arc" />
    <link:loc xlink:label="loc_PerSharePriceCommissionAndDealerManagerFeeMember.26656.7.6" xlink:href="cik1536256-20130331.xsd#cik1536256_PerSharePriceCommissionAndDealerManagerFeeMember" xlink:type="locator" />
    <link:definitionArc xlink:from="loc_SaleOfStockNameOfTransactionDomain.4530.7.6" xlink:to="loc_PerSharePriceCommissionAndDealerManagerFeeMember.26656.7.6" order="5.00000" priority="0" use="optional" xlink:arcrole="http://xbrl.org/int/dim/arcrole/domain-member" xlink:type="arc" />
    <link:loc xlink:label="loc_SubsidiarySaleOfStockAxis.5016.6.6" xlink:href="http://xbrl.fasb.org/us-gaap/2012/elts/us-gaap-2012-01-31.xsd#us-gaap_SubsidiarySaleOfStockAxis" xlink:type="locator" />
    <link:loc xlink:label="loc_SaleOfStockNameOfTransactionDomain.4530.6.6" xlink:href="http://xbrl.fasb.org/us-gaap/2012/elts/us-gaap-2012-01-31.xsd#us-gaap_SaleOfStockNameOfTransactionDomain" xlink:type="locator" />
    <link:definitionArc xlink:from="loc_SubsidiarySaleOfStockAxis.5016.6.6" xlink:to="loc_SaleOfStockNameOfTransactionDomain.4530.6.6" order="1.00000" priority="0" use="optional" xlink:arcrole="http://xbrl.org/int/dim/arcrole/dimension-domain" xlink:type="arc" />
    <link:loc xlink:label="loc_SubsidiarySaleOfStockAxis.5016.8.6" xlink:href="http://xbrl.fasb.org/us-gaap/2012/elts/us-gaap-2012-01-31.xsd#us-gaap_SubsidiarySaleOfStockAxis" xlink:type="locator" />
    <link:loc xlink:label="loc_SaleOfStockNameOfTransactionDomain.4530.8.6" xlink:href="http://xbrl.fasb.org/us-gaap/2012/elts/us-gaap-2012-01-31.xsd#us-gaap_SaleOfStockNameOfTransactionDomain" xlink:type="locator" />
    <link:definitionArc xlink:from="loc_SubsidiarySaleOfStockAxis.5016.8.6" xlink:to="loc_SaleOfStockNameOfTransactionDomain.4530.8.6" order="1.00000" priority="0" use="optional" xlink:arcrole="http://xbrl.org/int/dim/arcrole/dimension-default" xlink:type="arc" />
    <link:loc xlink:label="loc_OrganizationTable.26527.5.6" xlink:href="cik1536256-20130331.xsd#cik1536256_OrganizationTable" xlink:type="locator" />
    <link:loc xlink:label="loc_RelatedPartyTransactionsByRelatedPartyAxis.4351.5.6" xlink:href="http://xbrl.fasb.org/us-gaap/2012/elts/us-gaap-2012-01-31.xsd#us-gaap_RelatedPartyTransactionsByRelatedPartyAxis" xlink:type="locator" />
    <link:definitionArc xlink:from="loc_OrganizationTable.26527.5.6" xlink:to="loc_RelatedPartyTransactionsByRelatedPartyAxis.4351.5.6" order="1.00000" priority="0" use="optional" xlink:arcrole="http://xbrl.org/int/dim/arcrole/hypercube-dimension" xlink:type="arc" />
    <link:loc xlink:label="loc_SubsidiarySaleOfStockAxis.5016.5.6" xlink:href="http://xbrl.fasb.org/us-gaap/2012/elts/us-gaap-2012-01-31.xsd#us-gaap_SubsidiarySaleOfStockAxis" xlink:type="locator" />
    <link:definitionArc xlink:from="loc_OrganizationTable.26527.5.6" xlink:to="loc_SubsidiarySaleOfStockAxis.5016.5.6" order="2.00000" priority="0" use="optional" xlink:arcrole="http://xbrl.org/int/dim/arcrole/hypercube-dimension" xlink:type="arc" />
    <link:loc xlink:label="loc_RangeAxis.4187.5.6" xlink:href="http://xbrl.fasb.org/us-gaap/2012/elts/us-gaap-2012-01-31.xsd#us-gaap_RangeAxis" xlink:type="locator" />
    <link:definitionArc xlink:from="loc_OrganizationTable.26527.5.6" xlink:to="loc_RangeAxis.4187.5.6" order="2.50000" priority="0" use="optional" xlink:arcrole="http://xbrl.org/int/dim/arcrole/hypercube-dimension" xlink:type="arc" />
    <link:loc xlink:label="loc_OrganizationLineItems.26655.9.6" xlink:href="cik1536256-20130331.xsd#cik1536256_OrganizationLineItems" xlink:type="locator" />
    <link:loc xlink:label="loc_OrganizationTable.26527.9.6" xlink:href="cik1536256-20130331.xsd#cik1536256_OrganizationTable" xlink:type="locator" />
    <link:definitionArc xlink:from="loc_OrganizationLineItems.26655.9.6" xlink:to="loc_OrganizationTable.26527.9.6" order="1.00000" xbrldt:closed="true" xbrldt:contextElement="segment" priority="0" use="optional" xlink:arcrole="http://xbrl.org/int/dim/arcrole/all" xlink:type="arc" />
    <link:loc xlink:label="loc_OrganizationLineItems.26655.7.6" xlink:href="cik1536256-20130331.xsd#cik1536256_OrganizationLineItems" xlink:type="locator" />
    <link:loc xlink:label="loc_StockIssuedDuringPeriodSharesNewIssues.16628.7.6" xlink:href="http://xbrl.fasb.org/us-gaap/2012/elts/us-gaap-2012-01-31.xsd#us-gaap_StockIssuedDuringPeriodSharesNewIssues" xlink:type="locator" />
    <link:definitionArc xlink:from="loc_OrganizationLineItems.26655.7.6" xlink:to="loc_StockIssuedDuringPeriodSharesNewIssues.16628.7.6" order="1.00000" priority="0" use="optional" xlink:arcrole="http://xbrl.org/int/dim/arcrole/domain-member" xlink:type="arc" />
    <link:loc xlink:label="loc_StockIssuedDuringPeriodValueNewIssues.16603.7.6" xlink:href="http://xbrl.fasb.org/us-gaap/2012/elts/us-gaap-2012-01-31.xsd#us-gaap_StockIssuedDuringPeriodValueNewIssues" xlink:type="locator" />
    <link:definitionArc xlink:from="loc_OrganizationLineItems.26655.7.6" xlink:to="loc_StockIssuedDuringPeriodValueNewIssues.16603.7.6" order="2.00000" priority="0" use="optional" xlink:arcrole="http://xbrl.org/int/dim/arcrole/domain-member" xlink:type="arc" />
    <link:loc xlink:label="loc_CommonStockAuthorizedForOffering.26700.7.6" xlink:href="cik1536256-20130331.xsd#cik1536256_CommonStockAuthorizedForOffering" xlink:type="locator" />
    <link:definitionArc xlink:from="loc_OrganizationLineItems.26655.7.6" xlink:to="loc_CommonStockAuthorizedForOffering.26700.7.6" order="3.00000" priority="0" use="optional" xlink:arcrole="http://xbrl.org/int/dim/arcrole/domain-member" xlink:type="arc" />
    <link:loc xlink:label="loc_SaleOfStockPricePerShare.15652.7.6" xlink:href="http://xbrl.fasb.org/us-gaap/2012/elts/us-gaap-2012-01-31.xsd#us-gaap_SaleOfStockPricePerShare" xlink:type="locator" />
    <link:definitionArc xlink:from="loc_OrganizationLineItems.26655.7.6" xlink:to="loc_SaleOfStockPricePerShare.15652.7.6" order="5.00000" priority="0" use="optional" xlink:arcrole="http://xbrl.org/int/dim/arcrole/domain-member" xlink:type="arc" />
    <link:loc xlink:label="loc_ProceedsFromSaleOfStockLevelForReducedFeeTreatment.26706.7.6" xlink:href="cik1536256-20130331.xsd#cik1536256_ProceedsFromSaleOfStockLevelForReducedFeeTreatment" xlink:type="locator" />
    <link:definitionArc xlink:from="loc_OrganizationLineItems.26655.7.6" xlink:to="loc_ProceedsFromSaleOfStockLevelForReducedFeeTreatment.26706.7.6" order="6.00000" priority="0" use="optional" xlink:arcrole="http://xbrl.org/int/dim/arcrole/domain-member" xlink:type="arc" />
    <link:loc xlink:label="loc_TermsOfOfferingFloatingPriceTimingAndCalculation.26659.7.6" xlink:href="cik1536256-20130331.xsd#cik1536256_TermsOfOfferingFloatingPriceTimingAndCalculation" xlink:type="locator" />
    <link:definitionArc xlink:from="loc_OrganizationLineItems.26655.7.6" xlink:to="loc_TermsOfOfferingFloatingPriceTimingAndCalculation.26659.7.6" order="7.00000" priority="0" use="optional" xlink:arcrole="http://xbrl.org/int/dim/arcrole/domain-member" xlink:type="arc" />
  </link:definitionLink>
  <link:definitionLink xlink:title="40301 - Disclosure - Real Estate Investments (Property Acquisitions) (Narrative) (Details)" xlink:role="http://www.unitedrealtytrust.com/role/RealEstateInvestmentsPropertyAcquisitionsNarrativeDetails" xlink:type="extended">
    <link:loc xlink:label="loc_BusinessAcquisitionAxis.710.6.6" xlink:href="http://xbrl.fasb.org/us-gaap/2012/elts/us-gaap-2012-01-31.xsd#us-gaap_BusinessAcquisitionAxis" xlink:type="locator" />
    <link:loc xlink:label="loc_BusinessAcquisitionAcquireeDomain.719.6.6" xlink:href="http://xbrl.fasb.org/us-gaap/2012/elts/us-gaap-2012-01-31.xsd#us-gaap_BusinessAcquisitionAcquireeDomain" xlink:type="locator" />
    <link:definitionArc xlink:from="loc_BusinessAcquisitionAxis.710.6.6" xlink:to="loc_BusinessAcquisitionAcquireeDomain.719.6.6" order="1.00000" priority="0" use="optional" xlink:arcrole="http://xbrl.org/int/dim/arcrole/dimension-domain" xlink:type="arc" />
    <link:loc xlink:label="loc_BusinessAcquisitionAxis.710.8.6" xlink:href="http://xbrl.fasb.org/us-gaap/2012/elts/us-gaap-2012-01-31.xsd#us-gaap_BusinessAcquisitionAxis" xlink:type="locator" />
    <link:loc xlink:label="loc_BusinessAcquisitionAcquireeDomain.719.8.6" xlink:href="http://xbrl.fasb.org/us-gaap/2012/elts/us-gaap-2012-01-31.xsd#us-gaap_BusinessAcquisitionAcquireeDomain" xlink:type="locator" />
    <link:definitionArc xlink:from="loc_BusinessAcquisitionAxis.710.8.6" xlink:to="loc_BusinessAcquisitionAcquireeDomain.719.8.6" order="1.00000" priority="0" use="optional" xlink:arcrole="http://xbrl.org/int/dim/arcrole/dimension-default" xlink:type="arc" />
    <link:loc xlink:label="loc_BusinessAcquisitionAcquireeDomain.719.7.6" xlink:href="http://xbrl.fasb.org/us-gaap/2012/elts/us-gaap-2012-01-31.xsd#us-gaap_BusinessAcquisitionAcquireeDomain" xlink:type="locator" />
    <link:loc xlink:label="loc_TildenHouseMember.94223.7.6" xlink:href="cik1536256-20130331.xsd#cik1536256_TildenHouseMember" xlink:type="locator" />
    <link:definitionArc xlink:from="loc_BusinessAcquisitionAcquireeDomain.719.7.6" xlink:to="loc_TildenHouseMember.94223.7.6" order="1.00000" priority="0" use="optional" xlink:arcrole="http://xbrl.org/int/dim/arcrole/domain-member" xlink:type="arc" />
    <link:loc xlink:label="loc_BusinessAcquisitionLineItems.748.7.6" xlink:href="http://xbrl.fasb.org/us-gaap/2012/elts/us-gaap-2012-01-31.xsd#us-gaap_BusinessAcquisitionLineItems" xlink:type="locator" />
    <link:loc xlink:label="loc_BusinessAcquisitionCostOfAcquiredEntityPurchasePrice.6233.7.6" xlink:href="http://xbrl.fasb.org/us-gaap/2012/elts/us-gaap-2012-01-31.xsd#us-gaap_BusinessAcquisitionCostOfAcquiredEntityPurchasePrice" xlink:type="locator" />
    <link:definitionArc xlink:from="loc_BusinessAcquisitionLineItems.748.7.6" xlink:to="loc_BusinessAcquisitionCostOfAcquiredEntityPurchasePrice.6233.7.6" order="1.00000" priority="0" use="optional" xlink:arcrole="http://xbrl.org/int/dim/arcrole/domain-member" xlink:type="arc" />
    <link:loc xlink:label="loc_MortgageLoansOnRealEstateCarryingAmountOfMortgages.12648.7.6" xlink:href="http://xbrl.fasb.org/us-gaap/2012/elts/us-gaap-2012-01-31.xsd#us-gaap_MortgageLoansOnRealEstateCarryingAmountOfMortgages" xlink:type="locator" />
    <link:definitionArc xlink:from="loc_BusinessAcquisitionLineItems.748.7.6" xlink:to="loc_MortgageLoansOnRealEstateCarryingAmountOfMortgages.12648.7.6" order="2.00000" priority="0" use="optional" xlink:arcrole="http://xbrl.org/int/dim/arcrole/domain-member" xlink:type="arc" />
    <link:loc xlink:label="loc_EquityMethodInvestments.8932.7.6" xlink:href="http://xbrl.fasb.org/us-gaap/2012/elts/us-gaap-2012-01-31.xsd#us-gaap_EquityMethodInvestments" xlink:type="locator" />
    <link:definitionArc xlink:from="loc_BusinessAcquisitionLineItems.748.7.6" xlink:to="loc_EquityMethodInvestments.8932.7.6" order="3.00000" priority="0" use="optional" xlink:arcrole="http://xbrl.org/int/dim/arcrole/domain-member" xlink:type="arc" />
    <link:loc xlink:label="loc_SalesCommissionsAndFees.15666.7.6" xlink:href="http://xbrl.fasb.org/us-gaap/2012/elts/us-gaap-2012-01-31.xsd#us-gaap_SalesCommissionsAndFees" xlink:type="locator" />
    <link:definitionArc xlink:from="loc_BusinessAcquisitionLineItems.748.7.6" xlink:to="loc_SalesCommissionsAndFees.15666.7.6" order="4.00000" priority="0" use="optional" xlink:arcrole="http://xbrl.org/int/dim/arcrole/domain-member" xlink:type="arc" />
    <link:loc xlink:label="loc_NumberOfApartments.94222.7.6" xlink:href="cik1536256-20130331.xsd#cik1536256_NumberOfApartments" xlink:type="locator" />
    <link:definitionArc xlink:from="loc_BusinessAcquisitionLineItems.748.7.6" xlink:to="loc_NumberOfApartments.94222.7.6" order="4.50000" priority="0" use="optional" xlink:arcrole="http://xbrl.org/int/dim/arcrole/domain-member" xlink:type="arc" />
    <link:loc xlink:label="loc_BusinessAcquisitionCostOfAcquiredEntityTransactionCosts.6222.7.6" xlink:href="http://xbrl.fasb.org/us-gaap/2012/elts/us-gaap-2012-01-31.xsd#us-gaap_BusinessAcquisitionCostOfAcquiredEntityTransactionCosts" xlink:type="locator" />
    <link:definitionArc xlink:from="loc_BusinessAcquisitionLineItems.748.7.6" xlink:to="loc_BusinessAcquisitionCostOfAcquiredEntityTransactionCosts.6222.7.6" order="5.00000" priority="0" use="optional" xlink:arcrole="http://xbrl.org/int/dim/arcrole/domain-member" xlink:type="arc" />
    <link:loc xlink:label="loc_BusinessAcquisitionLineItems.748.9.6" xlink:href="http://xbrl.fasb.org/us-gaap/2012/elts/us-gaap-2012-01-31.xsd#us-gaap_BusinessAcquisitionLineItems" xlink:type="locator" />
    <link:loc xlink:label="loc_ScheduleOfBusinessAcquisitionsByAcquisitionTable.4607.9.6" xlink:href="http://xbrl.fasb.org/us-gaap/2012/elts/us-gaap-2012-01-31.xsd#us-gaap_ScheduleOfBusinessAcquisitionsByAcquisitionTable" xlink:type="locator" />
    <link:definitionArc xlink:from="loc_BusinessAcquisitionLineItems.748.9.6" xlink:to="loc_ScheduleOfBusinessAcquisitionsByAcquisitionTable.4607.9.6" order="6.00000" xbrldt:closed="true" xbrldt:contextElement="segment" priority="0" use="optional" xlink:arcrole="http://xbrl.org/int/dim/arcrole/all" xlink:type="arc" />
    <link:loc xlink:label="loc_ScheduleOfBusinessAcquisitionsByAcquisitionTable.4607.5.6" xlink:href="http://xbrl.fasb.org/us-gaap/2012/elts/us-gaap-2012-01-31.xsd#us-gaap_ScheduleOfBusinessAcquisitionsByAcquisitionTable" xlink:type="locator" />
    <link:loc xlink:label="loc_BusinessAcquisitionAxis.710.5.6" xlink:href="http://xbrl.fasb.org/us-gaap/2012/elts/us-gaap-2012-01-31.xsd#us-gaap_BusinessAcquisitionAxis" xlink:type="locator" />
    <link:definitionArc xlink:from="loc_ScheduleOfBusinessAcquisitionsByAcquisitionTable.4607.5.6" xlink:to="loc_BusinessAcquisitionAxis.710.5.6" order="1.00000" priority="0" use="optional" xlink:arcrole="http://xbrl.org/int/dim/arcrole/hypercube-dimension" xlink:type="arc" />
  </link:definitionLink>
  <link:definitionLink xlink:title="40602 - Disclosure - Related Party Arrangements (Schedule of Related Party Expenses) (Details)" xlink:role="http://www.unitedrealtytrust.com/role/RelatedPartyArrangementsScheduleOfRelatedPartyExpensesDetails" xlink:type="extended">
    <link:loc xlink:label="loc_RelatedPartyTransactionLineItems.4347.7.6" xlink:href="http://xbrl.fasb.org/us-gaap/2012/elts/us-gaap-2012-01-31.xsd#us-gaap_RelatedPartyTransactionLineItems" xlink:type="locator" />
    <link:loc xlink:label="loc_DueToRelatedPartiesNoncurrent.8666.7.6" xlink:href="http://xbrl.fasb.org/us-gaap/2012/elts/us-gaap-2012-01-31.xsd#us-gaap_DueToRelatedPartiesNoncurrent" xlink:type="locator" />
    <link:definitionArc xlink:from="loc_RelatedPartyTransactionLineItems.4347.7.6" xlink:to="loc_DueToRelatedPartiesNoncurrent.8666.7.6" order="1.00000" priority="0" use="optional" xlink:arcrole="http://xbrl.org/int/dim/arcrole/domain-member" xlink:type="arc" />
    <link:loc xlink:label="loc_RepaymentsOfRelatedPartyDebt.15235.7.6" xlink:href="http://xbrl.fasb.org/us-gaap/2012/elts/us-gaap-2012-01-31.xsd#us-gaap_RepaymentsOfRelatedPartyDebt" xlink:type="locator" />
    <link:definitionArc xlink:from="loc_RelatedPartyTransactionLineItems.4347.7.6" xlink:to="loc_RepaymentsOfRelatedPartyDebt.15235.7.6" order="2.00000" priority="0" use="optional" xlink:arcrole="http://xbrl.org/int/dim/arcrole/domain-member" xlink:type="arc" />
    <link:loc xlink:label="loc_RelatedPartyTransactionLineItems.4347.9.6" xlink:href="http://xbrl.fasb.org/us-gaap/2012/elts/us-gaap-2012-01-31.xsd#us-gaap_RelatedPartyTransactionLineItems" xlink:type="locator" />
    <link:loc xlink:label="loc_ScheduleOfRelatedPartyTransactionsByRelatedPartyTable.4689.9.6" xlink:href="http://xbrl.fasb.org/us-gaap/2012/elts/us-gaap-2012-01-31.xsd#us-gaap_ScheduleOfRelatedPartyTransactionsByRelatedPartyTable" xlink:type="locator" />
    <link:definitionArc xlink:from="loc_RelatedPartyTransactionLineItems.4347.9.6" xlink:to="loc_ScheduleOfRelatedPartyTransactionsByRelatedPartyTable.4689.9.6" order="3.00000" xbrldt:closed="true" xbrldt:contextElement="segment" priority="0" use="optional" xlink:arcrole="http://xbrl.org/int/dim/arcrole/all" xlink:type="arc" />
    <link:loc xlink:label="loc_RelatedPartyDomain.4349.7.6" xlink:href="http://xbrl.fasb.org/us-gaap/2012/elts/us-gaap-2012-01-31.xsd#us-gaap_RelatedPartyDomain" xlink:type="locator" />
    <link:loc xlink:label="loc_ReimbursableOperatingExpensesMember.94309.7.6" xlink:href="cik1536256-20130331.xsd#cik1536256_ReimbursableOperatingExpensesMember" xlink:type="locator" />
    <link:definitionArc xlink:from="loc_RelatedPartyDomain.4349.7.6" xlink:to="loc_ReimbursableOperatingExpensesMember.94309.7.6" order="1.00000" priority="0" use="optional" xlink:arcrole="http://xbrl.org/int/dim/arcrole/domain-member" xlink:type="arc" />
    <link:loc xlink:label="loc_SupplementalTransactionBasedAdvisoryFeesMember.94310.7.6" xlink:href="cik1536256-20130331.xsd#cik1536256_SupplementalTransactionBasedAdvisoryFeesMember" xlink:type="locator" />
    <link:definitionArc xlink:from="loc_RelatedPartyDomain.4349.7.6" xlink:to="loc_SupplementalTransactionBasedAdvisoryFeesMember.94310.7.6" order="2.00000" priority="0" use="optional" xlink:arcrole="http://xbrl.org/int/dim/arcrole/domain-member" xlink:type="arc" />
    <link:loc xlink:label="loc_AcquisitionFeesMember.94311.7.6" xlink:href="cik1536256-20130331.xsd#cik1536256_AcquisitionFeesMember" xlink:type="locator" />
    <link:definitionArc xlink:from="loc_RelatedPartyDomain.4349.7.6" xlink:to="loc_AcquisitionFeesMember.94311.7.6" order="3.00000" priority="0" use="optional" xlink:arcrole="http://xbrl.org/int/dim/arcrole/domain-member" xlink:type="arc" />
    <link:loc xlink:label="loc_ReimbursableOtherOfferingCostsMember.94312.7.6" xlink:href="cik1536256-20130331.xsd#cik1536256_ReimbursableOtherOfferingCostsMember" xlink:type="locator" />
    <link:definitionArc xlink:from="loc_RelatedPartyDomain.4349.7.6" xlink:to="loc_ReimbursableOtherOfferingCostsMember.94312.7.6" order="4.00000" priority="0" use="optional" xlink:arcrole="http://xbrl.org/int/dim/arcrole/domain-member" xlink:type="arc" />
    <link:loc xlink:label="loc_FinancingCoordinationFeeMember.94313.7.6" xlink:href="cik1536256-20130331.xsd#cik1536256_FinancingCoordinationFeeMember" xlink:type="locator" />
    <link:definitionArc xlink:from="loc_RelatedPartyDomain.4349.7.6" xlink:to="loc_FinancingCoordinationFeeMember.94313.7.6" order="5.00000" priority="0" use="optional" xlink:arcrole="http://xbrl.org/int/dim/arcrole/domain-member" xlink:type="arc" />
    <link:loc xlink:label="loc_RelatedPartyTransactionsByRelatedPartyAxis.4351.6.6" xlink:href="http://xbrl.fasb.org/us-gaap/2012/elts/us-gaap-2012-01-31.xsd#us-gaap_RelatedPartyTransactionsByRelatedPartyAxis" xlink:type="locator" />
    <link:loc xlink:label="loc_RelatedPartyDomain.4349.6.6" xlink:href="http://xbrl.fasb.org/us-gaap/2012/elts/us-gaap-2012-01-31.xsd#us-gaap_RelatedPartyDomain" xlink:type="locator" />
    <link:definitionArc xlink:from="loc_RelatedPartyTransactionsByRelatedPartyAxis.4351.6.6" xlink:to="loc_RelatedPartyDomain.4349.6.6" order="1.00000" priority="0" use="optional" xlink:arcrole="http://xbrl.org/int/dim/arcrole/dimension-domain" xlink:type="arc" />
    <link:loc xlink:label="loc_RelatedPartyTransactionsByRelatedPartyAxis.4351.8.6" xlink:href="http://xbrl.fasb.org/us-gaap/2012/elts/us-gaap-2012-01-31.xsd#us-gaap_RelatedPartyTransactionsByRelatedPartyAxis" xlink:type="locator" />
    <link:loc xlink:label="loc_RelatedPartyDomain.4349.8.6" xlink:href="http://xbrl.fasb.org/us-gaap/2012/elts/us-gaap-2012-01-31.xsd#us-gaap_RelatedPartyDomain" xlink:type="locator" />
    <link:definitionArc xlink:from="loc_RelatedPartyTransactionsByRelatedPartyAxis.4351.8.6" xlink:to="loc_RelatedPartyDomain.4349.8.6" order="1.00000" priority="0" use="optional" xlink:arcrole="http://xbrl.org/int/dim/arcrole/dimension-default" xlink:type="arc" />
    <link:loc xlink:label="loc_ScheduleOfRelatedPartyTransactionsByRelatedPartyTable.4689.5.6" xlink:href="http://xbrl.fasb.org/us-gaap/2012/elts/us-gaap-2012-01-31.xsd#us-gaap_ScheduleOfRelatedPartyTransactionsByRelatedPartyTable" xlink:type="locator" />
    <link:loc xlink:label="loc_RelatedPartyTransactionsByRelatedPartyAxis.4351.5.6" xlink:href="http://xbrl.fasb.org/us-gaap/2012/elts/us-gaap-2012-01-31.xsd#us-gaap_RelatedPartyTransactionsByRelatedPartyAxis" xlink:type="locator" />
    <link:definitionArc xlink:from="loc_ScheduleOfRelatedPartyTransactionsByRelatedPartyTable.4689.5.6" xlink:to="loc_RelatedPartyTransactionsByRelatedPartyAxis.4351.5.6" order="1.00000" priority="0" use="optional" xlink:arcrole="http://xbrl.org/int/dim/arcrole/hypercube-dimension" xlink:type="arc" />
  </link:definitionLink>
  <link:definitionLink xlink:title="40302 - Disclosure - Real Estate Investments (Mortgage Note Receivable) (Narrative) (Details)" xlink:role="http://www.unitedrealtytrust.com/role/RealEstateInvestmentsMortgageNoteReceivableNarrativeDetails" xlink:type="extended">
    <link:loc xlink:label="loc_AccountsNotesLoansAndFinancingReceivableByReceivableTypeAxis.392.6.6" xlink:href="http://xbrl.fasb.org/us-gaap/2012/elts/us-gaap-2012-01-31.xsd#us-gaap_AccountsNotesLoansAndFinancingReceivableByReceivableTypeAxis" xlink:type="locator" />
    <link:loc xlink:label="loc_ReceivableTypeDomain.4239.6.6" xlink:href="http://xbrl.fasb.org/us-gaap/2012/elts/us-gaap-2012-01-31.xsd#us-gaap_ReceivableTypeDomain" xlink:type="locator" />
    <link:definitionArc xlink:from="loc_AccountsNotesLoansAndFinancingReceivableByReceivableTypeAxis.392.6.6" xlink:to="loc_ReceivableTypeDomain.4239.6.6" order="1.00000" priority="0" use="optional" xlink:arcrole="http://xbrl.org/int/dim/arcrole/dimension-domain" xlink:type="arc" />
    <link:loc xlink:label="loc_AccountsNotesLoansAndFinancingReceivableByReceivableTypeAxis.392.8.6" xlink:href="http://xbrl.fasb.org/us-gaap/2012/elts/us-gaap-2012-01-31.xsd#us-gaap_AccountsNotesLoansAndFinancingReceivableByReceivableTypeAxis" xlink:type="locator" />
    <link:loc xlink:label="loc_ReceivableTypeDomain.4239.8.6" xlink:href="http://xbrl.fasb.org/us-gaap/2012/elts/us-gaap-2012-01-31.xsd#us-gaap_ReceivableTypeDomain" xlink:type="locator" />
    <link:definitionArc xlink:from="loc_AccountsNotesLoansAndFinancingReceivableByReceivableTypeAxis.392.8.6" xlink:to="loc_ReceivableTypeDomain.4239.8.6" order="1.00000" priority="0" use="optional" xlink:arcrole="http://xbrl.org/int/dim/arcrole/dimension-default" xlink:type="arc" />
    <link:loc xlink:label="loc_BusinessAcquisitionLineItems.748.7.6" xlink:href="http://xbrl.fasb.org/us-gaap/2012/elts/us-gaap-2012-01-31.xsd#us-gaap_BusinessAcquisitionLineItems" xlink:type="locator" />
    <link:loc xlink:label="loc_EquityMethodInvestmentOwnershipPercentage.8943.7.6" xlink:href="http://xbrl.fasb.org/us-gaap/2012/elts/us-gaap-2012-01-31.xsd#us-gaap_EquityMethodInvestmentOwnershipPercentage" xlink:type="locator" />
    <link:definitionArc xlink:from="loc_BusinessAcquisitionLineItems.748.7.6" xlink:to="loc_EquityMethodInvestmentOwnershipPercentage.8943.7.6" order="1.00000" priority="0" use="optional" xlink:arcrole="http://xbrl.org/int/dim/arcrole/domain-member" xlink:type="arc" />
    <link:loc xlink:label="loc_DebtInstrumentFairValue.7383.7.6" xlink:href="http://xbrl.fasb.org/us-gaap/2012/elts/us-gaap-2012-01-31.xsd#us-gaap_DebtInstrumentFairValue" xlink:type="locator" />
    <link:definitionArc xlink:from="loc_BusinessAcquisitionLineItems.748.7.6" xlink:to="loc_DebtInstrumentFairValue.7383.7.6" order="1.50000" priority="0" use="optional" xlink:arcrole="http://xbrl.org/int/dim/arcrole/domain-member" xlink:type="arc" />
    <link:loc xlink:label="loc_NotesReceivableFairValueDisclosure.12928.7.6" xlink:href="http://xbrl.fasb.org/us-gaap/2012/elts/us-gaap-2012-01-31.xsd#us-gaap_NotesReceivableFairValueDisclosure" xlink:type="locator" />
    <link:definitionArc xlink:from="loc_BusinessAcquisitionLineItems.748.7.6" xlink:to="loc_NotesReceivableFairValueDisclosure.12928.7.6" order="2.00000" priority="0" use="optional" xlink:arcrole="http://xbrl.org/int/dim/arcrole/domain-member" xlink:type="arc" />
    <link:loc xlink:label="loc_ProceedsFromContributionsFromAffiliates.14322.7.6" xlink:href="http://xbrl.fasb.org/us-gaap/2012/elts/us-gaap-2012-01-31.xsd#us-gaap_ProceedsFromContributionsFromAffiliates" xlink:type="locator" />
    <link:definitionArc xlink:from="loc_BusinessAcquisitionLineItems.748.7.6" xlink:to="loc_ProceedsFromContributionsFromAffiliates.14322.7.6" order="3.00000" priority="0" use="optional" xlink:arcrole="http://xbrl.org/int/dim/arcrole/domain-member" xlink:type="arc" />
    <link:loc xlink:label="loc_BusinessAcquisitionLineItems.748.9.6" xlink:href="http://xbrl.fasb.org/us-gaap/2012/elts/us-gaap-2012-01-31.xsd#us-gaap_BusinessAcquisitionLineItems" xlink:type="locator" />
    <link:loc xlink:label="loc_ScheduleOfBusinessAcquisitionsByAcquisitionTable.4607.9.6" xlink:href="http://xbrl.fasb.org/us-gaap/2012/elts/us-gaap-2012-01-31.xsd#us-gaap_ScheduleOfBusinessAcquisitionsByAcquisitionTable" xlink:type="locator" />
    <link:definitionArc xlink:from="loc_BusinessAcquisitionLineItems.748.9.6" xlink:to="loc_ScheduleOfBusinessAcquisitionsByAcquisitionTable.4607.9.6" order="4.00000" xbrldt:closed="true" xbrldt:contextElement="segment" priority="0" use="optional" xlink:arcrole="http://xbrl.org/int/dim/arcrole/all" xlink:type="arc" />
    <link:loc xlink:label="loc_ReceivableTypeDomain.4239.7.6" xlink:href="http://xbrl.fasb.org/us-gaap/2012/elts/us-gaap-2012-01-31.xsd#us-gaap_ReceivableTypeDomain" xlink:type="locator" />
    <link:loc xlink:label="loc_ParkerNoteAcquisitionLlcMember.94224.7.6" xlink:href="cik1536256-20130331.xsd#cik1536256_ParkerNoteAcquisitionLlcMember" xlink:type="locator" />
    <link:definitionArc xlink:from="loc_ReceivableTypeDomain.4239.7.6" xlink:to="loc_ParkerNoteAcquisitionLlcMember.94224.7.6" order="1.00000" priority="0" use="optional" xlink:arcrole="http://xbrl.org/int/dim/arcrole/domain-member" xlink:type="arc" />
    <link:loc xlink:label="loc_PartnershipMember.3791.7.6" xlink:href="http://xbrl.fasb.org/us-gaap/2012/elts/us-gaap-2012-01-31.xsd#us-gaap_PartnershipMember" xlink:type="locator" />
    <link:definitionArc xlink:from="loc_ReceivableTypeDomain.4239.7.6" xlink:to="loc_PartnershipMember.3791.7.6" order="2.00000" priority="0" use="optional" xlink:arcrole="http://xbrl.org/int/dim/arcrole/domain-member" xlink:type="arc" />
    <link:loc xlink:label="loc_NoteHoldingsMember.94299.7.6" xlink:href="cik1536256-20130331.xsd#cik1536256_NoteHoldingsMember" xlink:type="locator" />
    <link:definitionArc xlink:from="loc_ReceivableTypeDomain.4239.7.6" xlink:to="loc_NoteHoldingsMember.94299.7.6" order="3.00000" priority="0" use="optional" xlink:arcrole="http://xbrl.org/int/dim/arcrole/domain-member" xlink:type="arc" />
    <link:loc xlink:label="loc_ScheduleOfBusinessAcquisitionsByAcquisitionTable.4607.5.6" xlink:href="http://xbrl.fasb.org/us-gaap/2012/elts/us-gaap-2012-01-31.xsd#us-gaap_ScheduleOfBusinessAcquisitionsByAcquisitionTable" xlink:type="locator" />
    <link:loc xlink:label="loc_AccountsNotesLoansAndFinancingReceivableByReceivableTypeAxis.392.5.6" xlink:href="http://xbrl.fasb.org/us-gaap/2012/elts/us-gaap-2012-01-31.xsd#us-gaap_AccountsNotesLoansAndFinancingReceivableByReceivableTypeAxis" xlink:type="locator" />
    <link:definitionArc xlink:from="loc_ScheduleOfBusinessAcquisitionsByAcquisitionTable.4607.5.6" xlink:to="loc_AccountsNotesLoansAndFinancingReceivableByReceivableTypeAxis.392.5.6" order="1.00000" priority="0" use="optional" xlink:arcrole="http://xbrl.org/int/dim/arcrole/hypercube-dimension" xlink:type="arc" />
  </link:definitionLink>
</link:linkbase>
