<?xml version="1.0" encoding="US-ASCII" standalone="no"?>
    <!-- Field: Doc-Info; Name: Generator; Value: GoFiler Complete; Version: 4.4a -->
    <!-- Field: Doc-Info; Name: VendorURI; Value: http://www.novaworks.co -->
    <!-- Field: Doc-Info; Name: Source; Value: P:\EDGARizer\Clients\United Realty Trust\XBRL\20141231\urt_123114.xfr; Date: 2015%2D03%2D31T21:14:32 -->
    <!-- Field: Doc-Info; Name: Status; Value: 0x80030000 -->
<link:linkbase xmlns:xsi="http://www.w3.org/2001/XMLSchema-instance" xmlns:xlink="http://www.w3.org/1999/xlink" xmlns:link="http://www.xbrl.org/2003/linkbase" xmlns:xbrli="http://www.xbrl.org/2003/instance" xsi:schemaLocation="http://www.xbrl.org/2003/linkbase http://www.xbrl.org/2003/xbrl-linkbase-2003-12-31.xsd">
    <link:roleRef roleURI="http://unitedrealtytrust.com/role/DocumentAndEntityInformation" xlink:href="urt-20141231.xsd#DocumentAndEntityInformation" xlink:type="simple" />
    <link:roleRef roleURI="http://unitedrealtytrust.com/role/ConsolidatedBalanceSheets" xlink:href="urt-20141231.xsd#ConsolidatedBalanceSheets" xlink:type="simple" />
    <link:roleRef roleURI="http://unitedrealtytrust.com/role/ConsolidatedBalanceSheetsParenthetical" xlink:href="urt-20141231.xsd#ConsolidatedBalanceSheetsParenthetical" xlink:type="simple" />
    <link:roleRef roleURI="http://unitedrealtytrust.com/role/ConsolidatedStatementsOfOperations" xlink:href="urt-20141231.xsd#ConsolidatedStatementsOfOperations" xlink:type="simple" />
    <link:roleRef roleURI="http://unitedrealtytrust.com/role/ConsolidatedStatementsOfEquity" xlink:href="urt-20141231.xsd#ConsolidatedStatementsOfEquity" xlink:type="simple" />
    <link:roleRef roleURI="http://unitedrealtytrust.com/role/ConsolidatedStatementsOfCashFlows" xlink:href="urt-20141231.xsd#ConsolidatedStatementsOfCashFlows" xlink:type="simple" />
    <link:roleRef roleURI="http://unitedrealtytrust.com/role/Organization" xlink:href="urt-20141231.xsd#Organization" xlink:type="simple" />
    <link:roleRef roleURI="http://unitedrealtytrust.com/role/BasisOfPresentationAndSummaryOfSignificantAccountingPolicies" xlink:href="urt-20141231.xsd#BasisOfPresentationAndSummaryOfSignificantAccountingPolicies" xlink:type="simple" />
    <link:roleRef roleURI="http://unitedrealtytrust.com/role/RealEstateInvestments" xlink:href="urt-20141231.xsd#RealEstateInvestments" xlink:type="simple" />
    <link:roleRef roleURI="http://unitedrealtytrust.com/role/AcquiredLeaseIntangibles" xlink:href="urt-20141231.xsd#AcquiredLeaseIntangibles" xlink:type="simple" />
    <link:roleRef roleURI="http://unitedrealtytrust.com/role/MortgageNoteReceivable" xlink:href="urt-20141231.xsd#MortgageNoteReceivable" xlink:type="simple" />
    <link:roleRef roleURI="http://unitedrealtytrust.com/role/TenantLeases" xlink:href="urt-20141231.xsd#TenantLeases" xlink:type="simple" />
    <link:roleRef roleURI="http://unitedrealtytrust.com/role/MortgageNotesPayable" xlink:href="urt-20141231.xsd#MortgageNotesPayable" xlink:type="simple" />
    <link:roleRef roleURI="http://unitedrealtytrust.com/role/Capitalization" xlink:href="urt-20141231.xsd#Capitalization" xlink:type="simple" />
    <link:roleRef roleURI="http://unitedrealtytrust.com/role/StockIncentivePlan" xlink:href="urt-20141231.xsd#StockIncentivePlan" xlink:type="simple" />
    <link:roleRef roleURI="http://unitedrealtytrust.com/role/RelatedPartyArrangements" xlink:href="urt-20141231.xsd#RelatedPartyArrangements" xlink:type="simple" />
    <link:roleRef roleURI="http://unitedrealtytrust.com/role/Distributions" xlink:href="urt-20141231.xsd#Distributions" xlink:type="simple" />
    <link:roleRef roleURI="http://unitedrealtytrust.com/role/EconomicDependency" xlink:href="urt-20141231.xsd#EconomicDependency" xlink:type="simple" />
    <link:roleRef roleURI="http://unitedrealtytrust.com/role/QuarterlyResultsOfOperations" xlink:href="urt-20141231.xsd#QuarterlyResultsOfOperations" xlink:type="simple" />
    <link:roleRef roleURI="http://unitedrealtytrust.com/role/CommitmentsAndContingencies" xlink:href="urt-20141231.xsd#CommitmentsAndContingencies" xlink:type="simple" />
    <link:roleRef roleURI="http://unitedrealtytrust.com/role/SubsequentEvents" xlink:href="urt-20141231.xsd#SubsequentEvents" xlink:type="simple" />
    <link:roleRef roleURI="http://unitedrealtytrust.com/role/ScheduleIii-realEstateAndAccumulatedDepreciation" xlink:href="urt-20141231.xsd#ScheduleIii-realEstateAndAccumulatedDepreciation" xlink:type="simple" />
    <link:roleRef roleURI="http://unitedrealtytrust.com/role/ScheduleIv-MortgageLoansOnRealEstate" xlink:href="urt-20141231.xsd#ScheduleIv-MortgageLoansOnRealEstate" xlink:type="simple" />
    <link:roleRef roleURI="http://unitedrealtytrust.com/role/BasisOfPresentationAndSummaryOfSignificantAccountingPoliciesPolicies" xlink:href="urt-20141231.xsd#BasisOfPresentationAndSummaryOfSignificantAccountingPoliciesPolicies" xlink:type="simple" />
    <link:roleRef roleURI="http://unitedrealtytrust.com/role/BasisOfPresentationAndSummaryOfSignificantAccountingPoliciesTables" xlink:href="urt-20141231.xsd#BasisOfPresentationAndSummaryOfSignificantAccountingPoliciesTables" xlink:type="simple" />
    <link:roleRef roleURI="http://unitedrealtytrust.com/role/RealEstateInvestmentsTables" xlink:href="urt-20141231.xsd#RealEstateInvestmentsTables" xlink:type="simple" />
    <link:roleRef roleURI="http://unitedrealtytrust.com/role/AcquiredLeaseIntangiblesTables" xlink:href="urt-20141231.xsd#AcquiredLeaseIntangiblesTables" xlink:type="simple" />
    <link:roleRef roleURI="http://unitedrealtytrust.com/role/TenantLeasesTables" xlink:href="urt-20141231.xsd#TenantLeasesTables" xlink:type="simple" />
    <link:roleRef roleURI="http://unitedrealtytrust.com/role/MortgageNotesPayableTables" xlink:href="urt-20141231.xsd#MortgageNotesPayableTables" xlink:type="simple" />
    <link:roleRef roleURI="http://unitedrealtytrust.com/role/RelatedPartyArrangementsTables" xlink:href="urt-20141231.xsd#RelatedPartyArrangementsTables" xlink:type="simple" />
    <link:roleRef roleURI="http://unitedrealtytrust.com/role/QuarterlyResultsOfOperationsTables" xlink:href="urt-20141231.xsd#QuarterlyResultsOfOperationsTables" xlink:type="simple" />
    <link:roleRef roleURI="http://unitedrealtytrust.com/role/ScheduleIii-realEstateAndAccumulatedDepreciationTables" xlink:href="urt-20141231.xsd#ScheduleIii-realEstateAndAccumulatedDepreciationTables" xlink:type="simple" />
    <link:roleRef roleURI="http://unitedrealtytrust.com/role/ScheduleIv-MortgageLoansOnRealEstateTables" xlink:href="urt-20141231.xsd#ScheduleIv-MortgageLoansOnRealEstateTables" xlink:type="simple" />
    <link:roleRef roleURI="http://unitedrealtytrust.com/role/OrganizationDetailsNarrative" xlink:href="urt-20141231.xsd#OrganizationDetailsNarrative" xlink:type="simple" />
    <link:roleRef roleURI="http://unitedrealtytrust.com/role/BasisOfPresentationAndSummaryOfSignificantAccountingPoliciesDetailsNarrative" xlink:href="urt-20141231.xsd#BasisOfPresentationAndSummaryOfSignificantAccountingPoliciesDetailsNarrative" xlink:type="simple" />
    <link:roleRef roleURI="http://unitedrealtytrust.com/role/BasisOfPresentationAndSummaryOfSignificantAccountingPoliciesDetails" xlink:href="urt-20141231.xsd#BasisOfPresentationAndSummaryOfSignificantAccountingPoliciesDetails" xlink:type="simple" />
    <link:roleRef roleURI="http://unitedrealtytrust.com/role/BasisOfPresentationAndSummaryOfSignificantAccountingPoliciesDetails1" xlink:href="urt-20141231.xsd#BasisOfPresentationAndSummaryOfSignificantAccountingPoliciesDetails1" xlink:type="simple" />
    <link:roleRef roleURI="http://unitedrealtytrust.com/role/RealEstateInvestmentsDetailsNarrative" xlink:href="urt-20141231.xsd#RealEstateInvestmentsDetailsNarrative" xlink:type="simple" />
    <link:roleRef roleURI="http://unitedrealtytrust.com/role/RealEstateInvestmentsDetailsNarrative1" xlink:href="urt-20141231.xsd#RealEstateInvestmentsDetailsNarrative1" xlink:type="simple" />
    <link:roleRef roleURI="http://unitedrealtytrust.com/role/RealEstateInvestmentsDetails" xlink:href="urt-20141231.xsd#RealEstateInvestmentsDetails" xlink:type="simple" />
    <link:roleRef roleURI="http://unitedrealtytrust.com/role/RealEstateInvestmentsDetails1" xlink:href="urt-20141231.xsd#RealEstateInvestmentsDetails1" xlink:type="simple" />
    <link:roleRef roleURI="http://unitedrealtytrust.com/role/AcquiredLeaseIntangiblesDetailsNarrative" xlink:href="urt-20141231.xsd#AcquiredLeaseIntangiblesDetailsNarrative" xlink:type="simple" />
    <link:roleRef roleURI="http://unitedrealtytrust.com/role/AcquiredLeaseIntangiblesDetails" xlink:href="urt-20141231.xsd#AcquiredLeaseIntangiblesDetails" xlink:type="simple" />
    <link:roleRef roleURI="http://unitedrealtytrust.com/role/TenantLeasesDetails" xlink:href="urt-20141231.xsd#TenantLeasesDetails" xlink:type="simple" />
    <link:roleRef roleURI="http://unitedrealtytrust.com/role/MortgageNoteReceivableDetailsNarrative" xlink:href="urt-20141231.xsd#MortgageNoteReceivableDetailsNarrative" xlink:type="simple" />
    <link:roleRef roleURI="http://unitedrealtytrust.com/role/MortgageNotesPayableDetailsNarrative" xlink:href="urt-20141231.xsd#MortgageNotesPayableDetailsNarrative" xlink:type="simple" />
    <link:roleRef roleURI="http://unitedrealtytrust.com/role/MortgageNotesPayableDetails" xlink:href="urt-20141231.xsd#MortgageNotesPayableDetails" xlink:type="simple" />
    <link:roleRef roleURI="http://unitedrealtytrust.com/role/CapitalizationDetailsNarrative" xlink:href="urt-20141231.xsd#CapitalizationDetailsNarrative" xlink:type="simple" />
    <link:roleRef roleURI="http://unitedrealtytrust.com/role/StockIncentivePlanDetailsNarrative" xlink:href="urt-20141231.xsd#StockIncentivePlanDetailsNarrative" xlink:type="simple" />
    <link:roleRef roleURI="http://unitedrealtytrust.com/role/RelatedPartyArrangementsDetails" xlink:href="urt-20141231.xsd#RelatedPartyArrangementsDetails" xlink:type="simple" />
    <link:roleRef roleURI="http://unitedrealtytrust.com/role/RelatedPartyArrangementsDetailsNarrative" xlink:href="urt-20141231.xsd#RelatedPartyArrangementsDetailsNarrative" xlink:type="simple" />
    <link:roleRef roleURI="http://unitedrealtytrust.com/role/DistributionsDetailsNarrative" xlink:href="urt-20141231.xsd#DistributionsDetailsNarrative" xlink:type="simple" />
    <link:roleRef roleURI="http://unitedrealtytrust.com/role/QuarterlyResultsOfOperationsDetails" xlink:href="urt-20141231.xsd#QuarterlyResultsOfOperationsDetails" xlink:type="simple" />
    <link:roleRef roleURI="http://unitedrealtytrust.com/role/SubsequentEventsDetailsNarrative" xlink:href="urt-20141231.xsd#SubsequentEventsDetailsNarrative" xlink:type="simple" />
    <link:roleRef roleURI="http://unitedrealtytrust.com/role/ScheduleIii-realEstateAndAccumulatedDepreciationDetailsNarrative" xlink:href="urt-20141231.xsd#ScheduleIii-realEstateAndAccumulatedDepreciationDetailsNarrative" xlink:type="simple" />
    <link:roleRef roleURI="http://unitedrealtytrust.com/role/ScheduleIii-realEstateAndAccumulatedDepreciationDetails" xlink:href="urt-20141231.xsd#ScheduleIii-realEstateAndAccumulatedDepreciationDetails" xlink:type="simple" />
    <link:roleRef roleURI="http://unitedrealtytrust.com/role/ScheduleIii-realEstateAndAccumulatedDepreciationDetails1" xlink:href="urt-20141231.xsd#ScheduleIii-realEstateAndAccumulatedDepreciationDetails1" xlink:type="simple" />
    <link:roleRef roleURI="http://unitedrealtytrust.com/role/ScheduleIii-realEstateAndAccumulatedDepreciationDetails2" xlink:href="urt-20141231.xsd#ScheduleIii-realEstateAndAccumulatedDepreciationDetails2" xlink:type="simple" />
    <link:roleRef roleURI="http://unitedrealtytrust.com/role/ScheduleIv-MortgageLoansOnRealEstateDetails" xlink:href="urt-20141231.xsd#ScheduleIv-MortgageLoansOnRealEstateDetails" xlink:type="simple" />
    <link:roleRef roleURI="http://unitedrealtytrust.com/role/ScheduleIv-MortgageLoansOnRealEstateDetails1" xlink:href="urt-20141231.xsd#ScheduleIv-MortgageLoansOnRealEstateDetails1" xlink:type="simple" />
    <link:calculationLink xlink:type="extended" xlink:role="http://unitedrealtytrust.com/role/DocumentAndEntityInformation" xlink:title="00000001 - Document - Document and Entity Information" />
    <link:calculationLink xlink:type="extended" xlink:role="http://unitedrealtytrust.com/role/ConsolidatedBalanceSheets" xlink:title="00000002 - Statement - CONSOLIDATED BALANCE SHEETS">
      <link:loc xlink:type="locator" xlink:href="http://xbrl.fasb.org/us-gaap/2014/elts/us-gaap-2014-01-31.xsd#us-gaap_RealEstateInvestmentPropertyAtCost" xlink:label="loc_us-gaapRealEstateInvestmentPropertyAtCost" />
      <link:loc xlink:type="locator" xlink:href="http://xbrl.fasb.org/us-gaap/2014/elts/us-gaap-2014-01-31.xsd#us-gaap_Land" xlink:label="loc_us-gaapLand" />
      <link:calculationArc order="1" xlink:arcrole="http://www.xbrl.org/2003/arcrole/summation-item" xlink:from="loc_us-gaapRealEstateInvestmentPropertyAtCost" xlink:to="loc_us-gaapLand" xlink:type="arc" weight="1" />
      <link:loc xlink:type="locator" xlink:href="http://xbrl.fasb.org/us-gaap/2014/elts/us-gaap-2014-01-31.xsd#us-gaap_InvestmentBuildingAndBuildingImprovements" xlink:label="loc_us-gaapInvestmentBuildingAndBuildingImprovements" />
      <link:calculationArc order="2" xlink:arcrole="http://www.xbrl.org/2003/arcrole/summation-item" xlink:from="loc_us-gaapRealEstateInvestmentPropertyAtCost" xlink:to="loc_us-gaapInvestmentBuildingAndBuildingImprovements" xlink:type="arc" weight="1" />
      <link:loc xlink:type="locator" xlink:href="http://xbrl.fasb.org/us-gaap/2014/elts/us-gaap-2014-01-31.xsd#us-gaap_RealEstateInvestmentPropertyNet" xlink:label="loc_us-gaapRealEstateInvestmentPropertyNet" />
      <link:calculationArc order="1" xlink:arcrole="http://www.xbrl.org/2003/arcrole/summation-item" xlink:from="loc_us-gaapRealEstateInvestmentPropertyNet" xlink:to="loc_us-gaapRealEstateInvestmentPropertyAtCost" xlink:type="arc" weight="1" />
      <link:loc xlink:type="locator" xlink:href="http://xbrl.fasb.org/us-gaap/2014/elts/us-gaap-2014-01-31.xsd#us-gaap_RealEstateInvestmentPropertyAccumulatedDepreciation" xlink:label="loc_us-gaapRealEstateInvestmentPropertyAccumulatedDepreciation" />
      <link:calculationArc order="2" xlink:arcrole="http://www.xbrl.org/2003/arcrole/summation-item" xlink:from="loc_us-gaapRealEstateInvestmentPropertyNet" xlink:to="loc_us-gaapRealEstateInvestmentPropertyAccumulatedDepreciation" xlink:type="arc" weight="-1" />
      <link:loc xlink:type="locator" xlink:href="http://xbrl.fasb.org/us-gaap/2014/elts/us-gaap-2014-01-31.xsd#us-gaap_RealEstateInvestments" xlink:label="loc_us-gaapRealEstateInvestments" />
      <link:calculationArc order="1" xlink:arcrole="http://www.xbrl.org/2003/arcrole/summation-item" xlink:from="loc_us-gaapRealEstateInvestments" xlink:to="loc_us-gaapRealEstateInvestmentPropertyNet" xlink:type="arc" weight="1" />
      <link:loc xlink:type="locator" xlink:href="http://xbrl.fasb.org/us-gaap/2014/elts/us-gaap-2014-01-31.xsd#us-gaap_MortgageLoansOnRealEstateCommercialAndConsumerNet" xlink:label="loc_us-gaapMortgageLoansOnRealEstateCommercialAndConsumerNet" />
      <link:calculationArc order="2" xlink:arcrole="http://www.xbrl.org/2003/arcrole/summation-item" xlink:from="loc_us-gaapRealEstateInvestments" xlink:to="loc_us-gaapMortgageLoansOnRealEstateCommercialAndConsumerNet" xlink:type="arc" weight="1" />
      <link:loc xlink:type="locator" xlink:href="http://xbrl.fasb.org/us-gaap/2014/elts/us-gaap-2014-01-31.xsd#us-gaap_Assets" xlink:label="loc_us-gaapAssets" />
      <link:calculationArc order="1" xlink:arcrole="http://www.xbrl.org/2003/arcrole/summation-item" xlink:from="loc_us-gaapAssets" xlink:to="loc_us-gaapRealEstateInvestments" xlink:type="arc" weight="1" />
      <link:loc xlink:type="locator" xlink:href="http://xbrl.fasb.org/us-gaap/2014/elts/us-gaap-2014-01-31.xsd#us-gaap_CashAndCashEquivalentsAtCarryingValue" xlink:label="loc_us-gaapCashAndCashEquivalentsAtCarryingValue" />
      <link:calculationArc order="2" xlink:arcrole="http://www.xbrl.org/2003/arcrole/summation-item" xlink:from="loc_us-gaapAssets" xlink:to="loc_us-gaapCashAndCashEquivalentsAtCarryingValue" xlink:type="arc" weight="1" />
      <link:loc xlink:type="locator" xlink:href="http://xbrl.fasb.org/us-gaap/2014/elts/us-gaap-2014-01-31.xsd#us-gaap_RestrictedCashAndCashEquivalents" xlink:label="loc_us-gaapRestrictedCashAndCashEquivalents" />
      <link:calculationArc order="3" xlink:arcrole="http://www.xbrl.org/2003/arcrole/summation-item" xlink:from="loc_us-gaapAssets" xlink:to="loc_us-gaapRestrictedCashAndCashEquivalents" xlink:type="arc" weight="1" />
      <link:loc xlink:type="locator" xlink:href="http://xbrl.fasb.org/us-gaap/2014/elts/us-gaap-2014-01-31.xsd#us-gaap_PrepaidExpenseCurrentAndNoncurrent" xlink:label="loc_us-gaapPrepaidExpenseCurrentAndNoncurrent" />
      <link:calculationArc order="4" xlink:arcrole="http://www.xbrl.org/2003/arcrole/summation-item" xlink:from="loc_us-gaapAssets" xlink:to="loc_us-gaapPrepaidExpenseCurrentAndNoncurrent" xlink:type="arc" weight="1" />
      <link:loc xlink:type="locator" xlink:href="http://xbrl.fasb.org/us-gaap/2014/elts/us-gaap-2014-01-31.xsd#us-gaap_DeferredOfferingCosts" xlink:label="loc_us-gaapDeferredOfferingCosts" />
      <link:calculationArc order="5" xlink:arcrole="http://www.xbrl.org/2003/arcrole/summation-item" xlink:from="loc_us-gaapAssets" xlink:to="loc_us-gaapDeferredOfferingCosts" xlink:type="arc" weight="1" />
      <link:loc xlink:type="locator" xlink:href="http://xbrl.fasb.org/us-gaap/2014/elts/us-gaap-2014-01-31.xsd#us-gaap_DepositsAssets" xlink:label="loc_us-gaapDepositsAssets" />
      <link:calculationArc order="6" xlink:arcrole="http://www.xbrl.org/2003/arcrole/summation-item" xlink:from="loc_us-gaapAssets" xlink:to="loc_us-gaapDepositsAssets" xlink:type="arc" weight="1" />
      <link:loc xlink:type="locator" xlink:href="http://xbrl.fasb.org/us-gaap/2014/elts/us-gaap-2014-01-31.xsd#us-gaap_DueFromRelatedParties" xlink:label="loc_us-gaapDueFromRelatedParties" />
      <link:calculationArc order="7" xlink:arcrole="http://www.xbrl.org/2003/arcrole/summation-item" xlink:from="loc_us-gaapAssets" xlink:to="loc_us-gaapDueFromRelatedParties" xlink:type="arc" weight="1" />
      <link:loc xlink:type="locator" xlink:href="urt-20141231.xsd#urt_TenantAndOtherReceivables" xlink:label="loc_urtTenantAndOtherReceivables" />
      <link:calculationArc order="8" xlink:arcrole="http://www.xbrl.org/2003/arcrole/summation-item" xlink:from="loc_us-gaapAssets" xlink:to="loc_urtTenantAndOtherReceivables" xlink:type="arc" weight="1" />
      <link:loc xlink:type="locator" xlink:href="http://xbrl.fasb.org/us-gaap/2014/elts/us-gaap-2014-01-31.xsd#us-gaap_DeferredRentReceivablesNet" xlink:label="loc_us-gaapDeferredRentReceivablesNet" />
      <link:calculationArc order="9" xlink:arcrole="http://www.xbrl.org/2003/arcrole/summation-item" xlink:from="loc_us-gaapAssets" xlink:to="loc_us-gaapDeferredRentReceivablesNet" xlink:type="arc" weight="1" />
      <link:loc xlink:type="locator" xlink:href="http://xbrl.fasb.org/us-gaap/2014/elts/us-gaap-2014-01-31.xsd#us-gaap_OtherAssets" xlink:label="loc_us-gaapOtherAssets" />
      <link:calculationArc order="10" xlink:arcrole="http://www.xbrl.org/2003/arcrole/summation-item" xlink:from="loc_us-gaapAssets" xlink:to="loc_us-gaapOtherAssets" xlink:type="arc" weight="1" />
      <link:loc xlink:type="locator" xlink:href="http://xbrl.fasb.org/us-gaap/2014/elts/us-gaap-2014-01-31.xsd#us-gaap_IntangibleAssetsNetExcludingGoodwill" xlink:label="loc_us-gaapIntangibleAssetsNetExcludingGoodwill" />
      <link:calculationArc order="11" xlink:arcrole="http://www.xbrl.org/2003/arcrole/summation-item" xlink:from="loc_us-gaapAssets" xlink:to="loc_us-gaapIntangibleAssetsNetExcludingGoodwill" xlink:type="arc" weight="1" />
      <link:loc xlink:type="locator" xlink:href="http://xbrl.fasb.org/us-gaap/2014/elts/us-gaap-2014-01-31.xsd#us-gaap_DeferredCostsCurrentAndNoncurrent" xlink:label="loc_us-gaapDeferredCostsCurrentAndNoncurrent" />
      <link:calculationArc order="12" xlink:arcrole="http://www.xbrl.org/2003/arcrole/summation-item" xlink:from="loc_us-gaapAssets" xlink:to="loc_us-gaapDeferredCostsCurrentAndNoncurrent" xlink:type="arc" weight="1" />
      <link:loc xlink:type="locator" xlink:href="http://xbrl.fasb.org/us-gaap/2014/elts/us-gaap-2014-01-31.xsd#us-gaap_Liabilities" xlink:label="loc_us-gaapLiabilities" />
      <link:loc xlink:type="locator" xlink:href="http://xbrl.fasb.org/us-gaap/2014/elts/us-gaap-2014-01-31.xsd#us-gaap_LongTermDebt" xlink:label="loc_us-gaapLongTermDebt" />
      <link:calculationArc order="1" xlink:arcrole="http://www.xbrl.org/2003/arcrole/summation-item" xlink:from="loc_us-gaapLiabilities" xlink:to="loc_us-gaapLongTermDebt" xlink:type="arc" weight="1" />
      <link:loc xlink:type="locator" xlink:href="http://xbrl.fasb.org/us-gaap/2014/elts/us-gaap-2014-01-31.xsd#us-gaap_LoansPayable" xlink:label="loc_us-gaapLoansPayable" />
      <link:calculationArc order="2" xlink:arcrole="http://www.xbrl.org/2003/arcrole/summation-item" xlink:from="loc_us-gaapLiabilities" xlink:to="loc_us-gaapLoansPayable" xlink:type="arc" weight="1" />
      <link:loc xlink:type="locator" xlink:href="http://xbrl.fasb.org/us-gaap/2014/elts/us-gaap-2014-01-31.xsd#us-gaap_CapitalLeaseObligationsCurrent" xlink:label="loc_us-gaapCapitalLeaseObligationsCurrent" />
      <link:calculationArc order="3" xlink:arcrole="http://www.xbrl.org/2003/arcrole/summation-item" xlink:from="loc_us-gaapLiabilities" xlink:to="loc_us-gaapCapitalLeaseObligationsCurrent" xlink:type="arc" weight="1" />
      <link:loc xlink:type="locator" xlink:href="urt-20141231.xsd#urt_IntangibleLeaseLiabliltyAcquired" xlink:label="loc_urtIntangibleLeaseLiabliltyAcquired" />
      <link:calculationArc order="4" xlink:arcrole="http://www.xbrl.org/2003/arcrole/summation-item" xlink:from="loc_us-gaapLiabilities" xlink:to="loc_urtIntangibleLeaseLiabliltyAcquired" xlink:type="arc" weight="1" />
      <link:loc xlink:type="locator" xlink:href="http://xbrl.fasb.org/us-gaap/2014/elts/us-gaap-2014-01-31.xsd#us-gaap_SecurityDepositLiability" xlink:label="loc_us-gaapSecurityDepositLiability" />
      <link:calculationArc order="5" xlink:arcrole="http://www.xbrl.org/2003/arcrole/summation-item" xlink:from="loc_us-gaapLiabilities" xlink:to="loc_us-gaapSecurityDepositLiability" xlink:type="arc" weight="1" />
      <link:loc xlink:type="locator" xlink:href="http://xbrl.fasb.org/us-gaap/2014/elts/us-gaap-2014-01-31.xsd#us-gaap_DividendsPayableCurrentAndNoncurrent" xlink:label="loc_us-gaapDividendsPayableCurrentAndNoncurrent" />
      <link:calculationArc order="6" xlink:arcrole="http://www.xbrl.org/2003/arcrole/summation-item" xlink:from="loc_us-gaapLiabilities" xlink:to="loc_us-gaapDividendsPayableCurrentAndNoncurrent" xlink:type="arc" weight="1" />
      <link:loc xlink:type="locator" xlink:href="http://xbrl.fasb.org/us-gaap/2014/elts/us-gaap-2014-01-31.xsd#us-gaap_DeferredRevenue" xlink:label="loc_us-gaapDeferredRevenue" />
      <link:calculationArc order="7" xlink:arcrole="http://www.xbrl.org/2003/arcrole/summation-item" xlink:from="loc_us-gaapLiabilities" xlink:to="loc_us-gaapDeferredRevenue" xlink:type="arc" weight="1" />
      <link:loc xlink:type="locator" xlink:href="http://xbrl.fasb.org/us-gaap/2014/elts/us-gaap-2014-01-31.xsd#us-gaap_AccountsPayableCurrentAndNoncurrent" xlink:label="loc_us-gaapAccountsPayableCurrentAndNoncurrent" />
      <link:calculationArc order="8" xlink:arcrole="http://www.xbrl.org/2003/arcrole/summation-item" xlink:from="loc_us-gaapLiabilities" xlink:to="loc_us-gaapAccountsPayableCurrentAndNoncurrent" xlink:type="arc" weight="1" />
      <link:loc xlink:type="locator" xlink:href="http://xbrl.fasb.org/us-gaap/2014/elts/us-gaap-2014-01-31.xsd#us-gaap_StockholdersEquity" xlink:label="loc_us-gaapStockholdersEquity" />
      <link:loc xlink:type="locator" xlink:href="http://xbrl.fasb.org/us-gaap/2014/elts/us-gaap-2014-01-31.xsd#us-gaap_PreferredStockValue" xlink:label="loc_us-gaapPreferredStockValue" />
      <link:calculationArc order="1" xlink:arcrole="http://www.xbrl.org/2003/arcrole/summation-item" xlink:from="loc_us-gaapStockholdersEquity" xlink:to="loc_us-gaapPreferredStockValue" xlink:type="arc" weight="1" />
      <link:loc xlink:type="locator" xlink:href="http://xbrl.fasb.org/us-gaap/2014/elts/us-gaap-2014-01-31.xsd#us-gaap_CommonStockValue" xlink:label="loc_us-gaapCommonStockValue" />
      <link:calculationArc order="2" xlink:arcrole="http://www.xbrl.org/2003/arcrole/summation-item" xlink:from="loc_us-gaapStockholdersEquity" xlink:to="loc_us-gaapCommonStockValue" xlink:type="arc" weight="1" />
      <link:loc xlink:type="locator" xlink:href="http://xbrl.fasb.org/us-gaap/2014/elts/us-gaap-2014-01-31.xsd#us-gaap_AdditionalPaidInCapital" xlink:label="loc_us-gaapAdditionalPaidInCapital" />
      <link:calculationArc order="3" xlink:arcrole="http://www.xbrl.org/2003/arcrole/summation-item" xlink:from="loc_us-gaapStockholdersEquity" xlink:to="loc_us-gaapAdditionalPaidInCapital" xlink:type="arc" weight="1" />
      <link:loc xlink:type="locator" xlink:href="http://xbrl.fasb.org/us-gaap/2014/elts/us-gaap-2014-01-31.xsd#us-gaap_RetainedEarningsAccumulatedDeficit" xlink:label="loc_us-gaapRetainedEarningsAccumulatedDeficit" />
      <link:calculationArc order="4" xlink:arcrole="http://www.xbrl.org/2003/arcrole/summation-item" xlink:from="loc_us-gaapStockholdersEquity" xlink:to="loc_us-gaapRetainedEarningsAccumulatedDeficit" xlink:type="arc" weight="1" />
      <link:loc xlink:type="locator" xlink:href="http://xbrl.fasb.org/us-gaap/2014/elts/us-gaap-2014-01-31.xsd#us-gaap_MinorityInterest" xlink:label="loc_us-gaapMinorityInterest" />
      <link:loc xlink:type="locator" xlink:href="http://xbrl.fasb.org/us-gaap/2014/elts/us-gaap-2014-01-31.xsd#us-gaap_MinorityInterestInJointVentures" xlink:label="loc_us-gaapMinorityInterestInJointVentures" />
      <link:calculationArc order="1" xlink:arcrole="http://www.xbrl.org/2003/arcrole/summation-item" xlink:from="loc_us-gaapMinorityInterest" xlink:to="loc_us-gaapMinorityInterestInJointVentures" xlink:type="arc" weight="1" />
      <link:loc xlink:type="locator" xlink:href="http://xbrl.fasb.org/us-gaap/2014/elts/us-gaap-2014-01-31.xsd#us-gaap_MinorityInterestInOperatingPartnerships" xlink:label="loc_us-gaapMinorityInterestInOperatingPartnerships" />
      <link:calculationArc order="2" xlink:arcrole="http://www.xbrl.org/2003/arcrole/summation-item" xlink:from="loc_us-gaapMinorityInterest" xlink:to="loc_us-gaapMinorityInterestInOperatingPartnerships" xlink:type="arc" weight="1" />
      <link:loc xlink:type="locator" xlink:href="http://xbrl.fasb.org/us-gaap/2014/elts/us-gaap-2014-01-31.xsd#us-gaap_StockholdersEquityIncludingPortionAttributableToNoncontrollingInterest" xlink:label="loc_us-gaapStockholdersEquityIncludingPortionAttributableToNoncontrollingInterest" />
      <link:calculationArc order="1" xlink:arcrole="http://www.xbrl.org/2003/arcrole/summation-item" xlink:from="loc_us-gaapStockholdersEquityIncludingPortionAttributableToNoncontrollingInterest" xlink:to="loc_us-gaapStockholdersEquity" xlink:type="arc" weight="1" />
      <link:calculationArc order="2" xlink:arcrole="http://www.xbrl.org/2003/arcrole/summation-item" xlink:from="loc_us-gaapStockholdersEquityIncludingPortionAttributableToNoncontrollingInterest" xlink:to="loc_us-gaapMinorityInterest" xlink:type="arc" weight="1" />
      <link:loc xlink:type="locator" xlink:href="http://xbrl.fasb.org/us-gaap/2014/elts/us-gaap-2014-01-31.xsd#us-gaap_LiabilitiesAndStockholdersEquity" xlink:label="loc_us-gaapLiabilitiesAndStockholdersEquity" />
      <link:calculationArc order="1" xlink:arcrole="http://www.xbrl.org/2003/arcrole/summation-item" xlink:from="loc_us-gaapLiabilitiesAndStockholdersEquity" xlink:to="loc_us-gaapLiabilities" xlink:type="arc" weight="1" />
      <link:calculationArc order="2" xlink:arcrole="http://www.xbrl.org/2003/arcrole/summation-item" xlink:from="loc_us-gaapLiabilitiesAndStockholdersEquity" xlink:to="loc_us-gaapStockholdersEquityIncludingPortionAttributableToNoncontrollingInterest" xlink:type="arc" weight="1" />
    </link:calculationLink>
    <link:calculationLink xlink:type="extended" xlink:role="http://unitedrealtytrust.com/role/ConsolidatedBalanceSheetsParenthetical" xlink:title="00000003 - Statement - CONSOLIDATED BALANCE SHEETS (Parenthetical)" />
    <link:calculationLink xlink:type="extended" xlink:role="http://unitedrealtytrust.com/role/ConsolidatedStatementsOfOperations" xlink:title="00000004 - Statement - CONSOLIDATED STATEMENTS OF OPERATIONS">
      <link:loc xlink:type="locator" xlink:href="http://xbrl.fasb.org/us-gaap/2014/elts/us-gaap-2014-01-31.xsd#us-gaap_RealEstateRevenueNet" xlink:label="loc_us-gaapRealEstateRevenueNet" />
      <link:loc xlink:type="locator" xlink:href="http://xbrl.fasb.org/us-gaap/2014/elts/us-gaap-2014-01-31.xsd#us-gaap_OperatingLeasesIncomeStatementLeaseRevenue" xlink:label="loc_us-gaapOperatingLeasesIncomeStatementLeaseRevenue" />
      <link:calculationArc order="1" xlink:arcrole="http://www.xbrl.org/2003/arcrole/summation-item" xlink:from="loc_us-gaapRealEstateRevenueNet" xlink:to="loc_us-gaapOperatingLeasesIncomeStatementLeaseRevenue" xlink:type="arc" weight="1" />
      <link:loc xlink:type="locator" xlink:href="http://xbrl.fasb.org/us-gaap/2014/elts/us-gaap-2014-01-31.xsd#us-gaap_TenantReimbursements" xlink:label="loc_us-gaapTenantReimbursements" />
      <link:calculationArc order="2" xlink:arcrole="http://www.xbrl.org/2003/arcrole/summation-item" xlink:from="loc_us-gaapRealEstateRevenueNet" xlink:to="loc_us-gaapTenantReimbursements" xlink:type="arc" weight="1" />
      <link:loc xlink:type="locator" xlink:href="http://xbrl.fasb.org/us-gaap/2014/elts/us-gaap-2014-01-31.xsd#us-gaap_OtherRealEstateRevenue" xlink:label="loc_us-gaapOtherRealEstateRevenue" />
      <link:calculationArc order="3" xlink:arcrole="http://www.xbrl.org/2003/arcrole/summation-item" xlink:from="loc_us-gaapRealEstateRevenueNet" xlink:to="loc_us-gaapOtherRealEstateRevenue" xlink:type="arc" weight="1" />
      <link:loc xlink:type="locator" xlink:href="http://xbrl.fasb.org/us-gaap/2014/elts/us-gaap-2014-01-31.xsd#us-gaap_OperatingExpenses" xlink:label="loc_us-gaapOperatingExpenses" />
      <link:loc xlink:type="locator" xlink:href="http://xbrl.fasb.org/us-gaap/2014/elts/us-gaap-2014-01-31.xsd#us-gaap_CostOfOtherPropertyOperatingExpense" xlink:label="loc_us-gaapCostOfOtherPropertyOperatingExpense" />
      <link:calculationArc order="1" xlink:arcrole="http://www.xbrl.org/2003/arcrole/summation-item" xlink:from="loc_us-gaapOperatingExpenses" xlink:to="loc_us-gaapCostOfOtherPropertyOperatingExpense" xlink:type="arc" weight="1" />
      <link:loc xlink:type="locator" xlink:href="http://xbrl.fasb.org/us-gaap/2014/elts/us-gaap-2014-01-31.xsd#us-gaap_RealEstateTaxExpense" xlink:label="loc_us-gaapRealEstateTaxExpense" />
      <link:calculationArc order="2" xlink:arcrole="http://www.xbrl.org/2003/arcrole/summation-item" xlink:from="loc_us-gaapOperatingExpenses" xlink:to="loc_us-gaapRealEstateTaxExpense" xlink:type="arc" weight="1" />
      <link:loc xlink:type="locator" xlink:href="http://xbrl.fasb.org/us-gaap/2014/elts/us-gaap-2014-01-31.xsd#us-gaap_GeneralAndAdministrativeExpense" xlink:label="loc_us-gaapGeneralAndAdministrativeExpense" />
      <link:calculationArc order="3" xlink:arcrole="http://www.xbrl.org/2003/arcrole/summation-item" xlink:from="loc_us-gaapOperatingExpenses" xlink:to="loc_us-gaapGeneralAndAdministrativeExpense" xlink:type="arc" weight="1" />
      <link:loc xlink:type="locator" xlink:href="http://xbrl.fasb.org/us-gaap/2014/elts/us-gaap-2014-01-31.xsd#us-gaap_DepreciationAndAmortization" xlink:label="loc_us-gaapDepreciationAndAmortization" />
      <link:calculationArc order="4" xlink:arcrole="http://www.xbrl.org/2003/arcrole/summation-item" xlink:from="loc_us-gaapOperatingExpenses" xlink:to="loc_us-gaapDepreciationAndAmortization" xlink:type="arc" weight="1" />
      <link:loc xlink:type="locator" xlink:href="http://xbrl.fasb.org/us-gaap/2014/elts/us-gaap-2014-01-31.xsd#us-gaap_BusinessCombinationAcquisitionRelatedCosts" xlink:label="loc_us-gaapBusinessCombinationAcquisitionRelatedCosts" />
      <link:calculationArc order="5" xlink:arcrole="http://www.xbrl.org/2003/arcrole/summation-item" xlink:from="loc_us-gaapOperatingExpenses" xlink:to="loc_us-gaapBusinessCombinationAcquisitionRelatedCosts" xlink:type="arc" weight="1" />
      <link:loc xlink:type="locator" xlink:href="http://xbrl.fasb.org/us-gaap/2014/elts/us-gaap-2014-01-31.xsd#us-gaap_OperatingIncomeLoss" xlink:label="loc_us-gaapOperatingIncomeLoss" />
      <link:calculationArc order="1" xlink:arcrole="http://www.xbrl.org/2003/arcrole/summation-item" xlink:from="loc_us-gaapOperatingIncomeLoss" xlink:to="loc_us-gaapRealEstateRevenueNet" xlink:type="arc" weight="1" />
      <link:calculationArc order="2" xlink:arcrole="http://www.xbrl.org/2003/arcrole/summation-item" xlink:from="loc_us-gaapOperatingIncomeLoss" xlink:to="loc_us-gaapOperatingExpenses" xlink:type="arc" weight="-1" />
      <link:loc xlink:type="locator" xlink:href="http://xbrl.fasb.org/us-gaap/2014/elts/us-gaap-2014-01-31.xsd#us-gaap_ProfitLoss" xlink:label="loc_us-gaapProfitLoss" />
      <link:calculationArc order="1" xlink:arcrole="http://www.xbrl.org/2003/arcrole/summation-item" xlink:from="loc_us-gaapProfitLoss" xlink:to="loc_us-gaapOperatingIncomeLoss" xlink:type="arc" weight="1" />
      <link:loc xlink:type="locator" xlink:href="http://xbrl.fasb.org/us-gaap/2014/elts/us-gaap-2014-01-31.xsd#us-gaap_InterestAndDebtExpense" xlink:label="loc_us-gaapInterestAndDebtExpense" />
      <link:calculationArc order="2" xlink:arcrole="http://www.xbrl.org/2003/arcrole/summation-item" xlink:from="loc_us-gaapProfitLoss" xlink:to="loc_us-gaapInterestAndDebtExpense" xlink:type="arc" weight="-1" />
      <link:loc xlink:type="locator" xlink:href="http://xbrl.fasb.org/us-gaap/2014/elts/us-gaap-2014-01-31.xsd#us-gaap_InvestmentIncomeInterest" xlink:label="loc_us-gaapInvestmentIncomeInterest" />
      <link:calculationArc order="3" xlink:arcrole="http://www.xbrl.org/2003/arcrole/summation-item" xlink:from="loc_us-gaapProfitLoss" xlink:to="loc_us-gaapInvestmentIncomeInterest" xlink:type="arc" weight="1" />
      <link:loc xlink:type="locator" xlink:href="http://xbrl.fasb.org/us-gaap/2014/elts/us-gaap-2014-01-31.xsd#us-gaap_AmortizationOfFinancingCosts" xlink:label="loc_us-gaapAmortizationOfFinancingCosts" />
      <link:calculationArc order="4" xlink:arcrole="http://www.xbrl.org/2003/arcrole/summation-item" xlink:from="loc_us-gaapProfitLoss" xlink:to="loc_us-gaapAmortizationOfFinancingCosts" xlink:type="arc" weight="-1" />
      <link:loc xlink:type="locator" xlink:href="http://xbrl.fasb.org/us-gaap/2014/elts/us-gaap-2014-01-31.xsd#us-gaap_NetIncomeLoss" xlink:label="loc_us-gaapNetIncomeLoss" />
      <link:calculationArc order="1" xlink:arcrole="http://www.xbrl.org/2003/arcrole/summation-item" xlink:from="loc_us-gaapNetIncomeLoss" xlink:to="loc_us-gaapProfitLoss" xlink:type="arc" weight="1" />
      <link:loc xlink:type="locator" xlink:href="http://xbrl.fasb.org/us-gaap/2014/elts/us-gaap-2014-01-31.xsd#us-gaap_NetIncomeLossAttributableToNoncontrollingInterest" xlink:label="loc_us-gaapNetIncomeLossAttributableToNoncontrollingInterest" />
      <link:calculationArc order="2" xlink:arcrole="http://www.xbrl.org/2003/arcrole/summation-item" xlink:from="loc_us-gaapNetIncomeLoss" xlink:to="loc_us-gaapNetIncomeLossAttributableToNoncontrollingInterest" xlink:type="arc" weight="-1" />
    </link:calculationLink>
    <link:calculationLink xlink:type="extended" xlink:role="http://unitedrealtytrust.com/role/ConsolidatedStatementsOfEquity" xlink:title="00000005 - Statement - CONSOLIDATED STATEMENTS OF EQUITY" />
    <link:calculationLink xlink:type="extended" xlink:role="http://unitedrealtytrust.com/role/ConsolidatedStatementsOfCashFlows" xlink:title="00000006 - Statement - CONSOLIDATED STATEMENTS OF CASH FLOWS">
      <link:loc xlink:type="locator" xlink:href="http://xbrl.fasb.org/us-gaap/2014/elts/us-gaap-2014-01-31.xsd#us-gaap_NetCashProvidedByUsedInOperatingActivities" xlink:label="loc_us-gaapNetCashProvidedByUsedInOperatingActivities" />
      <link:loc xlink:type="locator" xlink:href="http://xbrl.fasb.org/us-gaap/2014/elts/us-gaap-2014-01-31.xsd#us-gaap_ProfitLoss" xlink:label="loc_us-gaapProfitLoss" />
      <link:calculationArc order="1" xlink:arcrole="http://www.xbrl.org/2003/arcrole/summation-item" xlink:from="loc_us-gaapNetCashProvidedByUsedInOperatingActivities" xlink:to="loc_us-gaapProfitLoss" xlink:type="arc" weight="1" />
      <link:loc xlink:type="locator" xlink:href="http://xbrl.fasb.org/us-gaap/2014/elts/us-gaap-2014-01-31.xsd#us-gaap_DepreciationDepletionAndAmortization" xlink:label="loc_us-gaapDepreciationDepletionAndAmortization" />
      <link:calculationArc order="2" xlink:arcrole="http://www.xbrl.org/2003/arcrole/summation-item" xlink:from="loc_us-gaapNetCashProvidedByUsedInOperatingActivities" xlink:to="loc_us-gaapDepreciationDepletionAndAmortization" xlink:type="arc" weight="1" />
      <link:loc xlink:type="locator" xlink:href="http://xbrl.fasb.org/us-gaap/2014/elts/us-gaap-2014-01-31.xsd#us-gaap_AmortizationOfFinancingCosts" xlink:label="loc_us-gaapAmortizationOfFinancingCosts" />
      <link:calculationArc order="3" xlink:arcrole="http://www.xbrl.org/2003/arcrole/summation-item" xlink:from="loc_us-gaapNetCashProvidedByUsedInOperatingActivities" xlink:to="loc_us-gaapAmortizationOfFinancingCosts" xlink:type="arc" weight="1" />
      <link:loc xlink:type="locator" xlink:href="urt-20141231.xsd#urt_AmortizationOfBelowMarketRent" xlink:label="loc_urtAmortizationOfBelowMarketRent" />
      <link:calculationArc order="4" xlink:arcrole="http://www.xbrl.org/2003/arcrole/summation-item" xlink:from="loc_us-gaapNetCashProvidedByUsedInOperatingActivities" xlink:to="loc_urtAmortizationOfBelowMarketRent" xlink:type="arc" weight="1" />
      <link:loc xlink:type="locator" xlink:href="http://xbrl.fasb.org/us-gaap/2014/elts/us-gaap-2014-01-31.xsd#us-gaap_RestrictedStockExpense" xlink:label="loc_us-gaapRestrictedStockExpense" />
      <link:calculationArc order="5" xlink:arcrole="http://www.xbrl.org/2003/arcrole/summation-item" xlink:from="loc_us-gaapNetCashProvidedByUsedInOperatingActivities" xlink:to="loc_us-gaapRestrictedStockExpense" xlink:type="arc" weight="1" />
      <link:loc xlink:type="locator" xlink:href="urt-20141231.xsd#urt_DeferredRentsReceivableAdjustment" xlink:label="loc_urtDeferredRentsReceivableAdjustment" />
      <link:calculationArc order="6" xlink:arcrole="http://www.xbrl.org/2003/arcrole/summation-item" xlink:from="loc_us-gaapNetCashProvidedByUsedInOperatingActivities" xlink:to="loc_urtDeferredRentsReceivableAdjustment" xlink:type="arc" weight="-1" />
      <link:loc xlink:type="locator" xlink:href="urt-20141231.xsd#urt_IncreaseDecreaseInTenantReceivables" xlink:label="loc_urtIncreaseDecreaseInTenantReceivables" />
      <link:calculationArc order="7" xlink:arcrole="http://www.xbrl.org/2003/arcrole/summation-item" xlink:from="loc_us-gaapNetCashProvidedByUsedInOperatingActivities" xlink:to="loc_urtIncreaseDecreaseInTenantReceivables" xlink:type="arc" weight="-1" />
      <link:loc xlink:type="locator" xlink:href="http://xbrl.fasb.org/us-gaap/2014/elts/us-gaap-2014-01-31.xsd#us-gaap_IncreaseDecreaseInDeferredRevenue" xlink:label="loc_us-gaapIncreaseDecreaseInDeferredRevenue" />
      <link:calculationArc order="8" xlink:arcrole="http://www.xbrl.org/2003/arcrole/summation-item" xlink:from="loc_us-gaapNetCashProvidedByUsedInOperatingActivities" xlink:to="loc_us-gaapIncreaseDecreaseInDeferredRevenue" xlink:type="arc" weight="1" />
      <link:loc xlink:type="locator" xlink:href="http://xbrl.fasb.org/us-gaap/2014/elts/us-gaap-2014-01-31.xsd#us-gaap_IncreaseDecreaseInAccountsPayable" xlink:label="loc_us-gaapIncreaseDecreaseInAccountsPayable" />
      <link:calculationArc order="9" xlink:arcrole="http://www.xbrl.org/2003/arcrole/summation-item" xlink:from="loc_us-gaapNetCashProvidedByUsedInOperatingActivities" xlink:to="loc_us-gaapIncreaseDecreaseInAccountsPayable" xlink:type="arc" weight="1" />
      <link:loc xlink:type="locator" xlink:href="urt-20141231.xsd#urt_IncreaseDecreaseInDueFromToAffiliates" xlink:label="loc_urtIncreaseDecreaseInDueFromToAffiliates" />
      <link:calculationArc order="10" xlink:arcrole="http://www.xbrl.org/2003/arcrole/summation-item" xlink:from="loc_us-gaapNetCashProvidedByUsedInOperatingActivities" xlink:to="loc_urtIncreaseDecreaseInDueFromToAffiliates" xlink:type="arc" weight="-1" />
      <link:loc xlink:type="locator" xlink:href="http://xbrl.fasb.org/us-gaap/2014/elts/us-gaap-2014-01-31.xsd#us-gaap_IncreaseDecreaseInRestrictedCashAndInvestmentsForOperatingActivities" xlink:label="loc_us-gaapIncreaseDecreaseInRestrictedCashAndInvestmentsForOperatingActivities" />
      <link:calculationArc order="11" xlink:arcrole="http://www.xbrl.org/2003/arcrole/summation-item" xlink:from="loc_us-gaapNetCashProvidedByUsedInOperatingActivities" xlink:to="loc_us-gaapIncreaseDecreaseInRestrictedCashAndInvestmentsForOperatingActivities" xlink:type="arc" weight="-1" />
      <link:loc xlink:type="locator" xlink:href="http://xbrl.fasb.org/us-gaap/2014/elts/us-gaap-2014-01-31.xsd#us-gaap_IncreaseDecreaseInPrepaidDeferredExpenseAndOtherAssets" xlink:label="loc_us-gaapIncreaseDecreaseInPrepaidDeferredExpenseAndOtherAssets" />
      <link:calculationArc order="12" xlink:arcrole="http://www.xbrl.org/2003/arcrole/summation-item" xlink:from="loc_us-gaapNetCashProvidedByUsedInOperatingActivities" xlink:to="loc_us-gaapIncreaseDecreaseInPrepaidDeferredExpenseAndOtherAssets" xlink:type="arc" weight="-1" />
      <link:loc xlink:type="locator" xlink:href="http://xbrl.fasb.org/us-gaap/2014/elts/us-gaap-2014-01-31.xsd#us-gaap_NetCashProvidedByUsedInInvestingActivitiesContinuingOperations" xlink:label="loc_us-gaapNetCashProvidedByUsedInInvestingActivitiesContinuingOperations" />
      <link:loc xlink:type="locator" xlink:href="http://xbrl.fasb.org/us-gaap/2014/elts/us-gaap-2014-01-31.xsd#us-gaap_PaymentsToAcquireRealEstateHeldForInvestment" xlink:label="loc_us-gaapPaymentsToAcquireRealEstateHeldForInvestment" />
      <link:calculationArc order="1" xlink:arcrole="http://www.xbrl.org/2003/arcrole/summation-item" xlink:from="loc_us-gaapNetCashProvidedByUsedInInvestingActivitiesContinuingOperations" xlink:to="loc_us-gaapPaymentsToAcquireRealEstateHeldForInvestment" xlink:type="arc" weight="-1" />
      <link:loc xlink:type="locator" xlink:href="http://xbrl.fasb.org/us-gaap/2014/elts/us-gaap-2014-01-31.xsd#us-gaap_PaymentsForCapitalImprovements" xlink:label="loc_us-gaapPaymentsForCapitalImprovements" />
      <link:calculationArc order="2" xlink:arcrole="http://www.xbrl.org/2003/arcrole/summation-item" xlink:from="loc_us-gaapNetCashProvidedByUsedInInvestingActivitiesContinuingOperations" xlink:to="loc_us-gaapPaymentsForCapitalImprovements" xlink:type="arc" weight="-1" />
      <link:loc xlink:type="locator" xlink:href="http://xbrl.fasb.org/us-gaap/2014/elts/us-gaap-2014-01-31.xsd#us-gaap_IncreaseDecreaseInRestrictedCash" xlink:label="loc_us-gaapIncreaseDecreaseInRestrictedCash" />
      <link:calculationArc order="3" xlink:arcrole="http://www.xbrl.org/2003/arcrole/summation-item" xlink:from="loc_us-gaapNetCashProvidedByUsedInInvestingActivitiesContinuingOperations" xlink:to="loc_us-gaapIncreaseDecreaseInRestrictedCash" xlink:type="arc" weight="-1" />
      <link:loc xlink:type="locator" xlink:href="http://xbrl.fasb.org/us-gaap/2014/elts/us-gaap-2014-01-31.xsd#us-gaap_PaymentsForDepositsOnRealEstateAcquisitions" xlink:label="loc_us-gaapPaymentsForDepositsOnRealEstateAcquisitions" />
      <link:calculationArc order="4" xlink:arcrole="http://www.xbrl.org/2003/arcrole/summation-item" xlink:from="loc_us-gaapNetCashProvidedByUsedInInvestingActivitiesContinuingOperations" xlink:to="loc_us-gaapPaymentsForDepositsOnRealEstateAcquisitions" xlink:type="arc" weight="-1" />
      <link:loc xlink:type="locator" xlink:href="http://xbrl.fasb.org/us-gaap/2014/elts/us-gaap-2014-01-31.xsd#us-gaap_NetCashProvidedByUsedInFinancingActivitiesContinuingOperations" xlink:label="loc_us-gaapNetCashProvidedByUsedInFinancingActivitiesContinuingOperations" />
      <link:loc xlink:type="locator" xlink:href="http://xbrl.fasb.org/us-gaap/2014/elts/us-gaap-2014-01-31.xsd#us-gaap_ProceedsFromIssuanceOfCommonStock" xlink:label="loc_us-gaapProceedsFromIssuanceOfCommonStock" />
      <link:calculationArc order="1" xlink:arcrole="http://www.xbrl.org/2003/arcrole/summation-item" xlink:from="loc_us-gaapNetCashProvidedByUsedInFinancingActivitiesContinuingOperations" xlink:to="loc_us-gaapProceedsFromIssuanceOfCommonStock" xlink:type="arc" weight="1" />
      <link:loc xlink:type="locator" xlink:href="http://xbrl.fasb.org/us-gaap/2014/elts/us-gaap-2014-01-31.xsd#us-gaap_PaymentsOfStockIssuanceCosts" xlink:label="loc_us-gaapPaymentsOfStockIssuanceCosts" />
      <link:calculationArc order="2" xlink:arcrole="http://www.xbrl.org/2003/arcrole/summation-item" xlink:from="loc_us-gaapNetCashProvidedByUsedInFinancingActivitiesContinuingOperations" xlink:to="loc_us-gaapPaymentsOfStockIssuanceCosts" xlink:type="arc" weight="-1" />
      <link:loc xlink:type="locator" xlink:href="http://xbrl.fasb.org/us-gaap/2014/elts/us-gaap-2014-01-31.xsd#us-gaap_PaymentsForRepurchaseOfCommonStock" xlink:label="loc_us-gaapPaymentsForRepurchaseOfCommonStock" />
      <link:calculationArc order="3" xlink:arcrole="http://www.xbrl.org/2003/arcrole/summation-item" xlink:from="loc_us-gaapNetCashProvidedByUsedInFinancingActivitiesContinuingOperations" xlink:to="loc_us-gaapPaymentsForRepurchaseOfCommonStock" xlink:type="arc" weight="-1" />
      <link:loc xlink:type="locator" xlink:href="http://xbrl.fasb.org/us-gaap/2014/elts/us-gaap-2014-01-31.xsd#us-gaap_ProceedsFromNotesPayable" xlink:label="loc_us-gaapProceedsFromNotesPayable" />
      <link:calculationArc order="4" xlink:arcrole="http://www.xbrl.org/2003/arcrole/summation-item" xlink:from="loc_us-gaapNetCashProvidedByUsedInFinancingActivitiesContinuingOperations" xlink:to="loc_us-gaapProceedsFromNotesPayable" xlink:type="arc" weight="1" />
      <link:loc xlink:type="locator" xlink:href="http://xbrl.fasb.org/us-gaap/2014/elts/us-gaap-2014-01-31.xsd#us-gaap_RepaymentsOfOtherLongTermDebt" xlink:label="loc_us-gaapRepaymentsOfOtherLongTermDebt" />
      <link:calculationArc order="5" xlink:arcrole="http://www.xbrl.org/2003/arcrole/summation-item" xlink:from="loc_us-gaapNetCashProvidedByUsedInFinancingActivitiesContinuingOperations" xlink:to="loc_us-gaapRepaymentsOfOtherLongTermDebt" xlink:type="arc" weight="-1" />
      <link:loc xlink:type="locator" xlink:href="http://xbrl.fasb.org/us-gaap/2014/elts/us-gaap-2014-01-31.xsd#us-gaap_ProceedsFromIssuanceOfDebt" xlink:label="loc_us-gaapProceedsFromIssuanceOfDebt" />
      <link:calculationArc order="6" xlink:arcrole="http://www.xbrl.org/2003/arcrole/summation-item" xlink:from="loc_us-gaapNetCashProvidedByUsedInFinancingActivitiesContinuingOperations" xlink:to="loc_us-gaapProceedsFromIssuanceOfDebt" xlink:type="arc" weight="1" />
      <link:loc xlink:type="locator" xlink:href="http://xbrl.fasb.org/us-gaap/2014/elts/us-gaap-2014-01-31.xsd#us-gaap_RepaymentsOfDebt" xlink:label="loc_us-gaapRepaymentsOfDebt" />
      <link:calculationArc order="7" xlink:arcrole="http://www.xbrl.org/2003/arcrole/summation-item" xlink:from="loc_us-gaapNetCashProvidedByUsedInFinancingActivitiesContinuingOperations" xlink:to="loc_us-gaapRepaymentsOfDebt" xlink:type="arc" weight="-1" />
      <link:loc xlink:type="locator" xlink:href="http://xbrl.fasb.org/us-gaap/2014/elts/us-gaap-2014-01-31.xsd#us-gaap_ProceedsFromPaymentsForOtherFinancingActivities" xlink:label="loc_us-gaapProceedsFromPaymentsForOtherFinancingActivities" />
      <link:calculationArc order="8" xlink:arcrole="http://www.xbrl.org/2003/arcrole/summation-item" xlink:from="loc_us-gaapNetCashProvidedByUsedInFinancingActivitiesContinuingOperations" xlink:to="loc_us-gaapProceedsFromPaymentsForOtherFinancingActivities" xlink:type="arc" weight="1" />
      <link:loc xlink:type="locator" xlink:href="urt-20141231.xsd#urt_PaymentOfOfferingCosts" xlink:label="loc_urtPaymentOfOfferingCosts" />
      <link:calculationArc order="9" xlink:arcrole="http://www.xbrl.org/2003/arcrole/summation-item" xlink:from="loc_us-gaapNetCashProvidedByUsedInFinancingActivitiesContinuingOperations" xlink:to="loc_urtPaymentOfOfferingCosts" xlink:type="arc" weight="-1" />
      <link:loc xlink:type="locator" xlink:href="http://xbrl.fasb.org/us-gaap/2014/elts/us-gaap-2014-01-31.xsd#us-gaap_ProceedsFromContributionsFromAffiliates" xlink:label="loc_us-gaapProceedsFromContributionsFromAffiliates" />
      <link:calculationArc order="10" xlink:arcrole="http://www.xbrl.org/2003/arcrole/summation-item" xlink:from="loc_us-gaapNetCashProvidedByUsedInFinancingActivitiesContinuingOperations" xlink:to="loc_us-gaapProceedsFromContributionsFromAffiliates" xlink:type="arc" weight="1" />
      <link:loc xlink:type="locator" xlink:href="http://xbrl.fasb.org/us-gaap/2014/elts/us-gaap-2014-01-31.xsd#us-gaap_PaymentsToMinorityShareholders" xlink:label="loc_us-gaapPaymentsToMinorityShareholders" />
      <link:calculationArc order="11" xlink:arcrole="http://www.xbrl.org/2003/arcrole/summation-item" xlink:from="loc_us-gaapNetCashProvidedByUsedInFinancingActivitiesContinuingOperations" xlink:to="loc_us-gaapPaymentsToMinorityShareholders" xlink:type="arc" weight="-1" />
      <link:loc xlink:type="locator" xlink:href="http://xbrl.fasb.org/us-gaap/2014/elts/us-gaap-2014-01-31.xsd#us-gaap_PaymentsOfDividendsCommonStock" xlink:label="loc_us-gaapPaymentsOfDividendsCommonStock" />
      <link:calculationArc order="12" xlink:arcrole="http://www.xbrl.org/2003/arcrole/summation-item" xlink:from="loc_us-gaapNetCashProvidedByUsedInFinancingActivitiesContinuingOperations" xlink:to="loc_us-gaapPaymentsOfDividendsCommonStock" xlink:type="arc" weight="-1" />
      <link:loc xlink:type="locator" xlink:href="http://xbrl.fasb.org/us-gaap/2014/elts/us-gaap-2014-01-31.xsd#us-gaap_RepaymentsOfLongTermCapitalLeaseObligations" xlink:label="loc_us-gaapRepaymentsOfLongTermCapitalLeaseObligations" />
      <link:calculationArc order="13" xlink:arcrole="http://www.xbrl.org/2003/arcrole/summation-item" xlink:from="loc_us-gaapNetCashProvidedByUsedInFinancingActivitiesContinuingOperations" xlink:to="loc_us-gaapRepaymentsOfLongTermCapitalLeaseObligations" xlink:type="arc" weight="-1" />
      <link:loc xlink:type="locator" xlink:href="http://xbrl.fasb.org/us-gaap/2014/elts/us-gaap-2014-01-31.xsd#us-gaap_CashAndCashEquivalentsPeriodIncreaseDecrease" xlink:label="loc_us-gaapCashAndCashEquivalentsPeriodIncreaseDecrease" />
      <link:calculationArc order="1" xlink:arcrole="http://www.xbrl.org/2003/arcrole/summation-item" xlink:from="loc_us-gaapCashAndCashEquivalentsPeriodIncreaseDecrease" xlink:to="loc_us-gaapNetCashProvidedByUsedInOperatingActivities" xlink:type="arc" weight="1" />
      <link:calculationArc order="2" xlink:arcrole="http://www.xbrl.org/2003/arcrole/summation-item" xlink:from="loc_us-gaapCashAndCashEquivalentsPeriodIncreaseDecrease" xlink:to="loc_us-gaapNetCashProvidedByUsedInInvestingActivitiesContinuingOperations" xlink:type="arc" weight="1" />
      <link:calculationArc order="3" xlink:arcrole="http://www.xbrl.org/2003/arcrole/summation-item" xlink:from="loc_us-gaapCashAndCashEquivalentsPeriodIncreaseDecrease" xlink:to="loc_us-gaapNetCashProvidedByUsedInFinancingActivitiesContinuingOperations" xlink:type="arc" weight="1" />
    </link:calculationLink>
    <link:calculationLink xlink:type="extended" xlink:role="http://unitedrealtytrust.com/role/Organization" xlink:title="00000007 - Disclosure - Organization" />
    <link:calculationLink xlink:type="extended" xlink:role="http://unitedrealtytrust.com/role/BasisOfPresentationAndSummaryOfSignificantAccountingPolicies" xlink:title="00000008 - Disclosure - Basis of Presentation and Summary of Significant Accounting Policies" />
    <link:calculationLink xlink:type="extended" xlink:role="http://unitedrealtytrust.com/role/RealEstateInvestments" xlink:title="00000009 - Disclosure - Real Estate Investments" />
    <link:calculationLink xlink:type="extended" xlink:role="http://unitedrealtytrust.com/role/AcquiredLeaseIntangibles" xlink:title="00000010 - Disclosure - Acquired Lease Intangibles" />
    <link:calculationLink xlink:type="extended" xlink:role="http://unitedrealtytrust.com/role/MortgageNoteReceivable" xlink:title="00000011 - Disclosure - Mortgage Note Receivable" />
    <link:calculationLink xlink:type="extended" xlink:role="http://unitedrealtytrust.com/role/TenantLeases" xlink:title="00000012 - Disclosure - Tenant Leases" />
    <link:calculationLink xlink:type="extended" xlink:role="http://unitedrealtytrust.com/role/MortgageNotesPayable" xlink:title="00000013 - Disclosure - Mortgage Notes Payable" />
    <link:calculationLink xlink:type="extended" xlink:role="http://unitedrealtytrust.com/role/Capitalization" xlink:title="00000014 - Disclosure - Capitalization" />
    <link:calculationLink xlink:type="extended" xlink:role="http://unitedrealtytrust.com/role/StockIncentivePlan" xlink:title="00000015 - Disclosure - Stock Incentive Plan" />
    <link:calculationLink xlink:type="extended" xlink:role="http://unitedrealtytrust.com/role/RelatedPartyArrangements" xlink:title="00000016 - Disclosure - Related Party Arrangements" />
    <link:calculationLink xlink:type="extended" xlink:role="http://unitedrealtytrust.com/role/Distributions" xlink:title="00000017 - Disclosure - Distributions" />
    <link:calculationLink xlink:type="extended" xlink:role="http://unitedrealtytrust.com/role/EconomicDependency" xlink:title="00000018 - Disclosure - Economic Dependency" />
    <link:calculationLink xlink:type="extended" xlink:role="http://unitedrealtytrust.com/role/QuarterlyResultsOfOperations" xlink:title="00000019 - Disclosure - Quarterly Results of Operations (Unaudited)" />
    <link:calculationLink xlink:type="extended" xlink:role="http://unitedrealtytrust.com/role/CommitmentsAndContingencies" xlink:title="00000020 - Disclosure - Commitments and Contingencies" />
    <link:calculationLink xlink:type="extended" xlink:role="http://unitedrealtytrust.com/role/SubsequentEvents" xlink:title="00000021 - Disclosure - Subsequent Events" />
    <link:calculationLink xlink:type="extended" xlink:role="http://unitedrealtytrust.com/role/ScheduleIii-realEstateAndAccumulatedDepreciation" xlink:title="00000022 - Disclosure - SCHEDULE III-REAL ESTATE AND ACCUMULATED DEPRECIATION" />
    <link:calculationLink xlink:type="extended" xlink:role="http://unitedrealtytrust.com/role/ScheduleIv-MortgageLoansOnRealEstate" xlink:title="00000023 - Disclosure - SCHEDULE IV - MORTGAGE LOANS ON REAL ESTATE" />
    <link:calculationLink xlink:type="extended" xlink:role="http://unitedrealtytrust.com/role/BasisOfPresentationAndSummaryOfSignificantAccountingPoliciesPolicies" xlink:title="00000024 - Disclosure - Basis of Presentation and Summary of Significant Accounting Policies (Policies)" />
    <link:calculationLink xlink:type="extended" xlink:role="http://unitedrealtytrust.com/role/BasisOfPresentationAndSummaryOfSignificantAccountingPoliciesTables" xlink:title="00000025 - Disclosure - Basis of Presentation and Summary of Significant Accounting Policies (Tables)" />
    <link:calculationLink xlink:type="extended" xlink:role="http://unitedrealtytrust.com/role/RealEstateInvestmentsTables" xlink:title="00000026 - Disclosure - Real Estate Investments (Tables)" />
    <link:calculationLink xlink:type="extended" xlink:role="http://unitedrealtytrust.com/role/AcquiredLeaseIntangiblesTables" xlink:title="00000027 - Disclosure - Acquired Lease Intangibles (Tables)" />
    <link:calculationLink xlink:type="extended" xlink:role="http://unitedrealtytrust.com/role/TenantLeasesTables" xlink:title="00000028 - Disclosure - Tenant Leases (Tables)" />
    <link:calculationLink xlink:type="extended" xlink:role="http://unitedrealtytrust.com/role/MortgageNotesPayableTables" xlink:title="00000029 - Disclosure - Mortgage Notes Payable (Tables)" />
    <link:calculationLink xlink:type="extended" xlink:role="http://unitedrealtytrust.com/role/RelatedPartyArrangementsTables" xlink:title="00000030 - Disclosure - Related Party Arrangements (Tables)" />
    <link:calculationLink xlink:type="extended" xlink:role="http://unitedrealtytrust.com/role/QuarterlyResultsOfOperationsTables" xlink:title="00000031 - Disclosure - Quarterly Results of Operations (Unaudited) (Tables)" />
    <link:calculationLink xlink:type="extended" xlink:role="http://unitedrealtytrust.com/role/ScheduleIii-realEstateAndAccumulatedDepreciationTables" xlink:title="00000032 - Disclosure - SCHEDULE III-REAL ESTATE AND ACCUMULATED DEPRECIATION (Tables)" />
    <link:calculationLink xlink:type="extended" xlink:role="http://unitedrealtytrust.com/role/ScheduleIv-MortgageLoansOnRealEstateTables" xlink:title="00000033 - Disclosure - SCHEDULE IV - MORTGAGE LOANS ON REAL ESTATE (Tables)" />
    <link:calculationLink xlink:type="extended" xlink:role="http://unitedrealtytrust.com/role/OrganizationDetailsNarrative" xlink:title="00000034 - Disclosure - Organization (Details Narrative)" />
    <link:calculationLink xlink:type="extended" xlink:role="http://unitedrealtytrust.com/role/BasisOfPresentationAndSummaryOfSignificantAccountingPoliciesDetailsNarrative" xlink:title="00000035 - Disclosure - Basis of Presentation and Summary of Significant Accounting Policies (Details Narrative)" />
    <link:calculationLink xlink:type="extended" xlink:role="http://unitedrealtytrust.com/role/BasisOfPresentationAndSummaryOfSignificantAccountingPoliciesDetails" xlink:title="00000036 - Disclosure - Basis of Presentation and Summary of Significant Accounting Policies (Details)">
      <link:loc xlink:type="locator" xlink:href="urt-20141231.xsd#urt_DeferredCostsGross" xlink:label="loc_urtDeferredCostsGross" />
      <link:loc xlink:type="locator" xlink:href="http://xbrl.fasb.org/us-gaap/2014/elts/us-gaap-2014-01-31.xsd#us-gaap_DeferredCostsLeasingGross" xlink:label="loc_us-gaapDeferredCostsLeasingGross" />
      <link:calculationArc order="1" xlink:arcrole="http://www.xbrl.org/2003/arcrole/summation-item" xlink:from="loc_urtDeferredCostsGross" xlink:to="loc_us-gaapDeferredCostsLeasingGross" xlink:type="arc" weight="1" />
      <link:loc xlink:type="locator" xlink:href="urt-20141231.xsd#urt_DeferredCostsLegalAcquiredLease" xlink:label="loc_urtDeferredCostsLegalAcquiredLease" />
      <link:calculationArc order="2" xlink:arcrole="http://www.xbrl.org/2003/arcrole/summation-item" xlink:from="loc_urtDeferredCostsGross" xlink:to="loc_urtDeferredCostsLegalAcquiredLease" xlink:type="arc" weight="1" />
      <link:loc xlink:type="locator" xlink:href="http://xbrl.fasb.org/us-gaap/2014/elts/us-gaap-2014-01-31.xsd#us-gaap_DeferredFinanceCostsGross" xlink:label="loc_us-gaapDeferredFinanceCostsGross" />
      <link:calculationArc order="3" xlink:arcrole="http://www.xbrl.org/2003/arcrole/summation-item" xlink:from="loc_urtDeferredCostsGross" xlink:to="loc_us-gaapDeferredFinanceCostsGross" xlink:type="arc" weight="1" />
      <link:loc xlink:type="locator" xlink:href="http://xbrl.fasb.org/us-gaap/2014/elts/us-gaap-2014-01-31.xsd#us-gaap_DeferredCostsCurrentAndNoncurrent" xlink:label="loc_us-gaapDeferredCostsCurrentAndNoncurrent" />
      <link:calculationArc order="1" xlink:arcrole="http://www.xbrl.org/2003/arcrole/summation-item" xlink:from="loc_us-gaapDeferredCostsCurrentAndNoncurrent" xlink:to="loc_urtDeferredCostsGross" xlink:type="arc" weight="1" />
      <link:loc xlink:type="locator" xlink:href="urt-20141231.xsd#urt_AccumulatedAmortizationDeferredCosts" xlink:label="loc_urtAccumulatedAmortizationDeferredCosts" />
      <link:calculationArc order="2" xlink:arcrole="http://www.xbrl.org/2003/arcrole/summation-item" xlink:from="loc_us-gaapDeferredCostsCurrentAndNoncurrent" xlink:to="loc_urtAccumulatedAmortizationDeferredCosts" xlink:type="arc" weight="-1" />
    </link:calculationLink>
    <link:calculationLink xlink:type="extended" xlink:role="http://unitedrealtytrust.com/role/BasisOfPresentationAndSummaryOfSignificantAccountingPoliciesDetails1" xlink:title="00000037 - Disclosure - Basis of Presentation and Summary of Significant Accounting Policies (Details 1)">
      <link:loc xlink:type="locator" xlink:href="urt-20141231.xsd#urt_UnamortizedLeaseOriginationAndFinancingCosts" xlink:label="loc_urtUnamortizedLeaseOriginationAndFinancingCosts" />
      <link:loc xlink:type="locator" xlink:href="urt-20141231.xsd#urt_UnamortizedLeaseOriginationAndFinancingCostsNextTwelveMonths" xlink:label="loc_urtUnamortizedLeaseOriginationAndFinancingCostsNextTwelveMonths" />
      <link:calculationArc order="1" xlink:arcrole="http://www.xbrl.org/2003/arcrole/summation-item" xlink:from="loc_urtUnamortizedLeaseOriginationAndFinancingCosts" xlink:to="loc_urtUnamortizedLeaseOriginationAndFinancingCostsNextTwelveMonths" xlink:type="arc" weight="1" />
      <link:loc xlink:type="locator" xlink:href="urt-20141231.xsd#urt_UnamortizedLeaseOriginationAndFinancingCostsYearTwo" xlink:label="loc_urtUnamortizedLeaseOriginationAndFinancingCostsYearTwo" />
      <link:calculationArc order="2" xlink:arcrole="http://www.xbrl.org/2003/arcrole/summation-item" xlink:from="loc_urtUnamortizedLeaseOriginationAndFinancingCosts" xlink:to="loc_urtUnamortizedLeaseOriginationAndFinancingCostsYearTwo" xlink:type="arc" weight="1" />
      <link:loc xlink:type="locator" xlink:href="urt-20141231.xsd#urt_UnamortizedLeaseOriginationAndFinancingCostsYearThree" xlink:label="loc_urtUnamortizedLeaseOriginationAndFinancingCostsYearThree" />
      <link:calculationArc order="3" xlink:arcrole="http://www.xbrl.org/2003/arcrole/summation-item" xlink:from="loc_urtUnamortizedLeaseOriginationAndFinancingCosts" xlink:to="loc_urtUnamortizedLeaseOriginationAndFinancingCostsYearThree" xlink:type="arc" weight="1" />
      <link:loc xlink:type="locator" xlink:href="urt-20141231.xsd#urt_UnamortizedLeaseOriginationAndFinancingCostsYearFour" xlink:label="loc_urtUnamortizedLeaseOriginationAndFinancingCostsYearFour" />
      <link:calculationArc order="4" xlink:arcrole="http://www.xbrl.org/2003/arcrole/summation-item" xlink:from="loc_urtUnamortizedLeaseOriginationAndFinancingCosts" xlink:to="loc_urtUnamortizedLeaseOriginationAndFinancingCostsYearFour" xlink:type="arc" weight="1" />
      <link:loc xlink:type="locator" xlink:href="urt-20141231.xsd#urt_UnamortizedLeaseOriginationAndFinancingCostsYearFive" xlink:label="loc_urtUnamortizedLeaseOriginationAndFinancingCostsYearFive" />
      <link:calculationArc order="5" xlink:arcrole="http://www.xbrl.org/2003/arcrole/summation-item" xlink:from="loc_urtUnamortizedLeaseOriginationAndFinancingCosts" xlink:to="loc_urtUnamortizedLeaseOriginationAndFinancingCostsYearFive" xlink:type="arc" weight="1" />
      <link:loc xlink:type="locator" xlink:href="urt-20141231.xsd#urt_UnamortizedLeaseOriginationAndFinancingCostsAfterYearFive" xlink:label="loc_urtUnamortizedLeaseOriginationAndFinancingCostsAfterYearFive" />
      <link:calculationArc order="6" xlink:arcrole="http://www.xbrl.org/2003/arcrole/summation-item" xlink:from="loc_urtUnamortizedLeaseOriginationAndFinancingCosts" xlink:to="loc_urtUnamortizedLeaseOriginationAndFinancingCostsAfterYearFive" xlink:type="arc" weight="1" />
    </link:calculationLink>
    <link:calculationLink xlink:type="extended" xlink:role="http://unitedrealtytrust.com/role/RealEstateInvestmentsDetailsNarrative" xlink:title="00000038 - Disclosure - Real Estate Investments (Details Narrative)" />
    <link:calculationLink xlink:type="extended" xlink:role="http://unitedrealtytrust.com/role/RealEstateInvestmentsDetailsNarrative1" xlink:title="00000039 - Disclosure - Real Estate Investments (Details Narrative 1)" />
    <link:calculationLink xlink:type="extended" xlink:role="http://unitedrealtytrust.com/role/RealEstateInvestmentsDetails" xlink:title="00000040 - Disclosure - Real Estate Investments (Details)" />
    <link:calculationLink xlink:type="extended" xlink:role="http://unitedrealtytrust.com/role/RealEstateInvestmentsDetails1" xlink:title="00000041 - Disclosure - Real Estate Investments (Details 1)">
      <link:loc xlink:type="locator" xlink:href="http://xbrl.fasb.org/us-gaap/2014/elts/us-gaap-2014-01-31.xsd#us-gaap_BusinessAcquisitionsProFormaNetIncomeLoss" xlink:label="loc_us-gaapBusinessAcquisitionsProFormaNetIncomeLoss" />
      <link:loc xlink:type="locator" xlink:href="http://xbrl.fasb.org/us-gaap/2014/elts/us-gaap-2014-01-31.xsd#us-gaap_BusinessAcquisitionsProFormaRevenue" xlink:label="loc_us-gaapBusinessAcquisitionsProFormaRevenue" />
      <link:calculationArc order="1" xlink:arcrole="http://www.xbrl.org/2003/arcrole/summation-item" xlink:from="loc_us-gaapBusinessAcquisitionsProFormaNetIncomeLoss" xlink:to="loc_us-gaapBusinessAcquisitionsProFormaRevenue" xlink:type="arc" weight="1" />
      <link:loc xlink:type="locator" xlink:href="urt-20141231.xsd#urt_BusinessAcquisitionsProFormaPropertyOperatingAndOtherExpenses" xlink:label="loc_urtBusinessAcquisitionsProFormaPropertyOperatingAndOtherExpenses" />
      <link:calculationArc order="2" xlink:arcrole="http://www.xbrl.org/2003/arcrole/summation-item" xlink:from="loc_us-gaapBusinessAcquisitionsProFormaNetIncomeLoss" xlink:to="loc_urtBusinessAcquisitionsProFormaPropertyOperatingAndOtherExpenses" xlink:type="arc" weight="-1" />
      <link:loc xlink:type="locator" xlink:href="urt-20141231.xsd#urt_BusinessAcquisitionsProFormaDepreciationAndAmortization" xlink:label="loc_urtBusinessAcquisitionsProFormaDepreciationAndAmortization" />
      <link:calculationArc order="3" xlink:arcrole="http://www.xbrl.org/2003/arcrole/summation-item" xlink:from="loc_us-gaapBusinessAcquisitionsProFormaNetIncomeLoss" xlink:to="loc_urtBusinessAcquisitionsProFormaDepreciationAndAmortization" xlink:type="arc" weight="-1" />
    </link:calculationLink>
    <link:calculationLink xlink:type="extended" xlink:role="http://unitedrealtytrust.com/role/AcquiredLeaseIntangiblesDetailsNarrative" xlink:title="00000042 - Disclosure - Acquired Lease Intangibles (Details Narrative)" />
    <link:calculationLink xlink:type="extended" xlink:role="http://unitedrealtytrust.com/role/AcquiredLeaseIntangiblesDetails" xlink:title="00000043 - Disclosure - Acquired Lease Intangibles (Details)" />
    <link:calculationLink xlink:type="extended" xlink:role="http://unitedrealtytrust.com/role/TenantLeasesDetails" xlink:title="00000044 - Disclosure - Tenant Leases (Details)">
      <link:loc xlink:type="locator" xlink:href="http://xbrl.fasb.org/us-gaap/2014/elts/us-gaap-2014-01-31.xsd#us-gaap_OperatingLeasesFutureMinimumPaymentsReceivable" xlink:label="loc_us-gaapOperatingLeasesFutureMinimumPaymentsReceivable" />
      <link:loc xlink:type="locator" xlink:href="http://xbrl.fasb.org/us-gaap/2014/elts/us-gaap-2014-01-31.xsd#us-gaap_OperatingLeasesFutureMinimumPaymentsReceivableCurrent" xlink:label="loc_us-gaapOperatingLeasesFutureMinimumPaymentsReceivableCurrent" />
      <link:calculationArc order="1" xlink:arcrole="http://www.xbrl.org/2003/arcrole/summation-item" xlink:from="loc_us-gaapOperatingLeasesFutureMinimumPaymentsReceivable" xlink:to="loc_us-gaapOperatingLeasesFutureMinimumPaymentsReceivableCurrent" xlink:type="arc" weight="1" />
      <link:loc xlink:type="locator" xlink:href="http://xbrl.fasb.org/us-gaap/2014/elts/us-gaap-2014-01-31.xsd#us-gaap_OperatingLeasesFutureMinimumPaymentsReceivableInTwoYears" xlink:label="loc_us-gaapOperatingLeasesFutureMinimumPaymentsReceivableInTwoYears" />
      <link:calculationArc order="2" xlink:arcrole="http://www.xbrl.org/2003/arcrole/summation-item" xlink:from="loc_us-gaapOperatingLeasesFutureMinimumPaymentsReceivable" xlink:to="loc_us-gaapOperatingLeasesFutureMinimumPaymentsReceivableInTwoYears" xlink:type="arc" weight="1" />
      <link:loc xlink:type="locator" xlink:href="http://xbrl.fasb.org/us-gaap/2014/elts/us-gaap-2014-01-31.xsd#us-gaap_OperatingLeasesFutureMinimumPaymentsReceivableInThreeYears" xlink:label="loc_us-gaapOperatingLeasesFutureMinimumPaymentsReceivableInThreeYears" />
      <link:calculationArc order="3" xlink:arcrole="http://www.xbrl.org/2003/arcrole/summation-item" xlink:from="loc_us-gaapOperatingLeasesFutureMinimumPaymentsReceivable" xlink:to="loc_us-gaapOperatingLeasesFutureMinimumPaymentsReceivableInThreeYears" xlink:type="arc" weight="1" />
      <link:loc xlink:type="locator" xlink:href="http://xbrl.fasb.org/us-gaap/2014/elts/us-gaap-2014-01-31.xsd#us-gaap_OperatingLeasesFutureMinimumPaymentsReceivableInFourYears" xlink:label="loc_us-gaapOperatingLeasesFutureMinimumPaymentsReceivableInFourYears" />
      <link:calculationArc order="4" xlink:arcrole="http://www.xbrl.org/2003/arcrole/summation-item" xlink:from="loc_us-gaapOperatingLeasesFutureMinimumPaymentsReceivable" xlink:to="loc_us-gaapOperatingLeasesFutureMinimumPaymentsReceivableInFourYears" xlink:type="arc" weight="1" />
      <link:loc xlink:type="locator" xlink:href="http://xbrl.fasb.org/us-gaap/2014/elts/us-gaap-2014-01-31.xsd#us-gaap_OperatingLeasesFutureMinimumPaymentsReceivableInFiveYears" xlink:label="loc_us-gaapOperatingLeasesFutureMinimumPaymentsReceivableInFiveYears" />
      <link:calculationArc order="5" xlink:arcrole="http://www.xbrl.org/2003/arcrole/summation-item" xlink:from="loc_us-gaapOperatingLeasesFutureMinimumPaymentsReceivable" xlink:to="loc_us-gaapOperatingLeasesFutureMinimumPaymentsReceivableInFiveYears" xlink:type="arc" weight="1" />
      <link:loc xlink:type="locator" xlink:href="http://xbrl.fasb.org/us-gaap/2014/elts/us-gaap-2014-01-31.xsd#us-gaap_OperatingLeasesFutureMinimumPaymentsReceivableThereafter" xlink:label="loc_us-gaapOperatingLeasesFutureMinimumPaymentsReceivableThereafter" />
      <link:calculationArc order="6" xlink:arcrole="http://www.xbrl.org/2003/arcrole/summation-item" xlink:from="loc_us-gaapOperatingLeasesFutureMinimumPaymentsReceivable" xlink:to="loc_us-gaapOperatingLeasesFutureMinimumPaymentsReceivableThereafter" xlink:type="arc" weight="1" />
    </link:calculationLink>
    <link:calculationLink xlink:type="extended" xlink:role="http://unitedrealtytrust.com/role/MortgageNoteReceivableDetailsNarrative" xlink:title="00000045 - Disclosure - Mortgage Note Receivable (Details Narrative)" />
    <link:calculationLink xlink:type="extended" xlink:role="http://unitedrealtytrust.com/role/MortgageNotesPayableDetailsNarrative" xlink:title="00000046 - Disclosure - Mortgage Notes Payable (Details Narrative)" />
    <link:calculationLink xlink:type="extended" xlink:role="http://unitedrealtytrust.com/role/MortgageNotesPayableDetails" xlink:title="00000047 - Disclosure - Mortgage Notes Payable (Details)">
      <link:loc xlink:type="locator" xlink:href="urt-20141231.xsd#urt_LongTermDebtMaturitiesRepaymentsOfPrincipalTotal" xlink:label="loc_urtLongTermDebtMaturitiesRepaymentsOfPrincipalTotal" />
      <link:loc xlink:type="locator" xlink:href="http://xbrl.fasb.org/us-gaap/2014/elts/us-gaap-2014-01-31.xsd#us-gaap_LongTermDebtMaturitiesRepaymentsOfPrincipalInNextTwelveMonths" xlink:label="loc_us-gaapLongTermDebtMaturitiesRepaymentsOfPrincipalInNextTwelveMonths" />
      <link:calculationArc order="1" xlink:arcrole="http://www.xbrl.org/2003/arcrole/summation-item" xlink:from="loc_urtLongTermDebtMaturitiesRepaymentsOfPrincipalTotal" xlink:to="loc_us-gaapLongTermDebtMaturitiesRepaymentsOfPrincipalInNextTwelveMonths" xlink:type="arc" weight="1" />
      <link:loc xlink:type="locator" xlink:href="http://xbrl.fasb.org/us-gaap/2014/elts/us-gaap-2014-01-31.xsd#us-gaap_LongTermDebtMaturitiesRepaymentsOfPrincipalInYearTwo" xlink:label="loc_us-gaapLongTermDebtMaturitiesRepaymentsOfPrincipalInYearTwo" />
      <link:calculationArc order="2" xlink:arcrole="http://www.xbrl.org/2003/arcrole/summation-item" xlink:from="loc_urtLongTermDebtMaturitiesRepaymentsOfPrincipalTotal" xlink:to="loc_us-gaapLongTermDebtMaturitiesRepaymentsOfPrincipalInYearTwo" xlink:type="arc" weight="1" />
      <link:loc xlink:type="locator" xlink:href="http://xbrl.fasb.org/us-gaap/2014/elts/us-gaap-2014-01-31.xsd#us-gaap_LongTermDebtMaturitiesRepaymentsOfPrincipalInYearThree" xlink:label="loc_us-gaapLongTermDebtMaturitiesRepaymentsOfPrincipalInYearThree" />
      <link:calculationArc order="3" xlink:arcrole="http://www.xbrl.org/2003/arcrole/summation-item" xlink:from="loc_urtLongTermDebtMaturitiesRepaymentsOfPrincipalTotal" xlink:to="loc_us-gaapLongTermDebtMaturitiesRepaymentsOfPrincipalInYearThree" xlink:type="arc" weight="1" />
      <link:loc xlink:type="locator" xlink:href="http://xbrl.fasb.org/us-gaap/2014/elts/us-gaap-2014-01-31.xsd#us-gaap_LongTermDebtMaturitiesRepaymentsOfPrincipalInYearFour" xlink:label="loc_us-gaapLongTermDebtMaturitiesRepaymentsOfPrincipalInYearFour" />
      <link:calculationArc order="4" xlink:arcrole="http://www.xbrl.org/2003/arcrole/summation-item" xlink:from="loc_urtLongTermDebtMaturitiesRepaymentsOfPrincipalTotal" xlink:to="loc_us-gaapLongTermDebtMaturitiesRepaymentsOfPrincipalInYearFour" xlink:type="arc" weight="1" />
      <link:loc xlink:type="locator" xlink:href="http://xbrl.fasb.org/us-gaap/2014/elts/us-gaap-2014-01-31.xsd#us-gaap_LongTermDebtMaturitiesRepaymentsOfPrincipalInYearFive" xlink:label="loc_us-gaapLongTermDebtMaturitiesRepaymentsOfPrincipalInYearFive" />
      <link:calculationArc order="5" xlink:arcrole="http://www.xbrl.org/2003/arcrole/summation-item" xlink:from="loc_urtLongTermDebtMaturitiesRepaymentsOfPrincipalTotal" xlink:to="loc_us-gaapLongTermDebtMaturitiesRepaymentsOfPrincipalInYearFive" xlink:type="arc" weight="1" />
      <link:loc xlink:type="locator" xlink:href="http://xbrl.fasb.org/us-gaap/2014/elts/us-gaap-2014-01-31.xsd#us-gaap_LongTermDebtMaturitiesRepaymentsOfPrincipalAfterYearFive" xlink:label="loc_us-gaapLongTermDebtMaturitiesRepaymentsOfPrincipalAfterYearFive" />
      <link:calculationArc order="6" xlink:arcrole="http://www.xbrl.org/2003/arcrole/summation-item" xlink:from="loc_urtLongTermDebtMaturitiesRepaymentsOfPrincipalTotal" xlink:to="loc_us-gaapLongTermDebtMaturitiesRepaymentsOfPrincipalAfterYearFive" xlink:type="arc" weight="1" />
      <link:loc xlink:type="locator" xlink:href="urt-20141231.xsd#urt_AmortizationOfMortgageNotesPayable" xlink:label="loc_urtAmortizationOfMortgageNotesPayable" />
      <link:loc xlink:type="locator" xlink:href="urt-20141231.xsd#urt_LongTermDebtMaturitiesAmortizationOfPrincipalInNextTwelveMonths" xlink:label="loc_urtLongTermDebtMaturitiesAmortizationOfPrincipalInNextTwelveMonths" />
      <link:calculationArc order="1" xlink:arcrole="http://www.xbrl.org/2003/arcrole/summation-item" xlink:from="loc_urtAmortizationOfMortgageNotesPayable" xlink:to="loc_urtLongTermDebtMaturitiesAmortizationOfPrincipalInNextTwelveMonths" xlink:type="arc" weight="1" />
      <link:loc xlink:type="locator" xlink:href="urt-20141231.xsd#urt_LongTermDebtMaturitiesAmortizationOfPrincipalYearTwo" xlink:label="loc_urtLongTermDebtMaturitiesAmortizationOfPrincipalYearTwo" />
      <link:calculationArc order="2" xlink:arcrole="http://www.xbrl.org/2003/arcrole/summation-item" xlink:from="loc_urtAmortizationOfMortgageNotesPayable" xlink:to="loc_urtLongTermDebtMaturitiesAmortizationOfPrincipalYearTwo" xlink:type="arc" weight="1" />
      <link:loc xlink:type="locator" xlink:href="urt-20141231.xsd#urt_LongTermDebtMaturitiesAmortizationOfPrincipalYearThree" xlink:label="loc_urtLongTermDebtMaturitiesAmortizationOfPrincipalYearThree" />
      <link:calculationArc order="3" xlink:arcrole="http://www.xbrl.org/2003/arcrole/summation-item" xlink:from="loc_urtAmortizationOfMortgageNotesPayable" xlink:to="loc_urtLongTermDebtMaturitiesAmortizationOfPrincipalYearThree" xlink:type="arc" weight="1" />
      <link:loc xlink:type="locator" xlink:href="urt-20141231.xsd#urt_LongTermDebtMaturitiesAmortizationOfPrincipalYearFour" xlink:label="loc_urtLongTermDebtMaturitiesAmortizationOfPrincipalYearFour" />
      <link:calculationArc order="4" xlink:arcrole="http://www.xbrl.org/2003/arcrole/summation-item" xlink:from="loc_urtAmortizationOfMortgageNotesPayable" xlink:to="loc_urtLongTermDebtMaturitiesAmortizationOfPrincipalYearFour" xlink:type="arc" weight="1" />
      <link:loc xlink:type="locator" xlink:href="urt-20141231.xsd#urt_LongTermDebtMaturitiesAmortizationOfPrincipalYearFive" xlink:label="loc_urtLongTermDebtMaturitiesAmortizationOfPrincipalYearFive" />
      <link:calculationArc order="5" xlink:arcrole="http://www.xbrl.org/2003/arcrole/summation-item" xlink:from="loc_urtAmortizationOfMortgageNotesPayable" xlink:to="loc_urtLongTermDebtMaturitiesAmortizationOfPrincipalYearFive" xlink:type="arc" weight="1" />
      <link:loc xlink:type="locator" xlink:href="urt-20141231.xsd#urt_LongTermDebtMaturitiesAmortizationOfPrincipalYearAfterFive" xlink:label="loc_urtLongTermDebtMaturitiesAmortizationOfPrincipalYearAfterFive" />
      <link:calculationArc order="6" xlink:arcrole="http://www.xbrl.org/2003/arcrole/summation-item" xlink:from="loc_urtAmortizationOfMortgageNotesPayable" xlink:to="loc_urtLongTermDebtMaturitiesAmortizationOfPrincipalYearAfterFive" xlink:type="arc" weight="1" />
      <link:loc xlink:type="locator" xlink:href="http://xbrl.fasb.org/us-gaap/2014/elts/us-gaap-2014-01-31.xsd#us-gaap_LongTermDebt" xlink:label="loc_us-gaapLongTermDebt" />
      <link:loc xlink:type="locator" xlink:href="urt-20141231.xsd#urt_LongTermDebtMaturitiesRepaymentsOfPrincipalAndScheduledAmortizationInNextTwelveMonths" xlink:label="loc_urtLongTermDebtMaturitiesRepaymentsOfPrincipalAndScheduledAmortizationInNextTwelveMonths" />
      <link:calculationArc order="1" xlink:arcrole="http://www.xbrl.org/2003/arcrole/summation-item" xlink:from="loc_us-gaapLongTermDebt" xlink:to="loc_urtLongTermDebtMaturitiesRepaymentsOfPrincipalAndScheduledAmortizationInNextTwelveMonths" xlink:type="arc" weight="1" />
      <link:loc xlink:type="locator" xlink:href="urt-20141231.xsd#urt_LongTermDebtMaturitiesRepaymentsOfPrincipalAndScheduledAmortizationInInYearTwo" xlink:label="loc_urtLongTermDebtMaturitiesRepaymentsOfPrincipalAndScheduledAmortizationInInYearTwo" />
      <link:calculationArc order="2" xlink:arcrole="http://www.xbrl.org/2003/arcrole/summation-item" xlink:from="loc_us-gaapLongTermDebt" xlink:to="loc_urtLongTermDebtMaturitiesRepaymentsOfPrincipalAndScheduledAmortizationInInYearTwo" xlink:type="arc" weight="1" />
      <link:loc xlink:type="locator" xlink:href="urt-20141231.xsd#urt_LongTermDebtMaturitiesRepaymentsOfPrincipalAndScheduledAmortizationInInYearThree" xlink:label="loc_urtLongTermDebtMaturitiesRepaymentsOfPrincipalAndScheduledAmortizationInInYearThree" />
      <link:calculationArc order="3" xlink:arcrole="http://www.xbrl.org/2003/arcrole/summation-item" xlink:from="loc_us-gaapLongTermDebt" xlink:to="loc_urtLongTermDebtMaturitiesRepaymentsOfPrincipalAndScheduledAmortizationInInYearThree" xlink:type="arc" weight="1" />
      <link:loc xlink:type="locator" xlink:href="urt-20141231.xsd#urt_LongTermDebtMaturitiesRepaymentsOfPrincipalAndScheduledAmortizationInInYearFour" xlink:label="loc_urtLongTermDebtMaturitiesRepaymentsOfPrincipalAndScheduledAmortizationInInYearFour" />
      <link:calculationArc order="4" xlink:arcrole="http://www.xbrl.org/2003/arcrole/summation-item" xlink:from="loc_us-gaapLongTermDebt" xlink:to="loc_urtLongTermDebtMaturitiesRepaymentsOfPrincipalAndScheduledAmortizationInInYearFour" xlink:type="arc" weight="1" />
      <link:loc xlink:type="locator" xlink:href="urt-20141231.xsd#urt_LongTermDebtMaturitiesRepaymentsOfPrincipalAndScheduledAmortizationInInYearFive" xlink:label="loc_urtLongTermDebtMaturitiesRepaymentsOfPrincipalAndScheduledAmortizationInInYearFive" />
      <link:calculationArc order="5" xlink:arcrole="http://www.xbrl.org/2003/arcrole/summation-item" xlink:from="loc_us-gaapLongTermDebt" xlink:to="loc_urtLongTermDebtMaturitiesRepaymentsOfPrincipalAndScheduledAmortizationInInYearFive" xlink:type="arc" weight="1" />
      <link:loc xlink:type="locator" xlink:href="urt-20141231.xsd#urt_LongTermDebtMaturitiesRepaymentsOfPrincipalAndScheduledAmortizationAfterYearFive" xlink:label="loc_urtLongTermDebtMaturitiesRepaymentsOfPrincipalAndScheduledAmortizationAfterYearFive" />
      <link:calculationArc order="6" xlink:arcrole="http://www.xbrl.org/2003/arcrole/summation-item" xlink:from="loc_us-gaapLongTermDebt" xlink:to="loc_urtLongTermDebtMaturitiesRepaymentsOfPrincipalAndScheduledAmortizationAfterYearFive" xlink:type="arc" weight="1" />
    </link:calculationLink>
    <link:calculationLink xlink:type="extended" xlink:role="http://unitedrealtytrust.com/role/CapitalizationDetailsNarrative" xlink:title="00000048 - Disclosure - Capitalization (Details Narrative)" />
    <link:calculationLink xlink:type="extended" xlink:role="http://unitedrealtytrust.com/role/StockIncentivePlanDetailsNarrative" xlink:title="00000049 - Disclosure - Stock Incentive Plan (Details Narrative)" />
    <link:calculationLink xlink:type="extended" xlink:role="http://unitedrealtytrust.com/role/RelatedPartyArrangementsDetails" xlink:title="00000050 - Disclosure - Related Party Arrangements (Details)" />
    <link:calculationLink xlink:type="extended" xlink:role="http://unitedrealtytrust.com/role/RelatedPartyArrangementsDetailsNarrative" xlink:title="00000051 - Disclosure - Related Party Arrangements (Details Narrative)" />
    <link:calculationLink xlink:type="extended" xlink:role="http://unitedrealtytrust.com/role/DistributionsDetailsNarrative" xlink:title="00000052 - Disclosure - Distributions (Details Narrative)" />
    <link:calculationLink xlink:type="extended" xlink:role="http://unitedrealtytrust.com/role/QuarterlyResultsOfOperationsDetails" xlink:title="00000053 - Disclosure - Quarterly Results of Operations (Unaudited) (Details)" />
    <link:calculationLink xlink:type="extended" xlink:role="http://unitedrealtytrust.com/role/SubsequentEventsDetailsNarrative" xlink:title="00000054 - Disclosure - Subsequent Events (Details Narrative)" />
    <link:calculationLink xlink:type="extended" xlink:role="http://unitedrealtytrust.com/role/ScheduleIii-realEstateAndAccumulatedDepreciationDetailsNarrative" xlink:title="00000055 - Disclosure - SCHEDULE III-REAL ESTATE AND ACCUMULATED DEPRECIATION (Details Narrative)" />
    <link:calculationLink xlink:type="extended" xlink:role="http://unitedrealtytrust.com/role/ScheduleIii-realEstateAndAccumulatedDepreciationDetails" xlink:title="00000056 - Disclosure - SCHEDULE III-REAL ESTATE AND ACCUMULATED DEPRECIATION (Details)" />
    <link:calculationLink xlink:type="extended" xlink:role="http://unitedrealtytrust.com/role/ScheduleIii-realEstateAndAccumulatedDepreciationDetails1" xlink:title="00000057 - Disclosure - SCHEDULE III-REAL ESTATE AND ACCUMULATED DEPRECIATION (Details 1)" />
    <link:calculationLink xlink:type="extended" xlink:role="http://unitedrealtytrust.com/role/ScheduleIii-realEstateAndAccumulatedDepreciationDetails2" xlink:title="00000058 - Disclosure - SCHEDULE III-REAL ESTATE AND ACCUMULATED DEPRECIATION (Details 2)" />
    <link:calculationLink xlink:type="extended" xlink:role="http://unitedrealtytrust.com/role/ScheduleIv-MortgageLoansOnRealEstateDetails" xlink:title="00000059 - Disclosure - SCHEDULE IV - MORTGAGE LOANS ON REAL ESTATE (Details)" />
    <link:calculationLink xlink:type="extended" xlink:role="http://unitedrealtytrust.com/role/ScheduleIv-MortgageLoansOnRealEstateDetails1" xlink:title="00000060 - Disclosure - SCHEDULE IV - MORTGAGE LOANS ON REAL ESTATE (Details 1)" />
</link:linkbase>
